First Name,Last Name,Business Name,Phone,Email,Website,Tags,Source,Category,Industry Description,Location,Notes
,,9240 Corbould Village,+16043000333,,,"CBRB, 1app target, Accommodation Services",https://www.thecbrb.ca/directory/accommodation-services/best-businesses-in-canada-9240-corbould-village,Accommodation Services,"Apartment Rentals Chilliwack, B ritish Columbia",,Public CBRB directory listing. Verify before outreach; no email/contact person listed.
,,North Star Management Inc,+19055322520,,,"CBRB, 1app target, Accommodation Services",https://www.thecbrb.ca/directory/accommodation-services/cbrb-best-businesses-in-canada-north-star-management-inc,Accommodation Services,,"Condominium Management Services Oakville, Ontario",Public CBRB directory listing. Verify before outreach; no email/contact person listed.
,,Cosmos Properties & Developments,+19024575375,,,"CBRB, 1app target, Accommodation Services",https://www.thecbrb.ca/directory/accommodation-services/cbrb-best-businesses-in-canada-2024-cosmos-properties-developments,Accommodation Services,,"Condominium Rental Agency Halifax, Nova Scotia",Public CBRB directory listing. Verify before outreach; no email/contact person listed.
,,Peace Property Management Company LTD (Tranquility Place),+19023146827,,,"CBRB, 1app target, Accommodation Services",https://www.thecbrb.ca/directory/accommodation-services/best-businesses-in-canada-2023-peace-property-management-company-ltd,Accommodation Services,,"Apartment Complex Charlottetown, Prince Edward Island",Public CBRB directory listing. Verify before outreach; no email/contact person listed.
,,Harpreet Parmar Professional Corporation,+14032715100,,,"CBRB, 1app target, Accountants",https://www.thecbrb.ca/directory/accountants/cbrb-best-businesses-in-canada-harpreet-parmar-professional-corporation,Accountants,,"Chartered Professional Accountants Calgary, Alberta",Public CBRB directory listing. Verify before outreach; no email/contact person listed.
,,Island Pacific Accounting and Tax Ltd.,+12508859515,,,"CBRB, 1app target, Accountants",https://www.thecbrb.ca/directory/accountants/cbrb-best-businesses-in-canada-island-pacific-accounting-and-tax-ltd,Accountants,,"Accounting & Tax Services Victoria, British Columbia",Public CBRB directory listing. Verify before outreach; no email/contact person listed.
,,Karen Jakubos Professional Corporation,+17053222440,,,"CBRB, 1app target, Accountants",https://www.thecbrb.ca/directory/accountants/cbrb-best-businesses-in-canada-karen-jakubos-professional-corporation,Accountants,"Accounting Firm in Elmvale, Ontario","Elmvale, Ontario",Public CBRB directory listing. Verify before outreach; no email/contact person listed.
,,MK Bookkeeping Inc.,+14164513811,,,"CBRB, 1app target, Accountants",https://www.thecbrb.ca/directory/accountants/cbrb-best-businesses-in-canada-mk-bookkeeping-inc,Accountants,,"Bookkeeping & Accounting Services Vaughan, Ontario",Public CBRB directory listing. Verify before outreach; no email/contact person listed.
,,Triple J Canada Consulting Inc.,+19055073998,,,"CBRB, 1app target, Accountants",https://www.thecbrb.ca/directory/accountants/cbrb-best-businesses-in-canada-triple-j-canada-consulting-inc,Accountants,,"Accounting & Tax Services Mississauga, Ontario",Public CBRB directory listing. Verify before outreach; no email/contact person listed.
,,Amy Jane Chartered Professional Accountant,+13066911300,,,"CBRB, 1app target, Accountants",https://www.thecbrb.ca/directory/accountants/cbrb-best-businesses-in-canada-2022-amy-jane-cpa,Accountants,,"Accounting firm Moose Jaw, Saskatchewan",Public CBRB directory listing. Verify before outreach; no email/contact person listed.
,,Billah & Associates Inc.,+16472415126,,http://www.bookkeepingbizz.com/,"CBRB, 1app target, Accountants",https://www.thecbrb.ca/directory/accountants/best-businesses-in-canada-2021-billah-associates-inc,Accountants,,"Accounting firm Mississauga, Ontario",Public CBRB directory listing. Verify before outreach; no email/contact person listed.
,,Bookkeeping Sense Inc.,+19059231001,,,"CBRB, 1app target, Accountants",https://www.thecbrb.ca/directory/accountants/cbrb-best-businesses-in-canada-2024-bookkeeping-sense-inc,Accountants,,"Bookkeeping and Accounting Services Hamilton, Ontario",Public CBRB directory listing. Verify before outreach; no email/contact person listed.
,,CRP Accounting Services INC,+14164560607,,,"CBRB, 1app target, Accountants",https://www.thecbrb.ca/directory/accountants/cbrb-best-businesses-in-canada-2023-crp-accounting-services-inc,Accountants,"Accounting,","Book-keeping & Tax Preparation Brampton, Ontario",Public CBRB directory listing. Verify before outreach; no email/contact person listed.
,,"DIAMOND K. ADATIA, Chartered Professional Accountant",+14032915617,,,"CBRB, 1app target, Accountants",https://www.thecbrb.ca/directory/accountants/cbrb-best-businesses-in-canada-2024-diamond-k-adatia-cpa,Accountants,,"Chartered Professional Accountant Calgary, Alberta",Public CBRB directory listing. Verify before outreach; no email/contact person listed.
,,"Fareed Sheik & Co, CPA's",+19058964449,,,"CBRB, 1app target, Accountants",https://www.thecbrb.ca/directory/accountants/cbrb-best-businesses-in-canada-2024-fareed-sheik-co-cpas,Accountants,"Public Accounting, Audit,","Accounting and Taxation Mississauga, Ontario",Public CBRB directory listing. Verify before outreach; no email/contact person listed.
,,Hamdi Accounting Services Ltd.,+17806282836,,,"CBRB, 1app target, Accountants",https://www.thecbrb.ca/directory/accountants/best-businesses-in-canada-2021-hamdi-accounting-services-ltd,Accountants,,"Accounting firm Edmonton, Alberta",Public CBRB directory listing. Verify before outreach; no email/contact person listed.
,,Infinity For Accounting & Management Services LTD,+17806911333,,,"CBRB, 1app target, Accountants",https://www.thecbrb.ca/directory/accountants/cbrb-best-businesses-in-canada-2023-infinity-for-accounting-management,Accountants,,"Accounting Firm Edmonton, Alberta",Public CBRB directory listing. Verify before outreach; no email/contact person listed.
,,Leonard Tam Professional Corporation,+14375006494,,,"CBRB, 1app target, Accountants",https://www.thecbrb.ca/directory/accountants/cbrb-best-businesses-in-canada-2023-leonard-tam-professional-corporation,Accountants,,"Accounting Firm Toronto, Ontario",Public CBRB directory listing. Verify before outreach; no email/contact person listed.
,,Marsers Consulting,+16475290997,,,"CBRB, 1app target, Accountants",https://www.thecbrb.ca/directory/accountants/best-businesses-in-canada-2021-marsers-consulting,Accountants,,"Certified public accountant Mississauga, Ontario",Public CBRB directory listing. Verify before outreach; no email/contact person listed.
,,Neahr Accounting Firm,+19054492543,,,"CBRB, 1app target, Accountants",https://www.thecbrb.ca/directory/accountants/best-businesses-in-canada-2021-neahr-accounting-firm,Accountants,,"Accounting firm Oshawa, Ontario",Public CBRB directory listing. Verify before outreach; no email/contact person listed.
,,Pash Accounting & Tax Services,+17804633513,,,"CBRB, 1app target, Accountants",https://www.thecbrb.ca/directory/accountants/cbrb-best-businesses-in-canada-2023-pash-accounting-tax-services,Accountants,,"Accountant Edmonton, Alberta",Public CBRB directory listing. Verify before outreach; no email/contact person listed.
,,Plugged-IN CPA Accounting and Tax,+15064555397,,,"CBRB, 1app target, Accountants",https://www.thecbrb.ca/directory/accountants/cbrb-best-businesses-in-canada-2024-plugged-in-cpa-accounting-and-tax,Accountants,,"Accounting Firm Fredericton, New Brunswick",Public CBRB directory listing. Verify before outreach; no email/contact person listed.
,,PSB & Associate Accounting & Tax Services,+16479846708,,,"CBRB, 1app target, Accountants",https://www.thecbrb.ca/directory/accountants/best-businesses-in-canada-2022-psb-associate-accounting-tax-services,Accountants,,"Certified Professional Accountant Brampton, Ontario",Public CBRB directory listing. Verify before outreach; no email/contact person listed.
,,Ross Professional Corporation,+14169919799,,,"CBRB, 1app target, Accountants",https://www.thecbrb.ca/directory/accountants/best-businesses-in-canada-2021-ross-professional-corporation,Accountants,,"Accounting firm Toronto, Ontario",Public CBRB directory listing. Verify before outreach; no email/contact person listed.
,,Y&C Accounting Inc,+16043706000,,,"CBRB, 1app target, Accountants",https://www.thecbrb.ca/directory/accountants/best-businesses-in-canada-2021-yc-accounting-威信会计,Accountants,,"Accounting firm Richmond, British Columbia",Public CBRB directory listing. Verify before outreach; no email/contact person listed.
,,Dr. Yu Acupuncture & Pro Hair Clinic,+16043365949,,,"CBRB, 1app target, Acupuncture Clinics",https://www.thecbrb.ca/directory/acupuncture-clinic/cbrb-best-businesses-in-canada-dr-yu-acupuncture-pro-hair-clinic,Acupuncture Clinics,"Acupuncture Clinic Vancouver, BC",,Public CBRB directory listing. Verify before outreach; no email/contact person listed.
,,Full Circle Acupuncture & Wellness,+17097531013,,,"CBRB, 1app target, Acupuncture Clinics",https://www.thecbrb.ca/directory/acupuncture-clinic/cbrb-best-businesses-in-canada-2024-full-circle-acupuncture-wellness,Acupuncture Clinics,"Acupuncture Clinic St. John's, NL",,Public CBRB directory listing. Verify before outreach; no email/contact person listed.
,,Barn Angels Composting,+16479993117,,,"CBRB, 1app target, Agriculture and Farming Services",https://www.thecbrb.ca/directory/agriculture-and-farming-services/cbrb-best-businesses-in-canada-barn-angels-composting,Agriculture and Farming Services,"Animal Composting Services Halton Hills, ON",,Public CBRB directory listing. Verify before outreach; no email/contact person listed.
,,Monaghan Mushrooms Limited,+19058789375,,,"CBRB, 1app target, Agriculture and Farming Services",https://www.thecbrb.ca/directory/agriculture-and-farming-services/cbrb-best-businesses-in-canada-monaghan-mushrooms-limited,Agriculture and Farming Services,Mushroom Producer & Supplier Canada,,Public CBRB directory listing. Verify before outreach; no email/contact person listed.
,,Best Farming Systems,+17804699066,,,"CBRB, 1app target, Agriculture and Farming Services",https://www.thecbrb.ca/directory/agriculture-and-farming-services/best-businesses-in-canada-2021-best-farming-systems,Agriculture and Farming Services,"Agricultural and Farming Products Edmonton, AB",,Public CBRB directory listing. Verify before outreach; no email/contact person listed.
,,Simcoe and District Humane Society,+15194289161,,,"CBRB, 1app target, Animal/Pest Control Services",https://www.thecbrb.ca/directory/animalpest-control-services/cbrb-best-businesses-in-canada-simcoe-and-district-humane-society,Animal/Pest Control Services,"Animal Shelter Simcoe , ON",,Public CBRB directory listing. Verify before outreach; no email/contact person listed.
,,Truly Nolen Pest Control York Region,+12898427208,,,"CBRB, 1app target, Animal/Pest Control Services",https://www.thecbrb.ca/directory/animalpest-control-services/cbrb-best-businesses-in-canada-truly-nolen-pest-control-york-region,Animal/Pest Control Services,"Pest Control Services York Region, ON",,Public CBRB directory listing. Verify before outreach; no email/contact person listed.
,,Abat Extermination,+14186666667,,,"CBRB, 1app target, Animal/Pest Control Services",https://www.thecbrb.ca/directory/animalpest-control-services/best-businesses-in-canada-2021-abat-extermination,Animal/Pest Control Services,"Pest Control Service St-Romuald, QC",,Public CBRB directory listing. Verify before outreach; no email/contact person listed.
,,AS Trappeur,+15145039868,,,"CBRB, 1app target, Animal/Pest Control Services",https://www.thecbrb.ca/directory/animalpest-control-services/best-businesses-in-canada-2022-as-trappeur,Animal/Pest Control Services,Animal Removal Service Montré,"al, Quebec",Public CBRB directory listing. Verify before outreach; no email/contact person listed.
,,B.B.P.P. THE BEST BUG AND PEST PROTECTION INC,+16479106315,,,"CBRB, 1app target, Animal/Pest Control Services",https://www.thecbrb.ca/directory/animalpest-control-services/best-businesses-in-canada-2021-b-b-p-p-the-best-bug-and-pest-protection,Animal/Pest Control Services,"Pest Control Service Vaughan , ON",,Public CBRB directory listing. Verify before outreach; no email/contact person listed.
,,Barrier Pest Control,+16479106315,,,"CBRB, 1app target, Animal/Pest Control Services",https://www.thecbrb.ca/directory/animalpest-control-services/best-businesses-in-canada-2021-barrier-pest-control,Animal/Pest Control Services,"Pest Control Service Concord , ON",,Public CBRB directory listing. Verify before outreach; no email/contact person listed.
,,Gotcha Wildlife Removal Services,+16474617632,,https://www.gotchawildlife.com/,"CBRB, 1app target, Animal/Pest Control Services",https://www.thecbrb.ca/directory/animalpest-control-services/best-businesses-in-canada-2021-gotcha-wildlife-removal-services,Animal/Pest Control Services,"Animal control services Oshawa, ON",,Public CBRB directory listing. Verify before outreach; no email/contact person listed.
,,Knutts Pest and Wildlife Control,+16049973706,,,"CBRB, 1app target, Animal/Pest Control Services",https://www.thecbrb.ca/directory/animalpest-control-services/best-businesses-in-canada-2022-knutts-pest-and-wildlife-control,Animal/Pest Control Services,,"Pest Control Service Chilliwack, British Columbia",Public CBRB directory listing. Verify before outreach; no email/contact person listed.
,,NuTech Pest Services,+15192469783,,,"CBRB, 1app target, Animal/Pest Control Services",https://www.thecbrb.ca/directory/animalpest-control-services/cbrb-best-businesses-in-canada-2023-nutech-pest-services,Animal/Pest Control Services,,"Pest Control Service Alvinston , Ontario",Public CBRB directory listing. Verify before outreach; no email/contact person listed.
,,Pestagon Ltd,+14168222590,,,"CBRB, 1app target, Animal/Pest Control Services",https://www.thecbrb.ca/directory/animalpest-control-services/cbrb-best-businesses-in-canada-2023-pestagon-ltd,Animal/Pest Control Services,,"Pest and Wildlife Control Services Brampton, Ontario",Public CBRB directory listing. Verify before outreach; no email/contact person listed.
,,Pest-RX,+17059577378,,,"CBRB, 1app target, Animal/Pest Control Services",https://www.thecbrb.ca/directory/animalpest-control-services/cbrb-best-businesses-in-canada-2023-pest-rx,Animal/Pest Control Services,,"Pest Control & Exterminator Services Apsley, Ontario",Public CBRB directory listing. Verify before outreach; no email/contact person listed.
,,Raider Wildlife Control,+18444827243,,,"CBRB, 1app target, Animal/Pest Control Services",https://www.thecbrb.ca/directory/animalpest-control-services/best-businesses-in-canada-2021-raider-wildlife-control,Animal/Pest Control Services,,"Pest Control Service Hamilton , Ontario",Public CBRB directory listing. Verify before outreach; no email/contact person listed.
,,Simply Bed Bugs,+16474727793,,,"CBRB, 1app target, Animal/Pest Control Services",https://www.thecbrb.ca/directory/animalpest-control-services/cbrb-best-businesses-in-canada-2024-simply-bed-bugs,Animal/Pest Control Services,"Pest Control & Preparation Services Toronto , ON",,Public CBRB directory listing. Verify before outreach; no email/contact person listed.
,,Architalcan Design Inc.,+16476546898,,,"CBRB, 1app target, Architectural Services",https://www.thecbrb.ca/directory/architectural-services/cbrb-best-businesses-in-canada-architalcan-design-inc,Architectural Services,"Residential - Commercial - Industrial Design and Building Permit Services Toronto, ON",,Public CBRB directory listing. Verify before outreach; no email/contact person listed.
,,DJ Design Einstein Inc.,+16047604858,,,"CBRB, 1app target, Architectural Services",https://www.thecbrb.ca/directory/architectural-services/cbrb-best-businesses-in-canada-dj-design-einstein-inc,Architectural Services,"Architecture & Interior Design Services Langley, BC",,Public CBRB directory listing. Verify before outreach; no email/contact person listed.
,,3DS Technologies Inc,+15197665885,,,"CBRB, 1app target, Architectural Services",https://www.thecbrb.ca/directory/architectural-services/cbrb-best-businesses-in-canada-2023-3ds-technologies-inc,Architectural Services,"3D Laser Scanning and LiDAR Service Provider Guelph, ON",,Public CBRB directory listing. Verify before outreach; no email/contact person listed.
,,Lucid Homes,+14165666588,,,"CBRB, 1app target, Architectural Services",https://www.thecbrb.ca/directory/architectural-services/best-businesses-in-canada-2021-lucid-homes,Architectural Services,"Architecture Firm Oakville , ON",,Public CBRB directory listing. Verify before outreach; no email/contact person listed.
,,J - CAD Inc.,+18882022052,,,"CBRB, 1app target, Architectural Services",https://www.thecbrb.ca/directory/architectural-services/best-businesses-in-canada-2022-j-cad-inc,Architectural Services,"Drafting service Toronto, ON",,Public CBRB directory listing. Verify before outreach; no email/contact person listed.
,,Maggee Gibson Design Inc.,+14167228801,,,"CBRB, 1app target, Architectural Services",https://www.thecbrb.ca/directory/architectural-services/best-businesses-in-canada-2022-maggee-gibson-design-inc,Architectural Services,"Architectural designer Toronto, ON",,Public CBRB directory listing. Verify before outreach; no email/contact person listed.
,,Mc2Design,+14036174908,,,"CBRB, 1app target, Architectural Services",https://www.thecbrb.ca/directory/architectural-services/best-businesses-in-canada-2021-mc2design,Architectural Services,"Drafting service Calgary, AB",,Public CBRB directory listing. Verify before outreach; no email/contact person listed.
,,Pinnacle Decision Design Associates Ltd,+17782330737,,https://pinnacledecision.ca/,"CBRB, 1app target, Architectural Services",https://www.thecbrb.ca/directory/architectural-services/best-businesses-in-canada-2021-pinnacle-decision-design-associates-ltd,Architectural Services,"Architectural Designer Vancouver , BC",,Public CBRB directory listing. Verify before outreach; no email/contact person listed.
,,RADEFF Architect Ltd.,+14164814087,,,"CBRB, 1app target, Architectural Services",https://www.thecbrb.ca/directory/architectural-services/cbrb-best-businesses-in-canada-2023-radeff-architect-ltd,Architectural Services,"Architecture and Interior Design Toronto ,ON",,Public CBRB directory listing. Verify before outreach; no email/contact person listed.
,,Rojas Empire of Design Inc,+16472619708,,,"CBRB, 1app target, Architectural Services",https://www.thecbrb.ca/directory/architectural-services/best-businesses-in-canada-2021-rojas-empire-of-design-inc,Architectural Services,"Architectural designer Mississauga ,ON",,Public CBRB directory listing. Verify before outreach; no email/contact person listed.
,,TAES Architects Inc.,+14168003284,,,"CBRB, 1app target, Architectural Services",https://www.thecbrb.ca/directory/architectural-services/cbrb-best-businesses-in-canada-2024-taes-architects-inc,Architectural Services,"Architectural Practice Toronto ,ON",,Public CBRB directory listing. Verify before outreach; no email/contact person listed.
,,Zanjani Architect Inc.,+14169178285,,,"CBRB, 1app target, Architectural Services",https://www.thecbrb.ca/directory/architectural-services/cbrb-best-businesses-in-canada-2024-zanjani-architect-inc,Architectural Services,"Architect Markham, ON",,Public CBRB directory listing. Verify before outreach; no email/contact person listed.
,,AurisCare Hearing,+15199772299,,,"CBRB, 1app target, Audiologists/Hearing Clinics",https://www.thecbrb.ca/directory/audiologistshearing-clinics/cbrb-best-businesses-in-canada-auriscare-hearing,Audiologists/Hearing Clinics,,"Audiology Clinic Kitchener, Ontario",Public CBRB directory listing. Verify before outreach; no email/contact person listed.
,,Art of Hearing,+19055034545,,,"CBRB, 1app target, Audiologists/Hearing Clinics",https://www.thecbrb.ca/directory/audiologistshearing-clinics/best-businesses-in-canada-2022-art-of-hearing,Audiologists/Hearing Clinics,,"Hearing aid store Aurora, Ontario",Public CBRB directory listing. Verify before outreach; no email/contact person listed.
,,Dunlop Hearing,+13068081889,,,"CBRB, 1app target, Audiologists/Hearing Clinics",https://www.thecbrb.ca/directory/audiologistshearing-clinics/cbrb-best-businesses-in-canada-2024-dunlop-hearing,Audiologists/Hearing Clinics,,"Hearing Care Provider Estevan, Saskatchewan",Public CBRB directory listing. Verify before outreach; no email/contact person listed.
,,Ear Architects Hearing Care,+12044167455,,,"CBRB, 1app target, Audiologists/Hearing Clinics",https://www.thecbrb.ca/directory/audiologistshearing-clinics/best-businesses-in-canada-2022-ear-architects-hearing-care,Audiologists/Hearing Clinics,,"Hearing Aid Store Winnipeg, Manitoba",Public CBRB directory listing. Verify before outreach; no email/contact person listed.
,,Hearing Excellence,+19053335061,,,"CBRB, 1app target, Audiologists/Hearing Clinics",https://www.thecbrb.ca/directory/audiologistshearing-clinics/best-businesses-in-canada-2021-hearing-excellence,Audiologists/Hearing Clinics,"Audiology Clinic Ontario, Canada",,Public CBRB directory listing. Verify before outreach; no email/contact person listed.
,,Hearing Wellness Centre,+18446639433,,,"CBRB, 1app target, Audiologists/Hearing Clinics",https://www.thecbrb.ca/directory/audiologistshearing-clinics/cbrb-best-businesses-in-canada-2024-hearing-wellness-centre,Audiologists/Hearing Clinics,,"Audiology /Hearing Loss Treatment Clinic Tecumseh, Ontario",Public CBRB directory listing. Verify before outreach; no email/contact person listed.
,,Melody Audiology & Hearing Clinic,+17808091349,,,"CBRB, 1app target, Audiologists/Hearing Clinics",https://www.thecbrb.ca/directory/audiologistshearing-clinics/best-businesses-in-canada-2021-melody-audiology-hearing-clinic,Audiologists/Hearing Clinics,,"Audiologist Edmonton, Alberta",Public CBRB directory listing. Verify before outreach; no email/contact person listed.
,,Quantum Hearing Clinic,+16049730214,,,"CBRB, 1app target, Audiologists/Hearing Clinics",https://www.thecbrb.ca/directory/audiologistshearing-clinics/cbrb-best-businesses-in-canada-2023-quantum-hearing-clinic,Audiologists/Hearing Clinics,,"Hearing aid store North Vancouver, British Columbia",Public CBRB directory listing. Verify before outreach; no email/contact person listed.
,,Art In Motion Auto Care LTD,+16479902461,,,"CBRB, 1app target, Auto Body/Repair Shops",https://www.thecbrb.ca/directory/auto-bodyrepair-shop/cbrb-best-businesses-in-canada-art-in-motion-auto-care-ltd,Auto Body/Repair Shops,"Auto Repair Shop Etobicoke ,ON",,Public CBRB directory listing. Verify before outreach; no email/contact person listed.
,,ASC Autobody & Sales,+19055291390,,,"CBRB, 1app target, Auto Body/Repair Shops",https://www.thecbrb.ca/directory/auto-bodyrepair-shop/cbrb-best-businesses-in-canada-asc-autobody-sales,Auto Body/Repair Shops,"Auto Body Shop Hamilton , ON",,Public CBRB directory listing. Verify before outreach; no email/contact person listed.
,,Aurora Auto Collision & Repairs,+19057131235,,,"CBRB, 1app target, Auto Body/Repair Shops",https://www.thecbrb.ca/directory/auto-bodyrepair-shop/cbrb-best-businesses-in-canada-aurora-auto-collision-repairs,Auto Body/Repair Shops,"Auto Body Shop Aurora, ON",,Public CBRB directory listing. Verify before outreach; no email/contact person listed.
,,Breakaway Auto Glass Ltd,+19055775120,,,"CBRB, 1app target, Auto Body/Repair Shops",https://www.thecbrb.ca/directory/auto-bodyrepair-shop/cbrb-best-businesses-in-canada-breakaway-auto-glass-ltd,Auto Body/Repair Shops,"Auto Glass Shop Hamilton, ON",,Public CBRB directory listing. Verify before outreach; no email/contact person listed.
,,Crimson Automotive & Offroad,+15878841003,,,"CBRB, 1app target, Auto Body/Repair Shops",https://www.thecbrb.ca/directory/auto-bodyrepair-shop/cbrb-best-businesses-in-canada-crimson-automotive-offroad,Auto Body/Repair Shops,"Automotive Repair and Offroad Accessories Fort McMurray, AB",,Public CBRB directory listing. Verify before outreach; no email/contact person listed.
,,Force Performance & Repair,+14035987132,,,"CBRB, 1app target, Auto Body/Repair Shops",https://www.thecbrb.ca/directory/auto-bodyrepair-shop/cbrb-best-businesses-in-canada-force-performance-repair,Auto Body/Repair Shops,"Mechanic Eckville, AB",,Public CBRB directory listing. Verify before outreach; no email/contact person listed.
,,Honest Autocenter LTD,+15874357722,,,"CBRB, 1app target, Auto Body/Repair Shops",https://www.thecbrb.ca/directory/auto-bodyrepair-shop/cbrb-best-businesses-in-canada-honest-autocenter-ltd,Auto Body/Repair Shops,"Auto Repair Center Airdrie, AB",,Public CBRB directory listing. Verify before outreach; no email/contact person listed.
,,MacGyver Auto Body & Collision,+19055055858,,,"CBRB, 1app target, Auto Body/Repair Shops",https://www.thecbrb.ca/directory/auto-bodyrepair-shop/cbrb-best-businesses-in-canada-macgyver-auto-body-collision,Auto Body/Repair Shops,"Auto Body Shop Richmond Hill , ON",,Public CBRB directory listing. Verify before outreach; no email/contact person listed.
,,Mechatronic Diagnostics,+14167463456,,,"CBRB, 1app target, Auto Body/Repair Shops",https://www.thecbrb.ca/directory/auto-bodyrepair-shop/cbrb-best-businesses-in-canada-mechatronic-diagnostics,Auto Body/Repair Shops,"Car Repair and Maintenance Toronto, ON",,Public CBRB directory listing. Verify before outreach; no email/contact person listed.
,,Motion Machinery Ltd.,+17804527747,,,"CBRB, 1app target, Auto Body/Repair Shops",https://www.thecbrb.ca/directory/auto-bodyrepair-shop/cbrb-best-businesses-in-canada-motion-machinery-ltd,Auto Body/Repair Shops,"Truck & Heavy Equipment Repair Services Stony Plain, AB",,Public CBRB directory listing. Verify before outreach; no email/contact person listed.
,,Muscle Mouse Auto Spa,+17052592900,,,"CBRB, 1app target, Auto Body/Repair Shops",https://www.thecbrb.ca/directory/auto-bodyrepair-shop/cbrb-best-businesses-in-canada-muscle-mouse-auto-spa,Auto Body/Repair Shops,"Auto Detailing Shop Orillia, ON",,Public CBRB directory listing. Verify before outreach; no email/contact person listed.
,,Pro-Active Automotive Inc,+14032912470,,,"CBRB, 1app target, Auto Body/Repair Shops",https://www.thecbrb.ca/directory/auto-bodyrepair-shop/cbrb-best-businesses-in-canada-pro-active-automotive-inc,Auto Body/Repair Shops,"Automotive Repair and Services Calgary, AB",,Public CBRB directory listing. Verify before outreach; no email/contact person listed.
,,SLM AUTO INC,+15146422828,,,"CBRB, 1app target, Auto Body/Repair Shops",https://www.thecbrb.ca/directory/auto-bodyrepair-shop/cbrb-best-businesses-in-canada-slm-auto-inc,Auto Body/Repair Shops,"Meilleur atelier de carrosserie Montréal, QC",,Public CBRB directory listing. Verify before outreach; no email/contact person listed.
,,SPARTAN COLLISION CENTRE,+19056027299,,,"CBRB, 1app target, Auto Body/Repair Shops",https://www.thecbrb.ca/directory/auto-bodyrepair-shop/cbrb-best-businesses-in-canada-spartan-collision-centre,Auto Body/Repair Shops,"Auto Body Shop Mississauga, ON",,Public CBRB directory listing. Verify before outreach; no email/contact person listed.
,,Sudden Impact Auto Body & Repair Ltd.,+16045072247,,,"CBRB, 1app target, Auto Body/Repair Shops",https://www.thecbrb.ca/directory/auto-bodyrepair-shop/cbrb-best-businesses-in-canada-sudden-impact-auto-body-repair-ltd,Auto Body/Repair Shops,"Auto B ody S hop Surrey, BC",,Public CBRB directory listing. Verify before outreach; no email/contact person listed.
,,Transmission Depot & Full Auto Service,+19057611616,,,"CBRB, 1app target, Auto Body/Repair Shops",https://www.thecbrb.ca/directory/auto-bodyrepair-shop/best-businesses-in-canada-transmission-depot-full-auto-service,Auto Body/Repair Shops,"Auto Repair Shop Vaughan, ON",,Public CBRB directory listing. Verify before outreach; no email/contact person listed.
,,Wraptors Inc,+16476209727,,,"CBRB, 1app target, Auto Body/Repair Shops",https://www.thecbrb.ca/directory/auto-bodyrepair-shop/cbrb-best-businesses-in-canada-wraptors-inc,Auto Body/Repair Shops,"Vehicle Wrapping Service Mississauga, ON",,Public CBRB directory listing. Verify before outreach; no email/contact person listed.
,,2 Brothers Advanced Auto Diagnostics,+15196088691,,,"CBRB, 1app target, Auto Body/Repair Shops",https://www.thecbrb.ca/directory/auto-bodyrepair-shop/best-businesses-in-canada-2022-2-brothers-advanced-auto-diagnostics,Auto Body/Repair Shops,"Automotive Diagnostic and Repair London ,ON",,Public CBRB directory listing. Verify before outreach; no email/contact person listed.
,,2 Clean Inc.,+14036402050,,,"CBRB, 1app target, Auto Body/Repair Shops",https://www.thecbrb.ca/directory/auto-bodyrepair-shop/cbrb-best-businesses-in-canada-2024-2-clean-inc,Auto Body/Repair Shops,"Auto Detailing Calgary, AB",,Public CBRB directory listing. Verify before outreach; no email/contact person listed.
,,4x4 shop Canada,+19056044294,,,"CBRB, 1app target, Auto Body/Repair Shops",https://www.thecbrb.ca/directory/auto-bodyrepair-shop/best-businesses-in-canada-2021-4x4-shop-canada,Auto Body/Repair Shops,"Car Infotainment Markham ,ON",,Public CBRB directory listing. Verify before outreach; no email/contact person listed.
,,A Class Collision,+19054576000,,,"CBRB, 1app target, Auto Body/Repair Shops",https://www.thecbrb.ca/directory/auto-bodyrepair-shop/cbrb-best-businesses-in-canada-a-class-collision,Auto Body/Repair Shops,"Truck Repair Shop Mississauga , ON",,Public CBRB directory listing. Verify before outreach; no email/contact person listed.
,,AFFORDABLE RIMS AND TIRES,+19058028668,,,"CBRB, 1app target, Auto Body/Repair Shops",https://www.thecbrb.ca/directory/auto-bodyrepair-shop/cbrb-best-businesses-in-canada-2024-affordable-rims-and-tires,Auto Body/Repair Shops,"Tire and Rim Shop Hamilton ,ON",,Public CBRB directory listing. Verify before outreach; no email/contact person listed.
,,Amūn Mechanical,+14032142686,,,"CBRB, 1app target, Auto Body/Repair Shops",https://www.thecbrb.ca/directory/auto-bodyrepair-shop/cbrb-best-businesses-in-canada-2024-amūn-mechanical,Auto Body/Repair Shops,"Truck & Fleet Maintenance and Repair Calgary, AB",,Public CBRB directory listing. Verify before outreach; no email/contact person listed.
,,Assurance Collision Repair,+14167801415,,,"CBRB, 1app target, Auto Body/Repair Shops",https://www.thecbrb.ca/directory/auto-bodyrepair-shop/best-businesses-in-canada-2021-assurance-collision-repair,Auto Body/Repair Shops,"Auto body shop Toronto ,ON",,Public CBRB directory listing. Verify before outreach; no email/contact person listed.
,,AVOTTO,+16472361355,,,"CBRB, 1app target, Auto Body/Repair Shops",https://www.thecbrb.ca/directory/auto-bodyrepair-shop/cbrb-best-businesses-in-canada-2024-avotto,Auto Body/Repair Shops,"Ceramic Coating and Paint Protection Film Services Pickering, ON",,Public CBRB directory listing. Verify before outreach; no email/contact person listed.
,,Bob Lawrence Truck & Equipment Services Ltd,+12508072960,,,"CBRB, 1app target, Auto Body/Repair Shops",https://www.thecbrb.ca/directory/auto-bodyrepair-shop/cbrb-best-businesses-in-canada-2022-bob-lawrence-truck-equipment,Auto Body/Repair Shops,"Commercial Vehicle & Equipment Repair Kelowna, BC",,Public CBRB directory listing. Verify before outreach; no email/contact person listed.
,,Car Doc,+16475017625,,,"CBRB, 1app target, Auto Body/Repair Shops",https://www.thecbrb.ca/directory/auto-bodyrepair-shop/cbrb-best-businesses-in-canada-2024-car-doc,Auto Body/Repair Shops,"Auto Repair Service Pickering , ON",,Public CBRB directory listing. Verify before outreach; no email/contact person listed.
,,CarrXpert Vision Plus,+14505651038,,,"CBRB, 1app target, Auto Body/Repair Shops",https://www.thecbrb.ca/directory/auto-bodyrepair-shop/cbrb-best-businesses-in-canada-carrxpert-vision-plus,Auto Body/Repair Shops,"Auto Repair Shop Sainte-Sophie, QC",,Public CBRB directory listing. Verify before outreach; no email/contact person listed.
,,Clarence's Service Centre Ltd,+19058923652,,,"CBRB, 1app target, Auto Body/Repair Shops",https://www.thecbrb.ca/directory/auto-bodyrepair-shop/cbrb-best-businesses-in-canada-2024-clarences-service-centre-ltd,Auto Body/Repair Shops,"Automotive Repair Shop Pelham, ON",,Public CBRB directory listing. Verify before outreach; no email/contact person listed.
,,Courtney Automotive & Exchange Service Ltd,+14032284265,,,"CBRB, 1app target, Auto Body/Repair Shops",https://www.thecbrb.ca/directory/auto-bodyrepair-shop/best-businesses-in-canada-2024-courtney-automotive-exchange-service-ltd,Auto Body/Repair Shops,"Auto repair shop Calgary, AB",,Public CBRB directory listing. Verify before outreach; no email/contact person listed.
,,CSN Bongard Collision,+19054278787,,,"CBRB, 1app target, Auto Body/Repair Shops",https://www.thecbrb.ca/directory/auto-bodyrepair-shop/best-businesses-in-canada-2022-csn-bongard-collision,Auto Body/Repair Shops,"Auto repair shop Ajax, ON",,Public CBRB directory listing. Verify before outreach; no email/contact person listed.
,,D'Babs AutoWorks,+14032669313,,,"CBRB, 1app target, Auto Body/Repair Shops",https://www.thecbrb.ca/directory/auto-bodyrepair-shop/cbrb-best-businesses-in-canada-2023-dbabs-autoworks,Auto Body/Repair Shops,"Auto Repair Shop Calgary, AB",,Public CBRB directory listing. Verify before outreach; no email/contact person listed.
,,Express Lube & Tire,+15878944100,,,"CBRB, 1app target, Auto Body/Repair Shops",https://www.thecbrb.ca/directory/auto-bodyrepair-shop/best-businesses-in-canada-2021-express-lube-tire,Auto Body/Repair Shops,"Oil change service Calgary, AB",,Public CBRB directory listing. Verify before outreach; no email/contact person listed.
,,Extreme Garage,+19057607676,,,"CBRB, 1app target, Auto Body/Repair Shops",https://www.thecbrb.ca/directory/auto-bodyrepair-shop/cbrb-best-businesses-in-canada-2022-extreme-garage,Auto Body/Repair Shops,"Auto Repair Shop Vaughan, ON",,Public CBRB directory listing. Verify before outreach; no email/contact person listed.
,,FIX AUTO,+19052273311,,,"CBRB, 1app target, Auto Body/Repair Shops",https://www.thecbrb.ca/directory/auto-bodyrepair-shop/best-businesses-in-canada-2021-fix-auto,Auto Body/Repair Shops,"Auto body shop St. Catharines, ON",,Public CBRB directory listing. Verify before outreach; no email/contact person listed.
,,Galib's Auto Repair Shop,+16049866777,,,"CBRB, 1app target, Auto Body/Repair Shops",https://www.thecbrb.ca/directory/auto-bodyrepair-shop/best-businesses-in-canada-2021-galibs-auto-repair-shop,Auto Body/Repair Shops,"Car repair and maintenance Vancouver, BC",,Public CBRB directory listing. Verify before outreach; no email/contact person listed.
,,Garage16,+19056128089,,,"CBRB, 1app target, Auto Body/Repair Shops",https://www.thecbrb.ca/directory/auto-bodyrepair-shop/best-businesses-in-canada-2022-garage16,Auto Body/Repair Shops,"Auto parts store Mississauga, ON",,Public CBRB directory listing. Verify before outreach; no email/contact person listed.
,,Global Hybrid Batteries,+18775492743,,,"CBRB, 1app target, Auto Body/Repair Shops",https://www.thecbrb.ca/directory/auto-bodyrepair-shop/cbrb-best-businesses-in-canada-2022-global-hybrid-batteries,Auto Body/Repair Shops,"Auto parts store Mississauga, ON",,Public CBRB directory listing. Verify before outreach; no email/contact person listed.
,,G.P. Coatings Inc,+17808145600,,,"CBRB, 1app target, Auto Body/Repair Shops",https://www.thecbrb.ca/directory/auto-bodyrepair-shop/cbrb-best-businesses-in-canada-g-p-coatings-inc,Auto Body/Repair Shops,"Protective Polyurethane Coatings Service Grande Prairie, AB",,Public CBRB directory listing. Verify before outreach; no email/contact person listed.
,,InterCity Autobody,+12046632227,,,"CBRB, 1app target, Auto Body/Repair Shops",https://www.thecbrb.ca/directory/auto-bodyrepair-shop/cbrb-best-businesses-in-canada-2023-intercity-autobody,Auto Body/Repair Shops,"Auto Body Shop Winnipeg, MB",,Public CBRB directory listing. Verify before outreach; no email/contact person listed.
,,Jim Dickinson Auto Tech,+16137216244,,,"CBRB, 1app target, Auto Body/Repair Shops",https://www.thecbrb.ca/directory/auto-bodyrepair-shop/best-businesses-in-canada-2021-jim-dickinson-auto-tech,Auto Body/Repair Shops,"Auto Body Shop Ottawa, ON",,Public CBRB directory listing. Verify before outreach; no email/contact person listed.
,,Krown Kingston,+16135497878,,,"CBRB, 1app target, Auto Body/Repair Shops",https://www.thecbrb.ca/directory/auto-bodyrepair-shop/best-businesses-in-canada-2022-krown-kingston,Auto Body/Repair Shops,"Auto Body Shop Kingston, ON",,Public CBRB directory listing. Verify before outreach; no email/contact person listed.
,,Langley Brake Shop & Auto Repair,+16045304311,,,"CBRB, 1app target, Auto Body/Repair Shops",https://www.thecbrb.ca/directory/auto-bodyrepair-shop/cbrb-best-businesses-in-canada-2023-langley-brake-shop-auto-repair,Auto Body/Repair Shops,"Automotive Repair Facility Langley City, BC",,Public CBRB directory listing. Verify before outreach; no email/contact person listed.
,,LONE WOLF MECHANICAL,+15876439653,,,"CBRB, 1app target, Auto Body/Repair Shops",https://www.thecbrb.ca/directory/auto-bodyrepair-shop/best-businesses-in-canada-2021-lone-wolf-mechanical,Auto Body/Repair Shops,"Auto repair shop Thorsby, AB",,Public CBRB directory listing. Verify before outreach; no email/contact person listed.
,,Lucky Eight Auto Repair and Tires Ltd.,+19052375383,,http://www.luckyeightauto.com/,"CBRB, 1app target, Auto Body/Repair Shops",https://www.thecbrb.ca/directory/auto-bodyrepair-shop/best-businesses-in-canada-2021-lucky-8-auto-repairs-and-tires-ltd,Auto Body/Repair Shops,"Automotive Repair Facility Richmond Hill, ON",,Public CBRB directory listing. Verify before outreach; no email/contact person listed.
,,M & M Auto,+16047441033,,,"CBRB, 1app target, Auto Body/Repair Shops",https://www.thecbrb.ca/directory/auto-bodyrepair-shop/best-businesses-in-canada-2022-m-m-auto,Auto Body/Repair Shops,"Auto repair shop Abbotsford, BC",,Public CBRB directory listing. Verify before outreach; no email/contact person listed.
,,Maranello Auto Refinishing Ltd.,+14032308900,,,"CBRB, 1app target, Auto Body/Repair Shops",https://www.thecbrb.ca/directory/auto-bodyrepair-shop/best-businesses-in-canada-2021-maranello-auto-refinishing-ltd,Auto Body/Repair Shops,"Auto repair shop Calgary, AB",,Public CBRB directory listing. Verify before outreach; no email/contact person listed.
,,Marvel Auto Collision,+19056141010,,,"CBRB, 1app target, Auto Body/Repair Shops",https://www.thecbrb.ca/directory/auto-bodyrepair-shop/cbrb-best-businesses-in-canada-2024-marvel-auto-collision,Auto Body/Repair Shops,"Auto Body Shop Mississauga, ON",,Public CBRB directory listing. Verify before outreach; no email/contact person listed.
,,Mobile Tire Repair Service Toronto - Wheels on Wheels,+16474786760,,,"CBRB, 1app target, Auto Body/Repair Shops",https://www.thecbrb.ca/directory/auto-bodyrepair-shop/best-businesses-in-canada-2021-mobile-tire-repair-service-toronto-wheel,Auto Body/Repair Shops,"Tire shop Markham, ON",,Public CBRB directory listing. Verify before outreach; no email/contact person listed.
,,Modern Motors,+13066510606,,,"CBRB, 1app target, Auto Body/Repair Shops",https://www.thecbrb.ca/directory/auto-bodyrepair-shop/cbrb-best-businesses-in-canada-2024-modern-motors,Auto Body/Repair Shops,"Automotive Performance & Fleet Service Saskatoon, SK",,Public CBRB directory listing. Verify before outreach; no email/contact person listed.
,,Mo’s Auto Body and Restoration Ltd,+19058375183,,,"CBRB, 1app target, Auto Body/Repair Shops",https://www.thecbrb.ca/directory/auto-bodyrepair-shop/cbrb-best-businesses-in-canada-2023-mos-auto-body-and-restoration-ltd,Auto Body/Repair Shops,"Auto Restoration Service Pickering, ON",,Public CBRB directory listing. Verify before outreach; no email/contact person listed.
,,Polar Teinte,+15142449979,,,"CBRB, 1app target, Auto Body/Repair Shops",https://www.thecbrb.ca/directory/auto-bodyrepair-shop/best-businesses-in-canada-2022-polar-teinte,Auto Body/Repair Shops,,"Window Tinting & Car Wrapping Services Montreal, Quebec",Public CBRB directory listing. Verify before outreach; no email/contact person listed.
,,Pro Smith Customs Ltd,+16043082764,,,"CBRB, 1app target, Auto Body/Repair Shops",https://www.thecbrb.ca/directory/auto-bodyrepair-shop/best-businesses-in-canada-2021-pro-smith-customs-ltd,Auto Body/Repair Shops,"Car detailing service Langley Township, BC",,Public CBRB directory listing. Verify before outreach; no email/contact person listed.
,,Prestige Collision Repairs Ltd.,+19054544446,,,"CBRB, 1app target, Auto Body/Repair Shops",https://www.thecbrb.ca/directory/auto-bodyrepair-shop/cbrb-best-businesses-in-canada-2023-prestige-collision-repairs-ltd,Auto Body/Repair Shops,"Auto Body Shop Brampton, ON",,Public CBRB directory listing. Verify before outreach; no email/contact person listed.
,,R.A. Mécanique,+15146580903,,,"CBRB, 1app target, Auto Body/Repair Shops",https://www.thecbrb.ca/directory/auto-bodyrepair-shop/cbrb-best-businesses-in-canada-r-a-mécanique,Auto Body/Repair Shops,"Auto Repair Shop Montreal, QC",,Public CBRB directory listing. Verify before outreach; no email/contact person listed.
,,Reaper Customs,+17785515567,,,"CBRB, 1app target, Auto Body/Repair Shops",https://www.thecbrb.ca/directory/auto-bodyrepair-shop/cbrb-best-businesses-in-canada-2023-reaper-customs,Auto Body/Repair Shops,"Vehicle Wrapping Service Abbotsford, BC",,Public CBRB directory listing. Verify before outreach; no email/contact person listed.
,,Red Line Custom Autobody Ltd,+17804586883,,https://www.facebook.com/Redline-Custom-Autobody-LTD-174647585597/,"CBRB, 1app target, Auto Body/Repair Shops",https://www.thecbrb.ca/directory/auto-bodyrepair-shop/best-businesses-in-canada-2021-red-line-custom-autobody-ltd,Auto Body/Repair Shops,"Auto repair shop St. Albert, AB",,Public CBRB directory listing. Verify before outreach; no email/contact person listed.
,,Renown Auto Center & Car Rental,+16475040794,,,"CBRB, 1app target, Auto Body/Repair Shops",https://www.thecbrb.ca/directory/auto-bodyrepair-shop/cbrb-best-businesses-in-canada-2022-renown-auto-center-car-rental,Auto Body/Repair Shops,"Auto Body Shop/Car Rental Service Markham , ON",,Public CBRB directory listing. Verify before outreach; no email/contact person listed.
,,Secure Ride Systems,+16475294267,,,"CBRB, 1app target, Auto Body/Repair Shops",https://www.thecbrb.ca/directory/auto-bodyrepair-shop/cbrb-best-businesses-in-canada-2023-secure-ride-systems,Auto Body/Repair Shops,"Security and Anti-hijack Solutions Vaughan , ON",,Public CBRB directory listing. Verify before outreach; no email/contact person listed.
,,Shinez Auto Detailing,+17808144256,,,"CBRB, 1app target, Auto Body/Repair Shops",https://www.thecbrb.ca/directory/auto-bodyrepair-shop/cbrb-best-businesses-in-canada-2023-shinez-auto-detailing,Auto Body/Repair Shops,"Car wash Grande Prairie, AB",,Public CBRB directory listing. Verify before outreach; no email/contact person listed.
,,SMART Repair Centre,+19058405002,,,"CBRB, 1app target, Auto Body/Repair Shops",https://www.thecbrb.ca/directory/auto-bodyrepair-shop/best-businesses-in-canada-2021-smart-repair-centre,Auto Body/Repair Shops,"Auto Body Shop Burlington , ON",,Public CBRB directory listing. Verify before outreach; no email/contact person listed.
,,The Change Auto Detailing,+19052371112,,,"CBRB, 1app target, Auto Body/Repair Shops",https://www.thecbrb.ca/directory/auto-bodyrepair-shop/best-businesses-in-canada-2022-the-change-auto-detailing,Auto Body/Repair Shops,"Car Detailing Service Richmond Hill, ON",,Public CBRB directory listing. Verify before outreach; no email/contact person listed.
,,Those Guys Garage,+15874560164,,,"CBRB, 1app target, Auto Body/Repair Shops",https://www.thecbrb.ca/directory/auto-bodyrepair-shop/best-businesses-in-canada-2021-those-guys-garage,Auto Body/Repair Shops,"Auto repair shop Sherwood Park, AB",,Public CBRB directory listing. Verify before outreach; no email/contact person listed.
,,Titan Truck & Trailer Repairs,+19057959938,,,"CBRB, 1app target, Auto Body/Repair Shops",https://www.thecbrb.ca/directory/auto-bodyrepair-shop/cbrb-best-businesses-in-canada-2024-titan-truck-trailer-repairs,Auto Body/Repair Shops,"Truck, Trailer & Coach Repairs Mississauga, ON",,Public CBRB directory listing. Verify before outreach; no email/contact person listed.
,,TKT Detailing Services & Truck Accessories,+14168850910,,,"CBRB, 1app target, Auto Body/Repair Shops",https://www.thecbrb.ca/directory/auto-bodyrepair-shop/cbrb-best-businesses-in-canada-2022-tkt-detailing-services,Auto Body/Repair Shops,"Car Detailing Service Port Perry, ON",,Public CBRB directory listing. Verify before outreach; no email/contact person listed.
,,Unique Collision Auto Glass & Line-x Coatings,+13066682100,,,"CBRB, 1app target, Auto Body/Repair Shops",https://www.thecbrb.ca/directory/auto-bodyrepair-shop/best-businesses-in-canada-2021-unique-collision-auto-glass-line-x-coatin,Auto Body/Repair Shops,"Auto Body Shop Saskatoon, SK",,Public CBRB directory listing. Verify before outreach; no email/contact person listed.
,,Urban Automotive,+19058453531,,https://www.urbanautomotive.ca/,"CBRB, 1app target, Auto Body/Repair Shops",https://www.thecbrb.ca/directory/auto-bodyrepair-shop/best-businesses-in-canada-2021-urban-automotive,Auto Body/Repair Shops,"Auto repair shop Oakville, ON",,Public CBRB directory listing. Verify before outreach; no email/contact person listed.
,,Valley 1-Stop Auto Service,+12047345308,,,"CBRB, 1app target, Auto Body/Repair Shops",https://www.thecbrb.ca/directory/auto-bodyrepair-shop/cbrb-best-businesses-in-canada-2024-valley-1-stop-auto-service,Auto Body/Repair Shops,,"Auto Repair Shop Swan River, Manitoba",Public CBRB directory listing. Verify before outreach; no email/contact person listed.
,,VIP Glass Services,+14032852000,,,"CBRB, 1app target, Auto Body/Repair Shops",https://www.thecbrb.ca/directory/auto-bodyrepair-shop/best-businesses-in-canada-2022-vip-glass-services,Auto Body/Repair Shops,"Auto Glass Shop Calgary, AB",,Public CBRB directory listing. Verify before outreach; no email/contact person listed.
,,VitrXpert Ste-Sophie,+14505651038,,,"CBRB, 1app target, Auto Body/Repair Shops",https://www.thecbrb.ca/directory/auto-bodyrepair-shop/cbrb-best-businesses-in-canada-vitrxpert-ste-sophie,Auto Body/Repair Shops,"Auto Glass Shop Sainte-Sophie, QC",,Public CBRB directory listing. Verify before outreach; no email/contact person listed.
,,Washnwax Auto Detailing,+19022098006,,https://www.westechautomotive.ca/,"CBRB, 1app target, Auto Body/Repair Shops",https://www.thecbrb.ca/directory/auto-bodyrepair-shop/best-businesses-in-canada-2021-washnwax-auto-detailing,Auto Body/Repair Shops,"Car detailing service Bedford, NS",,Public CBRB directory listing. Verify before outreach; no email/contact person listed.
,,A-Protect Warranty Corporation,+14166617444,,,"CBRB, 1app target, Auto Warranty/Insurance Companies",https://www.thecbrb.ca/directory/auto-warrantyinsurance-companies/cbrb-best-businesses-in-canada-a-protect-warranty-corporation,Auto Warranty/Insurance Companies,,"Extended Auto Warranty Vaughan, Ontario",Public CBRB directory listing. Verify before outreach; no email/contact person listed.
,,OWG,+18665683694,,,"CBRB, 1app target, Aviation Services",https://www.thecbrb.ca/directory/aviation-services/best-businesses-in-canada-2021-owg,Aviation Services,,"Airline Mirabel, Quebec",Public CBRB directory listing. Verify before outreach; no email/contact person listed.
,,Experlogix,+14509619111,,,"CBRB, 1app target, B2B Services",https://www.thecbrb.ca/directory/b2b-services/cbrb-best-businesses-in-canada-experlogix,B2B Services,,"Business Software Solutions Terrebonne, Quebec",Public CBRB directory listing. Verify before outreach; no email/contact person listed.
,,"BNA Smart Payment Systems, LTD.",+18663247585,,https://bnasmartpayment.com/,"CBRB, 1app target, B2B Services",https://www.thecbrb.ca/directory/b2b-services/cbrb-best-businesses-in-canada-2024-bna-smart-payment-systems-ltd,B2B Services,,"POS Business Services Aurora, Ontario",Public CBRB directory listing. Verify before outreach; no email/contact person listed.
,,Condor Concierge,+14166651500,,,"CBRB, 1app target, B2B Services",https://www.thecbrb.ca/directory/b2b-services/best-businesses-in-canada-2022-condor-concierge,B2B Services,,"Business to business service Toronto, Ontario",Public CBRB directory listing. Verify before outreach; no email/contact person listed.
,,DigiCommerce,+19175240445,,,"CBRB, 1app target, B2B Services",https://www.thecbrb.ca/directory/b2b-services/best-businesses-in-canada-2021-digicommerce,B2B Services,,"E-commerce service Montreal, Quebec",Public CBRB directory listing. Verify before outreach; no email/contact person listed.
,,G4 SOLUTIONS & Stratégies d'entrepris,+15148154444,,,"CBRB, 1app target, B2B Services",https://www.thecbrb.ca/directory/b2b-services/cbrb-best-businesses-in-canada-2023-g4-solutions-stratégies-dentrepris,B2B Services,,"Business Management Consultant Laval, Quebec",Public CBRB directory listing. Verify before outreach; no email/contact person listed.
,,MSP Teambuilding,+18336772825,,,"CBRB, 1app target, B2B Services",https://www.thecbrb.ca/directory/b2b-services/cbrb-best-businesses-in-canada-2023-msp-teambuilding,B2B Services,B2B Service Canada,,Public CBRB directory listing. Verify before outreach; no email/contact person listed.
,,Precision E-Business Group,+19053157808,,,"CBRB, 1app target, B2B Services",https://www.thecbrb.ca/directory/b2b-services/cbrb-best-businesses-in-canada-2023-precision-e-business-group,B2B Services,B2,"B Service Burlington, Ontario",Public CBRB directory listing. Verify before outreach; no email/contact person listed.
,,Rainmakers Business Solutions,+14036152333,,,"CBRB, 1app target, B2B Services",https://www.thecbrb.ca/directory/b2b-services/best-businesses-in-canada-2021-rainmakers-business-solutions,B2B Services,,"Business Management Consultant Calgary, Alberta",Public CBRB directory listing. Verify before outreach; no email/contact person listed.
,,Valenta,+18772896197,,,"CBRB, 1app target, B2B Services",https://www.thecbrb.ca/directory/b2b-services/cbrb-best-businesses-in-canada-2024-valenta,B2B Services,B2,"B Services Toronto, Ontario",Public CBRB directory listing. Verify before outreach; no email/contact person listed.
,,Crown Upholstery & Window Coverings,+17054350122,,,"CBRB, 1app target, Blinds Shop/Upholstery Services",https://www.thecbrb.ca/directory/blinds-shopupholstery-services/cbrb-best-businesses-in-canada-crown-upholstery-window-coverings,Blinds Shop/Upholstery Services,"Custom Window Coverings and Upholstery New Tecumseth, ON",,Public CBRB directory listing. Verify before outreach; no email/contact person listed.
,,Canada Custom Shutters,+19059530801,,,"CBRB, 1app target, Blinds Shop/Upholstery Services",https://www.thecbrb.ca/directory/blinds-shopupholstery-services/cbrb-best-businesses-in-canada-2024-canada-custom-shutters,Blinds Shop/Upholstery Services,"Blinds Shop East Gwillimbury, ON",,Public CBRB directory listing. Verify before outreach; no email/contact person listed.
,,Avid Business Performance Group Powered by ActionCOACH,+12503058828,,,"CBRB, 1app target, Business Development Services",https://www.thecbrb.ca/directory/business-development-services/cbrb-best-businesses-in-canada-avid-business-performance-group-powered-by,Business Development Services,Business Coaching Services British Columbia,,Public CBRB directory listing. Verify before outreach; no email/contact person listed.
,,Coast Guard Detailing,+17059946108,,,"CBRB, 1app target, Car Detailing Services",https://www.thecbrb.ca/directory/car-detailing-services/cbrb-best-businesses-in-canada-coast-guard-detailing,Car Detailing Services,,"Car Detailing Services Collingwood, Ontario",Public CBRB directory listing. Verify before outreach; no email/contact person listed.
,,New Shine Car Care,+19059327111,,,"CBRB, 1app target, Car Detailing Services",https://www.thecbrb.ca/directory/car-detailing-services/cbrb-best-businesses-in-canada-new-shine-car-care,Car Detailing Services,"Car Detailing Service St. Catharines, ON",,Public CBRB directory listing. Verify before outreach; no email/contact person listed.
,,Coudicar,+15145077117,,,"CBRB, 1app target, Car Rental Agencies",https://www.thecbrb.ca/directory/car-rental-agencies/cbrb-best-businesses-in-canada-coudicar,Car Rental Agencies,,"Car Rental Agency Montreal, Quebec",Public CBRB directory listing. Verify before outreach; no email/contact person listed.
,,Town Car Rental,+12044211313,,,"CBRB, 1app target, Car Rental Agencies",https://www.thecbrb.ca/directory/car-rental-agencies/cbrb-best-businesses-in-canada-town-car-rental,Car Rental Agencies,,"Car Rental Agency Winnipeg, Manitoba",Public CBRB directory listing. Verify before outreach; no email/contact person listed.
,,City Car & Truck Rental,+14168001222,,,"CBRB, 1app target, Car Rental Agencies",https://www.thecbrb.ca/directory/car-rental-agencies/best-businesses-in-canada-2021-city-car-truck-rental,Car Rental Agencies,,"Car Rental Agency Toronto , Ontario",Public CBRB directory listing. Verify before outreach; no email/contact person listed.
,,FarOut Wilderness,+17788870396,,,"CBRB, 1app target, Car Rental Agencies",https://www.thecbrb.ca/directory/car-rental-agencies/cbrb-best-businesses-in-canada-2024-farout-wilderness,Car Rental Agencies,,"Truck Rental Agency Vancouver, British Columbia",Public CBRB directory listing. Verify before outreach; no email/contact person listed.
,,Doyle It In Inc.,+12269738745,,https://doyleitin.com/,"CBRB, 1app target, Coaching Services",https://www.thecbrb.ca/directory/coaching-services/cbrb-best-businesses-in-canada-doyle-it-in-inc,Coaching Services,,"Consulting & Coaching Services London, Ontario",Public CBRB directory listing. Verify before outreach; no email/contact person listed.
,,Ingbrigtson Life Services LTD,+17806864254,,,"CBRB, 1app target, Coaching Services",https://www.thecbrb.ca/directory/coaching-services/cbrb-best-businesses-in-canada-ingbrigtson-life-services-ltd,Coaching Services,,"Life Coaching and Mentoring Edmonton , Alberta",Public CBRB directory listing. Verify before outreach; no email/contact person listed.
,,Top Prospects Goaltending,+14038055928,,,"CBRB, 1app target, Coaching Services",https://www.thecbrb.ca/directory/coaching-services/cbrb-best-businesses-in-canada-top-prospects-goaltending,Coaching Services,,"Goaltender Development Programs Calgary, Alberta",Public CBRB directory listing. Verify before outreach; no email/contact person listed.
,,EB Solution,+18333330018,,https://ebsolution.ca/,"CBRB, 1app target, Computer Services/Phone Repair",https://www.thecbrb.ca/directory/computer-servicesphone-repair/cbrb-best-businesses-in-canada-eb-solution,Computer Services/Phone Repair,,"IT Services Toronto , Ontario",Public CBRB directory listing. Verify before outreach; no email/contact person listed.
,,Foresight for IT Corp.,+17804862860,,,"CBRB, 1app target, Computer Services/Phone Repair",https://www.thecbrb.ca/directory/computer-servicesphone-repair/cbrb-best-businesses-in-canada-foresight-for-it-corp,Computer Services/Phone Repair,,"Managed Cybersecurity & IT Services Edmonton, Alberta",Public CBRB directory listing. Verify before outreach; no email/contact person listed.
,,NetSentri,+15879055436,,,"CBRB, 1app target, Computer Services/Phone Repair",https://www.thecbrb.ca/directory/computer-servicesphone-repair/cbrb-best-businesses-in-canada-netsentri,Computer Services/Phone Repair,IT Support Services North America,,Public CBRB directory listing. Verify before outreach; no email/contact person listed.
,,PAX Technology Services Inc.,+14168335219,,,"CBRB, 1app target, Computer Services/Phone Repair",https://www.thecbrb.ca/directory/computer-servicesphone-repair/cbrb-best-businesses-in-canada-pax-technology-services-inc,Computer Services/Phone Repair,,"IT Services & Technology Solutions Toronto, Ontario",Public CBRB directory listing. Verify before outreach; no email/contact person listed.
,,TeckPath,+14034535854,,,"CBRB, 1app target, Computer Services/Phone Repair",https://www.thecbrb.ca/directory/computer-servicesphone-repair/cbrb-best-businesses-in-canada-teckpath,Computer Services/Phone Repair,,"Computer Support and Services Calgary, Alberta",Public CBRB directory listing. Verify before outreach; no email/contact person listed.
,,TL Skynet Inc.,+19052680421,,,"CBRB, 1app target, Computer Services/Phone Repair",https://www.thecbrb.ca/directory/computer-servicesphone-repair/cbrb-best-businesses-in-canada-tl-skynet-inc,Computer Services/Phone Repair,,"Computer Support and Services Mississauga, Ontario",Public CBRB directory listing. Verify before outreach; no email/contact person listed.
,,UNMETERED,+18884206321,,https://unmetered.management/,"CBRB, 1app target, Computer Services/Phone Repair",https://www.thecbrb.ca/directory/computer-servicesphone-repair/cbrb-best-businesses-in-canada-unmetered,Computer Services/Phone Repair,,"Global Infrastructure Services Burnaby, British Columbia",Public CBRB directory listing. Verify before outreach; no email/contact person listed.
,,Binarium Corp,+18552746899,,,"CBRB, 1app target, Computer Services/Phone Repair",https://www.thecbrb.ca/directory/computer-servicesphone-repair/best-businesses-in-canada-2021-binarium-corp,Computer Services/Phone Repair,,"Computer support and services Mississauga, Ontario",Public CBRB directory listing. Verify before outreach; no email/contact person listed.
,,Calgary PC Medic,+14038616575,,,"CBRB, 1app target, Computer Services/Phone Repair",https://www.thecbrb.ca/directory/computer-servicesphone-repair/cbrb-best-businesses-in-canada-2023-calgary-pc-medic,Computer Services/Phone Repair,,"Computer Repair Services Calgary, Alberta",Public CBRB directory listing. Verify before outreach; no email/contact person listed.
,,C Computers Inc,+19052962020,,,"CBRB, 1app target, Computer Services/Phone Repair",https://www.thecbrb.ca/directory/computer-servicesphone-repair/best-businesses-in-canada-2022-c-computers-inc,Computer Services/Phone Repair,,"Computer Repair and IT Solutions Hamilton, Ontario",Public CBRB directory listing. Verify before outreach; no email/contact person listed.
,,Creative POS Ltd.,+14168940446,,,"CBRB, 1app target, Computer Services/Phone Repair",https://www.thecbrb.ca/directory/computer-servicesphone-repair/cbrb-best-businesses-in-canada-2023-creative-pos-ltd,Computer Services/Phone Repair,,"Point-Of-Sale Systems Store Mississauga, Ontario",Public CBRB directory listing. Verify before outreach; no email/contact person listed.
,,Droplet Lab,+16474904644,,,"CBRB, 1app target, Computer Services/Phone Repair",https://www.thecbrb.ca/directory/computer-servicesphone-repair/best-businesses-in-canada-2022-droplet-lab,Computer Services/Phone Repair,,"Software company Markham , Ontario",Public CBRB directory listing. Verify before outreach; no email/contact person listed.
,,Edmonton Tech Support,+17802468580,,,"CBRB, 1app target, Computer Services/Phone Repair",https://www.thecbrb.ca/directory/computer-servicesphone-repair/best-businesses-in-canada-2021-edmonton-tech-support,Computer Services/Phone Repair,,"Computer repair service Edmonton, Alberta",Public CBRB directory listing. Verify before outreach; no email/contact person listed.
,,Ezee Computer Training,+15194731391,,,"CBRB, 1app target, Computer Services/Phone Repair",https://www.thecbrb.ca/directory/computer-servicesphone-repair/best-businesses-in-canada-2022-ezee-computer-training,Computer Services/Phone Repair,,"Training Centre London, Ontario",Public CBRB directory listing. Verify before outreach; no email/contact person listed.
,,Fix Factory Canada,+18883493349,,,"CBRB, 1app target, Computer Services/Phone Repair",https://www.thecbrb.ca/directory/computer-servicesphone-repair/best-businesses-in-canada-2021-fix-factory-canada,Computer Services/Phone Repair,,"Mobile phone repair shop Calgary, Alberta",Public CBRB directory listing. Verify before outreach; no email/contact person listed.
,,GA Systems Inc.,+17806802635,,,"CBRB, 1app target, Computer Services/Phone Repair",https://www.thecbrb.ca/directory/computer-servicesphone-repair/cbrb-best-businesses-in-canada-2023-ga-systems-inc,Computer Services/Phone Repair,,"Computer Support and Services Edmonton, Alberta",Public CBRB directory listing. Verify before outreach; no email/contact person listed.
,,Green Bee 3,+14168553300,,,"CBRB, 1app target, Computer Services/Phone Repair",https://www.thecbrb.ca/directory/computer-servicesphone-repair/cbrb-best-businesses-in-canada-2024-green-bee-3,Computer Services/Phone Repair,,"Computer support and Services Vaughan, Ontario",Public CBRB directory listing. Verify before outreach; no email/contact person listed.
,,Infusion Edutainment VR Learning,+12505339487,,,"CBRB, 1app target, Computer Services/Phone Repair",https://www.thecbrb.ca/directory/computer-servicesphone-repair/best-businesses-in-canada-2021-infusion-edutainment,Computer Services/Phone Repair,,"Software Company Victoria, British Columbia",Public CBRB directory listing. Verify before outreach; no email/contact person listed.
,,Integrated Communication Consultants,+15199334285,,,"CBRB, 1app target, Computer Services/Phone Repair",https://www.thecbrb.ca/directory/computer-servicesphone-repair/best-businesses-in-canada-2021-integrated-communication-consultants,Computer Services/Phone Repair,,"Telecommunications Service Provider London, Ontario",Public CBRB directory listing. Verify before outreach; no email/contact person listed.
,,ITopia Corp,+14034418134,,,"CBRB, 1app target, Computer Services/Phone Repair",https://www.thecbrb.ca/directory/computer-servicesphone-repair/cbrb-best-businesses-in-canada-2022-itopia-corp,Computer Services/Phone Repair,,"IT Services Calgary, Alberta",Public CBRB directory listing. Verify before outreach; no email/contact person listed.
,,I.T. Ideas Inc.,+16049868568,,,"CBRB, 1app target, Computer Services/Phone Repair",https://www.thecbrb.ca/directory/computer-servicesphone-repair/cbrb-best-businesses-in-canada-2024-i-t-ideas-inc,Computer Services/Phone Repair,Computer support and services British Columbia,,Public CBRB directory listing. Verify before outreach; no email/contact person listed.
,,Konverge Digital Solutions Corporation,+14166402345,,https://www.konverge.com/,"CBRB, 1app target, Computer Services/Phone Repair",https://www.thecbrb.ca/directory/computer-servicesphone-repair/best-businesses-in-canada-2021-konverge-digital-solutions-corporation,Computer Services/Phone Repair,,"Software company Toronto, Ontario",Public CBRB directory listing. Verify before outreach; no email/contact person listed.
,,Mycondolink,+18884165055,,,"CBRB, 1app target, Computer Services/Phone Repair",https://www.thecbrb.ca/directory/computer-servicesphone-repair/best-businesses-in-canada-2022-mycondolink,Computer Services/Phone Repair,,"Computer software store Toronto, Ontario",Public CBRB directory listing. Verify before outreach; no email/contact person listed.
,,"Power & Tel of Canada, Ltd.",+18003695086,,,"CBRB, 1app target, Computer Services/Phone Repair",https://www.thecbrb.ca/directory/computer-servicesphone-repair/best-businesses-in-canada-2022-power-tel-of-canada-ltd,Computer Services/Phone Repair,,"Telecommunications service provider Burlington, Ontario",Public CBRB directory listing. Verify before outreach; no email/contact person listed.
,,Proof It Document Editing,+17802248120,,,"CBRB, 1app target, Computer Services/Phone Repair",https://www.thecbrb.ca/directory/computer-servicesphone-repair/cbrb-best-businesses-in-canada-2022-proof-it-document-editing,Computer Services/Phone Repair,,"Document Editing and Proofreading Services Edmonton, Alberta",Public CBRB directory listing. Verify before outreach; no email/contact person listed.
,,Red Leaf,+14372157446,,,"CBRB, 1app target, Computer Services/Phone Repair",https://www.thecbrb.ca/directory/computer-servicesphone-repair/best-businesses-in-canada-2021-red-leaf,Computer Services/Phone Repair,,"Mobile phone repair shop Toronto, Ontario",Public CBRB directory listing. Verify before outreach; no email/contact person listed.
,,Sazan Consulting,+16473131970,,,"CBRB, 1app target, Computer Services/Phone Repair",https://www.thecbrb.ca/directory/computer-servicesphone-repair/best-businesses-in-canada-2021-sazan-consulting,Computer Services/Phone Repair,,"Consultant Toronto, Ontario",Public CBRB directory listing. Verify before outreach; no email/contact person listed.
,,Soft-L Ltd.,+14164281130,,,"CBRB, 1app target, Computer Services/Phone Repair",https://www.thecbrb.ca/directory/computer-servicesphone-repair/best-businesses-in-canada-2022-soft-l-ltd,Computer Services/Phone Repair,,"Software Company Barrie, Ontario",Public CBRB directory listing. Verify before outreach; no email/contact person listed.
,,Tesla Computers,+15199743700,,,"CBRB, 1app target, Computer Services/Phone Repair",https://www.thecbrb.ca/directory/computer-servicesphone-repair/best-businesses-in-canada-2022-tesla-computers,Computer Services/Phone Repair,,"Computer repair service Windsor, Ontario",Public CBRB directory listing. Verify before outreach; no email/contact person listed.
,,The Tec Fixer,+14166841234,,http://www.thetecfixer.com/,"CBRB, 1app target, Computer Services/Phone Repair",https://www.thecbrb.ca/directory/computer-servicesphone-repair/best-businesses-in-canada-2021-the-tec-fixer,Computer Services/Phone Repair,,"Computer service Toronto, Ontario",Public CBRB directory listing. Verify before outreach; no email/contact person listed.
,,Voice2Net,+16137131555,,,"CBRB, 1app target, Computer Services/Phone Repair",https://www.thecbrb.ca/directory/computer-servicesphone-repair/best-businesses-in-canada-2022-voice2net,Computer Services/Phone Repair,,"Telephone company Prescott, Ontario",Public CBRB directory listing. Verify before outreach; no email/contact person listed.
,,ZODHA SOLUTIONS Inc.,+14385237715,,,"CBRB, 1app target, Computer Services/Phone Repair",https://www.thecbrb.ca/directory/computer-servicesphone-repair/cbrb-best-businesses-in-canada-2023-zodha-solutions-inc,Computer Services/Phone Repair,,"Software Training Institute Montreal, Quebec",Public CBRB directory listing. Verify before outreach; no email/contact person listed.
,,By The Bay Cottages,+19026722307,,https://bythebaycottages.ca/,"CBRB, 1app target, Cottage Rentals",https://www.thecbrb.ca/directory/cottage-rentals/cbrb-best-businesses-in-canada-2024-by-the-bay-cottages,Cottage Rentals,,"Cottage Stanhope , Prince Edward Island",Public CBRB directory listing. Verify before outreach; no email/contact person listed.
,,VACATION RENTALS,+14168318956,,https://vrentalhome.com/,"CBRB, 1app target, Cottage Rentals",https://www.thecbrb.ca/directory/cottage-rentals/cbrb-best-businesses-in-canada-2023-vacation-rentals,Cottage Rentals,,"Vacation Rentals Properties Toronto , Ontario",Public CBRB directory listing. Verify before outreach; no email/contact person listed.
,,Bessant Pelech Associates Inc.,+14165745978,,,"CBRB, 1app target, Consultants",https://www.thecbrb.ca/directory/consultants/cbrb-best-businesses-in-canada-bessant-pelech-associates-inc,Consultants,,"Long-Term Care & Gerontology Consulting Services Mississauga, Ontario",Public CBRB directory listing. Verify before outreach; no email/contact person listed.
,,Conseil KAD-KAD Consultancy,+15146387965,,,"CBRB, 1app target, Consultants",https://www.thecbrb.ca/directory/consultants/cbrb-best-businesses-in-canada-conseil-kad-kad-consultancy,Consultants,,"Business & Management Consultant Montreal, Quebec",Public CBRB directory listing. Verify before outreach; no email/contact person listed.
,,Perite PharmaSys Inc.,+13303303090,,,"CBRB, 1app target, Consultants",https://www.thecbrb.ca/directory/consultants/cbrb-best-businesses-in-canada-perite-pharmasys-inc,Consultants,,"Pharmaceutical Consultants Brampton, Ontario",Public CBRB directory listing. Verify before outreach; no email/contact person listed.
,,Planning Protocol,+14037031726,,,"CBRB, 1app target, Consultants",https://www.thecbrb.ca/directory/consultants/cbrb-best-businesses-in-canada-planning-protocol,Consultants,,"Land Development Consulting Calgary, Alberta",Public CBRB directory listing. Verify before outreach; no email/contact person listed.
,,Cannabis License Experts,+18006516280,,,"CBRB, 1app target, Consultants",https://www.thecbrb.ca/directory/consultants/best-businesses-in-canada-2021-cannabis-license-experts,Consultants,,"Consultant Burlington, Ontario",Public CBRB directory listing. Verify before outreach; no email/contact person listed.
,,CanBenefits,+18889100780,,,"CBRB, 1app target, Consultants",https://www.thecbrb.ca/directory/consultants/cbrb-best-businesses-in-canada-2023-canbenefits,Consultants,,"Disability Services Toronto, Ontario",Public CBRB directory listing. Verify before outreach; no email/contact person listed.
,,Dana PharMed Inc.,+14164184890,,,"CBRB, 1app target, Consultants",https://www.thecbrb.ca/directory/consultants/cbrb-best-businesses-in-canada-dana-pharmed-inc,Consultants,,"Business Management Consultant Toronto, Ontario",Public CBRB directory listing. Verify before outreach; no email/contact person listed.
,,Divonify Incorporated,+12262412617,,,"CBRB, 1app target, Consultants",https://www.thecbrb.ca/directory/consultants/cbrb-best-businesses-in-canada-2023-divonify-incorporated,Consultants,,"Consultants Kitchener, Ontario",Public CBRB directory listing. Verify before outreach; no email/contact person listed.
,,ECC CONSULTING,+14034548278,,https://ecc-consulting.ca/,"CBRB, 1app target, Consultants",https://www.thecbrb.ca/directory/consultants/best-businesses-in-canada-2022-ecc-consulting,Consultants,,"Education consulting Calgary, Alberta",Public CBRB directory listing. Verify before outreach; no email/contact person listed.
,,LSA Education,+15145695008,,,"CBRB, 1app target, Consultants",https://www.thecbrb.ca/directory/consultants/cbrb-best-businesses-in-canada-2023-lsa-education,Consultants,,"Education Consulting Company Montreal, Quebec",Public CBRB directory listing. Verify before outreach; no email/contact person listed.
,,NECI The Procurement School Inc,+12503700041,,,"CBRB, 1app target, Consultants",https://www.thecbrb.ca/directory/consultants/best-businesses-in-canada-2022-neci-the-procurement-school-inc,Consultants,,"Training and consulting organization Victoria, British Columbia",Public CBRB directory listing. Verify before outreach; no email/contact person listed.
,,Nordland Business Solutions Inc.,+16476896073,,,"CBRB, 1app target, Consultants",https://www.thecbrb.ca/directory/consultants/cbrb-best-businesses-in-canada-2023-nordland-business-solutions-inc,Consultants,,"Business Management Consulting Toronto, Ontario",Public CBRB directory listing. Verify before outreach; no email/contact person listed.
,,Solnor Environnement Inc.,+15143602032,,https://www.solnorenvironnement.com/,"CBRB, 1app target, Consultants",https://www.thecbrb.ca/directory/consultants/cbrb-best-businesses-in-canada-solnor-environnement-inc,Consultants,,"Environmental Consultant Sainte-Julienne, Quebec",Public CBRB directory listing. Verify before outreach; no email/contact person listed.
,,Stamped Engineering Corporation,+17803283875,,,"CBRB, 1app target, Consultants",https://www.thecbrb.ca/directory/consultants/best-businesses-in-canada-2022-stamped-engineering-corporation,Consultants,,"Engineering Consultant Edmonton, Alberta",Public CBRB directory listing. Verify before outreach; no email/contact person listed.
,,Structura Vision Engineering Inc.,+17808075074,,,"CBRB, 1app target, Consultants",https://www.thecbrb.ca/directory/consultants/cbrb-best-businesses-in-canada-structura-vision-engineering-inc,Consultants,,"Engineering Design & Consulting Firm Edmonton, Alberta",Public CBRB directory listing. Verify before outreach; no email/contact person listed.
,,Workplaces,+17808506957,,,"CBRB, 1app target, Consultants",https://www.thecbrb.ca/directory/consultants/best-businesses-in-canada-2021-workplaces,Consultants,"Business Management Consultant Edmonton, AB",,Public CBRB directory listing. Verify before outreach; no email/contact person listed.
,,Qualimet,+17804695870,,,"CBRB, 1app target, Consultants",https://www.thecbrb.ca/directory/consultants/best-businesses-in-canada-2022-qualimet,Consultants,"Engineering consultant Edmonton, AB",,Public CBRB directory listing. Verify before outreach; no email/contact person listed.
,,YYC Tech Consulting,+15873183355,,,"CBRB, 1app target, Consultants",https://www.thecbrb.ca/directory/consultants/best-businesses-in-canada-2022-yyc-tech-consulting,Consultants,"Business management consultant Calgary, AB",,Public CBRB directory listing. Verify before outreach; no email/contact person listed.
,,Alterna Cremation Ltd.,+12048084490,,,"CBRB, 1app target, Cremation Services",https://www.thecbrb.ca/directory/cremation-services/cbrb-best-businesses-in-canada-2024-alterna-cremation-ltd,Cremation Services,,"Cremation Service Winnipeg, Manitoba",Public CBRB directory listing. Verify before outreach; no email/contact person listed.
,,Flambé @ Home,+17785156128,,,"CBRB, 1app target, Delivery Services",https://www.thecbrb.ca/directory/delivery-services/cbrb-best-businesses-in-canada-2022-flambé-home,Delivery Services,,"Meal Delivery Service Kaleden, British Columbia",Public CBRB directory listing. Verify before outreach; no email/contact person listed.
,,Appleday Dental Care,+19057853439,,,"CBRB, 1app target, Dental Clinics",https://www.thecbrb.ca/directory/dental-clinics/cbrb-best-businesses-in-canada-appleday-dental-care,Dental Clinics,"Dental Clinic Mississauga, ON",,Public CBRB directory listing. Verify before outreach; no email/contact person listed.
,,Bourquin Dental Centre,+16048596555,,,"CBRB, 1app target, Dental Clinics",https://www.thecbrb.ca/directory/dental-clinics/cbrb-best-businesses-in-canada-bourquin-dental-centre,Dental Clinics,"Dental Centre Abbotsford, BC",,Public CBRB directory listing. Verify before outreach; no email/contact person listed.
,,DentalIS,+14167408887,,,"CBRB, 1app target, Dental Clinics",https://www.thecbrb.ca/directory/dental-clinics/cbrb-best-businesses-in-canada-dentalis,Dental Clinics,"Dental Clinic Etobicoke , ON",,Public CBRB directory listing. Verify before outreach; no email/contact person listed.
,,Dr. David Farkouh and Friends,+14164894425,,,"CBRB, 1app target, Dental Clinics",https://www.thecbrb.ca/directory/dental-clinics/cbrb-best-businesses-in-canada-dr-david-farkouh-and-friends,Dental Clinics,"Pediatric Dentist Toronto, ON",,Public CBRB directory listing. Verify before outreach; no email/contact person listed.
,,Dr.Kohli Dental Clinic,+17095962550,,,"CBRB, 1app target, Dental Clinics",https://www.thecbrb.ca/directory/dental-clinics/cbrb-best-businesses-in-canada-dr-kohli-dental-clinic,Dental Clinics,"Dental Clinic Carbonear, NL",,Public CBRB directory listing. Verify before outreach; no email/contact person listed.
,,Edge Dental,+16049880377,,,"CBRB, 1app target, Dental Clinics",https://www.thecbrb.ca/directory/dental-clinics/cbrb-best-businesses-in-canada-edge-dental,Dental Clinics,"General & Family Dentistry North Vancouver, BC",,Public CBRB directory listing. Verify before outreach; no email/contact person listed.
,,Hyland Dental Centre,+15196790808,,,"CBRB, 1app target, Dental Clinics",https://www.thecbrb.ca/directory/dental-clinics/cbrb-best-businesses-in-canada-hyland-dental-centre,Dental Clinics,"Dental Clinic London , ON",,Public CBRB directory listing. Verify before outreach; no email/contact person listed.
,,Lougheed Family Dental,+16045537070,,,"CBRB, 1app target, Dental Clinics",https://www.thecbrb.ca/directory/dental-clinics/cbrb-best-businesses-in-canada-lougheed-family-dental,Dental Clinics,"Dental C linic Coquitlam, BC",,Public CBRB directory listing. Verify before outreach; no email/contact person listed.
,,Oshawa Dentist,+19057256060,,,"CBRB, 1app target, Dental Clinics",https://www.thecbrb.ca/directory/dental-clinics/cbrb-best-businesses-in-canada-oshawa-dentist,Dental Clinics,"Dental Clinic Oshawa, ON",,Public CBRB directory listing. Verify before outreach; no email/contact person listed.
,,Smilee Dental Centre,+19052270303,,,"CBRB, 1app target, Dental Clinics",https://www.thecbrb.ca/directory/dental-clinics/cbrb-best-businesses-in-canada-smilee-dental-centre,Dental Clinics,"Dental Clinic Thorold, ON",,Public CBRB directory listing. Verify before outreach; no email/contact person listed.
,,Solo Dental Centre,+16042997656,,,"CBRB, 1app target, Dental Clinics",https://www.thecbrb.ca/directory/dental-clinics/cbrb-best-businesses-in-canada-solo-dental-centre,Dental Clinics,"Dental Clinic Burnaby, BC",,Public CBRB directory listing. Verify before outreach; no email/contact person listed.
,,Stonegate Dental,+15198220800,,,"CBRB, 1app target, Dental Clinics",https://www.thecbrb.ca/directory/dental-clinics/cbrb-best-businesses-in-canada-stonegate-dental,Dental Clinics,"Dental Clinic Guelph , ON",,Public CBRB directory listing. Verify before outreach; no email/contact person listed.
,,Westoak Dental Centre,+19058253336,,,"CBRB, 1app target, Dental Clinics",https://www.thecbrb.ca/directory/dental-clinics/cbrb-best-businesses-in-canada-westoak-dental-centre,Dental Clinics,,"Dental Clinic Oakville, Ontario",Public CBRB directory listing. Verify before outreach; no email/contact person listed.
,,Alba Dental Centre,+15197772020,,,"CBRB, 1app target, Dental Clinics",https://www.thecbrb.ca/directory/dental-clinics/cbrb-best-businesses-in-canada-2024-alba-dental-centre,Dental Clinics,"Dental Clinic London , ON",,Public CBRB directory listing. Verify before outreach; no email/contact person listed.
,,Apple Tree Dental,+15196411411,,,"CBRB, 1app target, Dental Clinics",https://www.thecbrb.ca/directory/dental-clinics/cbrb-best-businesses-in-canada-2022-apple-tree-dental,Dental Clinics,"Dental Clinic London , ON",,Public CBRB directory listing. Verify before outreach; no email/contact person listed.
,,Aqua Dental,+16138255000,,,"CBRB, 1app target, Dental Clinics",https://www.thecbrb.ca/directory/dental-clinics/best-businesses-in-canada-2021-aqua-dental,Dental Clinics,"General Dentist Ottawa , ON",,Public CBRB directory listing. Verify before outreach; no email/contact person listed.
,,Aqua Dental Wellness,+12046633423,,,"CBRB, 1app target, Dental Clinics",https://www.thecbrb.ca/directory/dental-clinics/best-businesses-in-canada-2021-aqua-dental-wellness,Dental Clinics,"Dental Clinic Winnipeg , MB",,Public CBRB directory listing. Verify before outreach; no email/contact person listed.
,,Aurora Dental Clinic,+17807917737,,,"CBRB, 1app target, Dental Clinics",https://www.thecbrb.ca/directory/dental-clinics/cbrb-best-businesses-in-canada-2023-aurora-dental-clinic,Dental Clinics,"Dentist Fort McMurray, AB",,Public CBRB directory listing. Verify before outreach; no email/contact person listed.
,,Beddington Dental Clinic,+14032754000,,,"CBRB, 1app target, Dental Clinics",https://www.thecbrb.ca/directory/dental-clinics/best-businesses-in-canada-2022-beddington-dental-clinic,Dental Clinics,"Dentist Calgary, AB",,Public CBRB directory listing. Verify before outreach; no email/contact person listed.
,,Bisson Dentistry,+15198213561,,,"CBRB, 1app target, Dental Clinics",https://www.thecbrb.ca/directory/dental-clinics/best-businesses-in-canada-2022-bisson-dentistry,Dental Clinics,"Dentist Guelph , ON",,Public CBRB directory listing. Verify before outreach; no email/contact person listed.
,,Champion Dental Hygiene,+15195751455,,,"CBRB, 1app target, Dental Clinics",https://www.thecbrb.ca/directory/dental-clinics/best-businesses-in-canada-2022-champion-dental-hygiene,Dental Clinics,"Dental hygienist Kitchener, ON",,Public CBRB directory listing. Verify before outreach; no email/contact person listed.
,,Crystalline Dental,+19053030700,,,"CBRB, 1app target, Dental Clinics",https://www.thecbrb.ca/directory/dental-clinics/cbrb-best-businesses-in-canada-2024-crystalline-dental,Dental Clinics,"Dental Clinic Vaughan, ON",,Public CBRB directory listing. Verify before outreach; no email/contact person listed.
,,Dental Centre @ The Royal Bank Plaza,+14163627400,,,"CBRB, 1app target, Dental Clinics",https://www.thecbrb.ca/directory/dental-clinics/cbrb-best-businesses-in-canada-2023-dental-centre-the-royal-bank-plaza,Dental Clinics,"Dental Centre Toronto, ON",,Public CBRB directory listing. Verify before outreach; no email/contact person listed.
,,Dentistry@Cornwall,+16139330030,,,"CBRB, 1app target, Dental Clinics",https://www.thecbrb.ca/directory/dental-clinics/cbrb-best-businesses-in-canada-2024-dentistrycornwall,Dental Clinics,"Dental Office Cornwall, ON",,Public CBRB directory listing. Verify before outreach; no email/contact person listed.
,,Dentist At False Creek Olympic Village,+16045597270,,,"CBRB, 1app target, Dental Clinics",https://www.thecbrb.ca/directory/dental-clinics/best-businesses-in-canada-2022-dentist-at-false-creek-olympic-village,Dental Clinics,"Dentist Vancouver, BC",,Public CBRB directory listing. Verify before outreach; no email/contact person listed.
,,Dentistry While You Dream,+15194742400,,,"CBRB, 1app target, Dental Clinics",https://www.thecbrb.ca/directory/dental-clinics/best-businesses-in-canada-2022-dentistry-while-you-dream,Dental Clinics,"Dentist London , ON",,Public CBRB directory listing. Verify before outreach; no email/contact person listed.
,,Dr. Andrew Tsandelis,+15197489200,,,"CBRB, 1app target, Dental Clinics",https://www.thecbrb.ca/directory/dental-clinics/best-businesses-in-canada-2021-dr-andrew-tsandelis,Dental Clinics,"Dentist Kitchener, ON",,Public CBRB directory listing. Verify before outreach; no email/contact person listed.
,,Dr. Jacques L. Cormier Professional Corp.,+15065329546,,,"CBRB, 1app target, Dental Clinics",https://www.thecbrb.ca/directory/dental-clinics/cbrb-best-businesses-in-canada-2024-dr-jacques-l-cormier,Dental Clinics,"General Dentistry Shediac, NB",,Public CBRB directory listing. Verify before outreach; no email/contact person listed.
,,Dr. Mark Richardson Dental,+15194731955,,,"CBRB, 1app target, Dental Clinics",https://www.thecbrb.ca/directory/dental-clinics/cbrb-best-businesses-in-canada-2023-dr-mark-richardson-dental,Dental Clinics,"Dentist London, ON",,Public CBRB directory listing. Verify before outreach; no email/contact person listed.
,,Eid Dental Clinic,+15196670777,,,"CBRB, 1app target, Dental Clinics",https://www.thecbrb.ca/directory/dental-clinics/cbrb-best-businesses-in-canada-2023-eid-dental-clinic,Dental Clinics,"Dental Clinic London , ON",,Public CBRB directory listing. Verify before outreach; no email/contact person listed.
,,Glenwood Dental Care,+17807842481,,,"CBRB, 1app target, Dental Clinics",https://www.thecbrb.ca/directory/dental-clinics/cbrb-best-businesses-in-canada-2023-glenwood-dental-care,Dental Clinics,"Dental Clinic Edmonton , AB",,Public CBRB directory listing. Verify before outreach; no email/contact person listed.
,,Huntington Family Dental,+15873162994,,,"CBRB, 1app target, Dental Clinics",https://www.thecbrb.ca/directory/dental-clinics/cbrb-best-businesses-in-canada-2023-huntington-family-dental,Dental Clinics,"Family Dentistry Calgary , AB",,Public CBRB directory listing. Verify before outreach; no email/contact person listed.
,,Image Dental,+14032173100,,https://imagedentalcalgary.ca/,"CBRB, 1app target, Dental Clinics",https://www.thecbrb.ca/directory/dental-clinics/best-businesses-in-canada-2022-image-dental,Dental Clinics,"Dentist Calgary , AB",,Public CBRB directory listing. Verify before outreach; no email/contact person listed.
,,Ivory Dental Laboratory,+16132161111,,,"CBRB, 1app target, Dental Clinics",https://www.thecbrb.ca/directory/dental-clinics/cbrb-best-businesses-in-canada-ivory-dental-laboratory,Dental Clinics,"Dental Laboratory Ottawa, ON",,Public CBRB directory listing. Verify before outreach; no email/contact person listed.
,,KMA Dental,+16135487963,,,"CBRB, 1app target, Dental Clinics",https://www.thecbrb.ca/directory/dental-clinics/cbrb-best-businesses-in-canada-2022-kma-dental,Dental Clinics,"Dentist Kingston, ON",,Public CBRB directory listing. Verify before outreach; no email/contact person listed.
,,Krystal Dental Hygiene,+17788557790,,,"CBRB, 1app target, Dental Clinics",https://www.thecbrb.ca/directory/dental-clinics/cbrb-best-businesses-in-canada-2023-krystal-dental-hygiene,Dental Clinics,"Dental Hygienist Vancouver, BC",,Public CBRB directory listing. Verify before outreach; no email/contact person listed.
,,Lumi’s Dental Hygiene Care,+12264445001,,,"CBRB, 1app target, Dental Clinics",https://www.thecbrb.ca/directory/dental-clinics/best-businesses-in-canada-2021-lumis-dental-hygiene-care,Dental Clinics,Dental Hygienist Kitchener . ON,,Public CBRB directory listing. Verify before outreach; no email/contact person listed.
,,Love It Dental,+17787384088,,,"CBRB, 1app target, Dental Clinics",https://www.thecbrb.ca/directory/dental-clinics/cbrb-best-businesses-in-canada-2023-love-it-dental,Dental Clinics,"Dental Clinic Kelowna, BC",,Public CBRB directory listing. Verify before outreach; no email/contact person listed.
,,Mehan Dental,+15196225444,,,"CBRB, 1app target, Dental Clinics",https://www.thecbrb.ca/directory/dental-clinics/cbrb-best-businesses-in-canada-2023-mehan-dental,Dental Clinics,"Dentist Cambridge, ON",,Public CBRB directory listing. Verify before outreach; no email/contact person listed.
,,OTTAWA SEDATION DENTAL,+16132253564,,,"CBRB, 1app target, Dental Clinics",https://www.thecbrb.ca/directory/dental-clinics/cbrb-best-businesses-in-canada-2024-ottawa-sedation-dental,Dental Clinics,"General and Sedation Dentistry Ottawa, ON",,Public CBRB directory listing. Verify before outreach; no email/contact person listed.
,,Oxford Oral & Maxillofacial Surgery Centre,+15192042080,,,"CBRB, 1app target, Dental Clinics",https://www.thecbrb.ca/directory/dental-clinics/cbrb-best-businesses-in-canada-2024-oxford-oral-maxillofacial-surgery-c,Dental Clinics,"Dental clinic London, ON",,Public CBRB directory listing. Verify before outreach; no email/contact person listed.
,,Parkview Dental & Dental Implant Centre,+16044381555,,,"CBRB, 1app target, Dental Clinics",https://www.thecbrb.ca/directory/dental-clinics/best-businesses-in-canada-2022-parkview-dental-dental-implant-centre,Dental Clinics,"Dentist Vancouver, BC",,Public CBRB directory listing. Verify before outreach; no email/contact person listed.
,,Park Lawn Smiles Dental,+16476975701,,,"CBRB, 1app target, Dental Clinics",https://www.thecbrb.ca/directory/dental-clinics/cbrb-best-businesses-in-canada-park-lawn-smiles-dental,Dental Clinics,"Dental Clinic Toronto, ON",,Public CBRB directory listing. Verify before outreach; no email/contact person listed.
,,Retter Dental Care,+15144889579,,,"CBRB, 1app target, Dental Clinics",https://www.thecbrb.ca/directory/dental-clinics/cbrb-best-businesses-in-canada-2023-retter-dental-care,Dental Clinics,,"Dentist Montreal, Quebec",Public CBRB directory listing. Verify before outreach; no email/contact person listed.
,,Sharing Smiles Dental,+14165007250,,,"CBRB, 1app target, Dental Clinics",https://www.thecbrb.ca/directory/dental-clinics/best-businesses-in-canada-2022-sharing-smiles-dental,Dental Clinics,"Dental Clinic Mississauga, ON",,Public CBRB directory listing. Verify before outreach; no email/contact person listed.
,,Sundance Dental,+14032562727,,,"CBRB, 1app target, Dental Clinics",https://www.thecbrb.ca/directory/dental-clinics/cbrb-best-businesses-in-canada-2024-sundance-dental,Dental Clinics,"Dentist Calgary, AB",,Public CBRB directory listing. Verify before outreach; no email/contact person listed.
,,Sunny Dental Clinic,+16473507869,,,"CBRB, 1app target, Dental Clinics",https://www.thecbrb.ca/directory/dental-clinics/best-businesses-in-canada-2022-sunny-dental-clinic,Dental Clinics,"Dental Clinic Toronto , ON",,Public CBRB directory listing. Verify before outreach; no email/contact person listed.
,,West Airdrie Dental,+14039800404,,,"CBRB, 1app target, Dental Clinics",https://www.thecbrb.ca/directory/dental-clinics/best-businesses-in-canada-2022-west-airdrie-dental,Dental Clinics,"Dentist Airdrie, AB",,Public CBRB directory listing. Verify before outreach; no email/contact person listed.
,,Yukon Denture Clinic,+18676682510,,,"CBRB, 1app target, Dental Clinics",https://www.thecbrb.ca/directory/dental-clinics/cbrb-best-businesses-in-canada-2023-yukon-denture-clinic,Dental Clinics,"Denture Care Center Whitehorse, YT",,Public CBRB directory listing. Verify before outreach; no email/contact person listed.
,,Adamo Import Limited,+14162425575,,,"CBRB, 1app target, Distribution Services",https://www.thecbrb.ca/directory/distribution-services/cbrb-best-businesses-in-canada-2023-adamo-import-limited,Distribution Services,,"Import & Distribution Company Toronto, Ontario",Public CBRB directory listing. Verify before outreach; no email/contact person listed.
,,Distributions Marie-Jeanne,+14186190541,,,"CBRB, 1app target, Distribution Services",https://www.thecbrb.ca/directory/distribution-services/cbrb-best-businesses-in-canada-2023-distributions-marie-jeanne,Distribution Services,Distribution Services Lé,"vis, Quebec",Public CBRB directory listing. Verify before outreach; no email/contact person listed.
,,Disco Mobile P.G. Party,+18196790732,,,"CBRB, 1app target, DJ Services",https://www.thecbrb.ca/directory/dj-services/cbrb-best-businesses-in-canada-disco-mobile-p-g-party,DJ Services,,"Services de DJ Sherbrooke, Québec",Public CBRB directory listing. Verify before outreach; no email/contact person listed.
,,DJ Vixen,+14165607397,,https://www.facebook.com/DJ-Vixen,"CBRB, 1app target, DJ Services",https://www.thecbrb.ca/directory/dj-services/best-businesses-in-canada-2021-dj-vixen,DJ Services,DJ service GTA and Surrounding Areas,,Public CBRB directory listing. Verify before outreach; no email/contact person listed.
,,JASON'S DJ SERVICE,+19055447903,,,"CBRB, 1app target, DJ Services",https://www.thecbrb.ca/directory/dj-services/best-businesses-in-canada-2021-jasons-dj-service,DJ Services,"DJ service Hamilton, ON",,Public CBRB directory listing. Verify before outreach; no email/contact person listed.
,,Mobile Vibe Productions,+17058901849,,,"CBRB, 1app target, DJ Services",https://www.thecbrb.ca/directory/dj-services/cbrb-best-businesses-in-canada-mobile-vibe-productions,DJ Services,,"DJ Services & Photobooths New Tecumseth, Ontario",Public CBRB directory listing. Verify before outreach; no email/contact person listed.
,,Roadshow Collectibles,+14168939027,,,"CBRB, 1app target, E-Commerce Services",https://www.thecbrb.ca/directory/e-commerce-services/best-businesses-in-canada-2021-roadshow-collectibles,E-Commerce Services,,"E-commerce Service Toronto, Ontario",Public CBRB directory listing. Verify before outreach; no email/contact person listed.
,,David Lopinski Electric LTD.,+19056438800,,http://dlopinskielectric.com/,"CBRB, 1app target, Electricians",https://www.thecbrb.ca/directory/electricians/cbrb-best-businesses-in-canada-david-lopinski-electric-ltd,Electricians,"Electrician Hamilton, ON",,Public CBRB directory listing. Verify before outreach; no email/contact person listed.
,,G.T. Mobile Electric Ltd.,+14167175878,,,"CBRB, 1app target, Electricians",https://www.thecbrb.ca/directory/electricians/cbrb-best-businesses-in-canada-g-t-mobile-electric-ltd,Electricians,"Electrical Contractor Scarborough, ON",,Public CBRB directory listing. Verify before outreach; no email/contact person listed.
,,iElectrik,+15145742228,,,"CBRB, 1app target, Electricians",https://www.thecbrb.ca/directory/electricians/cbrb-best-businesses-in-canada-ielectrik,Electricians,"Electrician Laval, QC",,Public CBRB directory listing. Verify before outreach; no email/contact person listed.
,,Ontario Electrical Group Inc.,+14168996600,,,"CBRB, 1app target, Electricians",https://www.thecbrb.ca/directory/electricians/cbrb-best-businesses-in-canada-ontario-electrical-group-inc,Electricians,"Electrician Toronto, ON",,Public CBRB directory listing. Verify before outreach; no email/contact person listed.
,,SKS Electrical Ltd,+14038698890,,,"CBRB, 1app target, Electricians",https://www.thecbrb.ca/directory/electricians/cbrb-best-businesses-in-canada-sks-electrical-ltd,Electricians,,"Electrical Contractor Calgary, Alberta",Public CBRB directory listing. Verify before outreach; no email/contact person listed.
,,Absolutely Electrical,+12507046808,,,"CBRB, 1app target, Electricians",https://www.thecbrb.ca/directory/electricians/best-businesses-in-canada-2021-absolutely-electrical,Electricians,"Electrician Victoria, BC",,Public CBRB directory listing. Verify before outreach; no email/contact person listed.
,,Brisk Electric Ltd,+16138756216,,,"CBRB, 1app target, Electricians",https://www.thecbrb.ca/directory/electricians/cbrb-best-businesses-in-canada-2023-brisk-electric-ltd,Electricians,"Electrical Contractor Ottawa, ON",,Public CBRB directory listing. Verify before outreach; no email/contact person listed.
,,Crown Electric Ltd.,+19058472804,,,"CBRB, 1app target, Electricians",https://www.thecbrb.ca/directory/electricians/cbrb-best-businesses-in-canada-2024-crown-electric-ltd,Electricians,"Electrician Oakville, ON",,Public CBRB directory listing. Verify before outreach; no email/contact person listed.
,,Cox Electric,+14035630428,,,"CBRB, 1app target, Electricians",https://www.thecbrb.ca/directory/electricians/best-businesses-in-canada-2021-cox-electric,Electricians,"Electrician Coleman ,AB",,Public CBRB directory listing. Verify before outreach; no email/contact person listed.
,,Dion Électrique,+15147783711,,,"CBRB, 1app target, Electricians",https://www.thecbrb.ca/directory/electricians/cbrb-best-businesses-in-canada-2024-dion-électrique,Electricians,"Electrician Saint-Philippe, QC",,Public CBRB directory listing. Verify before outreach; no email/contact person listed.
,,Eclipse Electrical Services LTD,+14168387519,,,"CBRB, 1app target, Electricians",https://www.thecbrb.ca/directory/electricians/best-businesses-in-canada-2021-eclipse-electrical-services-ltd,Electricians,"Electrician Mississauga, ON",,Public CBRB directory listing. Verify before outreach; no email/contact person listed.
,,Evolta Electric,+16139022386,,,"CBRB, 1app target, Electricians",https://www.thecbrb.ca/directory/electricians/cbrb-best-businesses-in-canada-2022-evolta-electric,Electricians,"Electrical Contractor Ottawa, ON",,Public CBRB directory listing. Verify before outreach; no email/contact person listed.
,,Expert Electric Ltd.,+16046818338,,https://www.expertelectric.ca/,"CBRB, 1app target, Electricians",https://www.thecbrb.ca/directory/electricians/cbrb-best-businesses-in-canada-2023-expert-electric-ltd,Electricians,Electrical Services & Repair Company British Columbia,,Public CBRB directory listing. Verify before outreach; no email/contact person listed.
,,Hotwire Power Group,+14165535533,,,"CBRB, 1app target, Electricians",https://www.thecbrb.ca/directory/electricians/best-businesses-in-canada-2022-hotwire-power-group,Electricians,"Electrician Richmond Hill, ON",,Public CBRB directory listing. Verify before outreach; no email/contact person listed.
,,Ivy League Electric Inc.,+19056353919,,,"CBRB, 1app target, Electricians",https://www.thecbrb.ca/directory/electricians/best-businesses-in-canada-2021-ivy-league-electric-inc,Electricians,"Electrician Burlington, ON",,Public CBRB directory listing. Verify before outreach; no email/contact person listed.
,,Jeannot Electric,+13064349112,,,"CBRB, 1app target, Electricians",https://www.thecbrb.ca/directory/electricians/best-businesses-in-canada-2022-jeannot-electric,Electricians,"Electrician Moosomin, SK",,Public CBRB directory listing. Verify before outreach; no email/contact person listed.
,,Klos Concepts Ltd.,+14162747076,,,"CBRB, 1app target, Electricians",https://www.thecbrb.ca/directory/electricians/best-businesses-in-canada-2021-klos-concepts-ltd,Electricians,,"Electrician Toronto, Ontario",Public CBRB directory listing. Verify before outreach; no email/contact person listed.
,,Les entreprises Keb Inc.,+14186557481,,,"CBRB, 1app target, Electricians",https://www.thecbrb.ca/directory/electricians/best-businesses-in-canada-2022-les-entreprises-keb-inc,Electricians,Electrician Lé,"vis, Quebec",Public CBRB directory listing. Verify before outreach; no email/contact person listed.
,,New Age Electrical Services,+19028176243,,,"CBRB, 1app target, Electricians",https://www.thecbrb.ca/directory/electricians/best-businesses-in-canada-2021-new-age-electrical-services,Electricians,"Electrical Service Halifax, NS",,Public CBRB directory listing. Verify before outreach; no email/contact person listed.
,,Master In Electric,+19059512709,,,"CBRB, 1app target, Electricians",https://www.thecbrb.ca/directory/electricians/best-businesses-in-canada-2022-master-in-electric,Electricians,"Electrician Bolton ,ON",,Public CBRB directory listing. Verify before outreach; no email/contact person listed.
,,Mr. Electric of GTA West,+18664324865,,,"CBRB, 1app target, Electricians",https://www.thecbrb.ca/directory/electricians/best-businesses-in-canada-2021-mr-electric-of-gta-west,Electricians,"Electrician Mississauga ,ON",,Public CBRB directory listing. Verify before outreach; no email/contact person listed.
,,Raymond Electrical Solutions Ltd.,+17787102558,,,"CBRB, 1app target, Electricians",https://www.thecbrb.ca/directory/electricians/cbrb-best-businesses-in-canada-2023-raymond-electrical-solutions-ltd,Electricians,"Electrical Contractor Maple Ridge, BC",,Public CBRB directory listing. Verify before outreach; no email/contact person listed.
,,R&H Electric,+16472589557,,,"CBRB, 1app target, Electricians",https://www.thecbrb.ca/directory/electricians/cbrb-best-businesses-in-canada-2023-rh-electric,Electricians,"Electrical Services Mississauga, ON",,Public CBRB directory listing. Verify before outreach; no email/contact person listed.
,,Salco Lighting & Electrical Inc,+14162209983,,,"CBRB, 1app target, Electricians",https://www.thecbrb.ca/directory/electricians/best-businesses-in-canada-2021-salco-lighting-electrical-inc,Electricians,"Electrician Vaughan, ON",,Public CBRB directory listing. Verify before outreach; no email/contact person listed.
,,Metalmark Engraving Services,+17804306355,,,"CBRB, 1app target, Engraving Services",https://www.thecbrb.ca/directory/engraving-services/cbrb-best-businesses-in-canada-metalmark-engraving-services,Engraving Services,,"Engraving Services Edmonton, Alberta",Public CBRB directory listing. Verify before outreach; no email/contact person listed.
,,Bassett Events Inc,+14166164660,,,"CBRB, 1app target, Event Planners",https://www.thecbrb.ca/directory/event-planners/best-businesses-in-canada-2021-bassett-events-inc,Event Planners,,"Event Planner Toronto , Ontario",Public CBRB directory listing. Verify before outreach; no email/contact person listed.
,,Creative Mind Box Weddings and Events,+14164718242,,,"CBRB, 1app target, Event Planners",https://www.thecbrb.ca/directory/event-planners/cbrb-best-businesses-in-canada-2023-creative-mind-box-weddings-and-events,Event Planners,,"Event Planner Oakville , Ontario",Public CBRB directory listing. Verify before outreach; no email/contact person listed.
,,Event Shoppe by Alyssa & Co.,+19057609098,,,"CBRB, 1app target, Event Planners",https://www.thecbrb.ca/directory/event-planners/cbrb-best-businesses-in-canada-2023-event-shoppe-by-alyssa-co,Event Planners,"Event Planning,","Design and Rentals Concord, Ontario",Public CBRB directory listing. Verify before outreach; no email/contact person listed.
,,High Style Events,+14035125171,,,"CBRB, 1app target, Event Planners",https://www.thecbrb.ca/directory/event-planners/best-businesses-in-canada-2021-high-style-events,Event Planners,,"Event Planner Calgary, Alberta",Public CBRB directory listing. Verify before outreach; no email/contact person listed.
,,LUX GROUP CORP,+14039300175,,,"CBRB, 1app target, Excavation Contractors",https://www.thecbrb.ca/directory/excavation-contractors/cbrb-best-businesses-in-canada-2024-lux-group-corp,Excavation Contractors,,"Maintenance Services/Snow Removal in Calgary, Alberta",Public CBRB directory listing. Verify before outreach; no email/contact person listed.
,,Rough Rock Contracting,+12502687871,,,"CBRB, 1app target, Excavation Contractors",https://www.thecbrb.ca/directory/excavation-contractors/best-businesses-in-canada-2022-rough-rock-contracting,Excavation Contractors,"Excavations Contractor and Rock Specialist Nanoose Bay, BC",,Public CBRB directory listing. Verify before outreach; no email/contact person listed.
,,Bisti Money Service,+15142843030,,,"CBRB, 1app target, Financial Services Providers",https://www.thecbrb.ca/directory/financial-services-providers/cbrb-best-businesses-in-canada-bisti-money-service,Financial Services Providers,,"Foreign Exchange & International Payment Services Montreal, Quebec",Public CBRB directory listing. Verify before outreach; no email/contact person listed.
,,Capital Direct Lending Corp,+16044301498,,,"CBRB, 1app target, Financial Services Providers",https://www.thecbrb.ca/directory/financial-services-providers/cbrb-best-businesses-in-canada-capital-direct-lending-corp,Financial Services Providers,,"Investments & Financial Services Vancouver, British Columbia",Public CBRB directory listing. Verify before outreach; no email/contact person listed.
,,Credit Club Inc.,+18668251164,,,"CBRB, 1app target, Financial Services Providers",https://www.thecbrb.ca/directory/financial-services-providers/cbrb-best-businesses-in-canada-credit-club-inc,Financial Services Providers,,"Direct Online Lender Ottawa, Ontario",Public CBRB directory listing. Verify before outreach; no email/contact person listed.
,,Experior Financial Group Inc.,+18889090696,,,"CBRB, 1app target, Financial Services Providers",https://www.thecbrb.ca/directory/financial-services-providers/cbrb-best-businesses-in-canada-experior-financial-group-inc,Financial Services Providers,,"Financial Services Guelph, Ontario",Public CBRB directory listing. Verify before outreach; no email/contact person listed.
,,Equis Capital Finance,+19053057804,,,"CBRB, 1app target, Financial Services Providers",https://www.thecbrb.ca/directory/financial-services-providers/cbrb-best-businesses-in-canada-equis-capital-finance,Financial Services Providers,,"Commercial Finance Firm Markham , Ontario",Public CBRB directory listing. Verify before outreach; no email/contact person listed.
,,Flip My Life Inc.,+19057707350,,,"CBRB, 1app target, Financial Services Providers",https://www.thecbrb.ca/directory/financial-services-providers/cbrb-best-businesses-in-canada-flip-my-life-inc,Financial Services Providers,,"Financial Planner Richmond Hill, Ontario",Public CBRB directory listing. Verify before outreach; no email/contact person listed.
,,Groupe Financier Stratège,+14186284500,,,"CBRB, 1app target, Financial Services Providers",https://www.thecbrb.ca/directory/financial-services-providers/cbrb-best-businesses-in-canada-groupe-financier-stratège,Financial Services Providers,Firme de Services Financiers Qué,"bec City, Québec",Public CBRB directory listing. Verify before outreach; no email/contact person listed.
,,Stellar Wealth Group,+18883092309,,,"CBRB, 1app target, Financial Services Providers",https://www.thecbrb.ca/directory/financial-services-providers/cbrb-best-businesses-in-canada-stellar-wealth-group,Financial Services Providers,Financial Planning Firm Canada,,Public CBRB directory listing. Verify before outreach; no email/contact person listed.
,,Usolve Financial,+19054532274,,,"CBRB, 1app target, Financial Services Providers",https://www.thecbrb.ca/directory/financial-services-providers/cbrb-best-businesses-in-canada-usolve-financial,Financial Services Providers,,"Loan Agency Brampton, Ontario",Public CBRB directory listing. Verify before outreach; no email/contact person listed.
,,Wealth & Estate Financial Canada Inc.,+19052329332,,,"CBRB, 1app target, Financial Services Providers",https://www.thecbrb.ca/directory/financial-services-providers/cbrb-best-businesses-in-canada-wealth-estate-financial-canada-inc,Financial Services Providers,,"Financial Planning Firm Mississauga, Ontario",Public CBRB directory listing. Verify before outreach; no email/contact person listed.
,,123 Tax Pro,+14167630037,,,"CBRB, 1app target, Financial Services Providers",https://www.thecbrb.ca/directory/financial-services-providers/cbrb-best-businesses-in-canada-123-tax-pro,Financial Services Providers,"Tax Preparation,","Bookkeeping and Accounting North York, Ontario",Public CBRB directory listing. Verify before outreach; no email/contact person listed.
,,A. Fisher & Associates,+14168420040,,,"CBRB, 1app target, Financial Services Providers",https://www.thecbrb.ca/directory/financial-services-providers/cbrb-best-businesses-in-canada-2023-a-fisher-associates,Financial Services Providers,,"Financial Institution Toronto, Ontario",Public CBRB directory listing. Verify before outreach; no email/contact person listed.
,,Advantage Financial Services,+14033819195,,,"CBRB, 1app target, Financial Services Providers",https://www.thecbrb.ca/directory/financial-services-providers/cbrb-best-businesses-in-canada-2023-advantage-financial-services,Financial Services Providers,,"Financial Services/Portfolio Management Lethbridge, Alberta",Public CBRB directory listing. Verify before outreach; no email/contact person listed.
,,Affordable Accounting Solutions,+14035613697,,http://gettaxes.ca/,"CBRB, 1app target, Financial Services Providers",https://www.thecbrb.ca/directory/financial-services-providers/best-businesses-in-canada-2021-affordable-accounting-solutions,Financial Services Providers,,"Tax preparation service Calgary, Alberta",Public CBRB directory listing. Verify before outreach; no email/contact person listed.
,,AvoidProbate.ca,+18446677628,,,"CBRB, 1app target, Financial Services Providers",https://www.thecbrb.ca/directory/financial-services-providers/best-businesses-in-canada-2021-avoidprobate-ca,Financial Services Providers,,"Estate planning attorney East Gwillimbury, Ontario",Public CBRB directory listing. Verify before outreach; no email/contact person listed.
,,Better Financial,+15194381889,,,"CBRB, 1app target, Financial Services Providers",https://www.thecbrb.ca/directory/financial-services-providers/best-businesses-in-canada-2021-better-financial,Financial Services Providers,,"Financial consultant London, Ontario",Public CBRB directory listing. Verify before outreach; no email/contact person listed.
,,Blue Umbrella Financial Services,+16472774433,,,"CBRB, 1app target, Financial Services Providers",https://www.thecbrb.ca/directory/financial-services-providers/best-businesses-in-canada-2022-blue-umbrella-financial-services,Financial Services Providers,,"Life insurance agency Toronto, Ontario",Public CBRB directory listing. Verify before outreach; no email/contact person listed.
,,Bookkeeping Bizz,+16478660733,,http://www.bookkeepingbizz.com/,"CBRB, 1app target, Financial Services Providers",https://www.thecbrb.ca/directory/financial-services-providers/best-businesses-in-canada-2021-bookkeeping-bizz,Financial Services Providers,,"Accounting firm Toronto, Ontario",Public CBRB directory listing. Verify before outreach; no email/contact person listed.
,,Book Nerds Bookkeeping & Business Solutions,+17803800085,,,"CBRB, 1app target, Financial Services Providers",https://www.thecbrb.ca/directory/financial-services-providers/best-businesses-in-canada-2022-book-nerds-bookkeeping-business-solutions,Financial Services Providers,,"Bookkeeping and Office Solutions Grande Prairie, Alberta",Public CBRB directory listing. Verify before outreach; no email/contact person listed.
,,CG Accounting & Bookkeeping Inc,+12893891749,,,"CBRB, 1app target, Financial Services Providers",https://www.thecbrb.ca/directory/financial-services-providers/best-businesses-in-canada-2022-cg-accounting-bookkeeping-inc,Financial Services Providers,,"Bookkeeping service Hamilton, Ontario",Public CBRB directory listing. Verify before outreach; no email/contact person listed.
,,CIK Capital Corp,+19055985626,,,"CBRB, 1app target, Financial Services Providers",https://www.thecbrb.ca/directory/financial-services-providers/cbrb-best-businesses-in-canada-cik-capital-corp,Financial Services Providers,,"Financial I nstitution Toronto, Ontario",Public CBRB directory listing. Verify before outreach; no email/contact person listed.
,,Financial Services - Serguei Totrov,+14162220533,,,"CBRB, 1app target, Financial Services Providers",https://www.thecbrb.ca/directory/financial-services-providers/cbrb-best-businesses-in-canada-2024-financial-services-serguei-totrov,Financial Services Providers,"Mortgage, Insurance, Investment, RRSP,","RESP Services Toronto, Ontario",Public CBRB directory listing. Verify before outreach; no email/contact person listed.
,,Ghion Tax and Accounting,+16047154659,,https://www.ghionaccounting.com/,"CBRB, 1app target, Financial Services Providers",https://www.thecbrb.ca/directory/financial-services-providers/best-businesses-in-canada-2022-ghion-tax-and-accounting,Financial Services Providers,,"Tax preparation Surrey, British Columbia",Public CBRB directory listing. Verify before outreach; no email/contact person listed.
,,iCapital Financial Services,+14162517070,,,"CBRB, 1app target, Financial Services Providers",https://www.thecbrb.ca/directory/financial-services-providers/best-businesses-in-canada-2021-icapital-financial-services,Financial Services Providers,,"Loan agency Toronto, Ontario",Public CBRB directory listing. Verify before outreach; no email/contact person listed.
,,iFinance Canada \ Medicard by iFinance,+18886899876,,https://ifinancecanada.com/,"CBRB, 1app target, Financial Services Providers",https://www.thecbrb.ca/directory/financial-services-providers/cbrb-best-businesses-in-canada-2024-ifinance-canada-medicard-by-ifinance,Financial Services Providers,,"Finance Company Toronto, Ontario",Public CBRB directory listing. Verify before outreach; no email/contact person listed.
,,Keeping the Books Inc.,+12898387481,,,"CBRB, 1app target, Financial Services Providers",https://www.thecbrb.ca/directory/financial-services-providers/best-businesses-in-canada-2022-keeping-the-books-inc,Financial Services Providers,,"Bookkeeping Service Cambridge, Ontario",Public CBRB directory listing. Verify before outreach; no email/contact person listed.
,,Kalos LLP I Transactions Diligence Advisory,+14034540807,,,"CBRB, 1app target, Financial Services Providers",https://www.thecbrb.ca/directory/financial-services-providers/best-businesses-in-canada-2021-kalos-llp-i-transactions-diligence-advisor,Financial Services Providers,,"Chartered Professional Accountants Calgary, Alberta",Public CBRB directory listing. Verify before outreach; no email/contact person listed.
,,K.K. CPA - Chartered Professional Accountant,+19056671727,,,"CBRB, 1app target, Financial Services Providers",https://www.thecbrb.ca/directory/financial-services-providers/cbrb-best-businesses-in-canada-2023-k-k-cpa,Financial Services Providers,,"Certified Public Accountant Hamilton, Ontario",Public CBRB directory listing. Verify before outreach; no email/contact person listed.
,,KNN Financial Corporation,+14164943334,,,"CBRB, 1app target, Financial Services Providers",https://www.thecbrb.ca/directory/financial-services-providers/cbrb-best-businesses-in-canada-2023-knn-financial-corporation,Financial Services Providers,,"Financial Firm Toronto, Ontario",Public CBRB directory listing. Verify before outreach; no email/contact person listed.
,,LaBrie Professional Services,+17804694402,,,"CBRB, 1app target, Financial Services Providers",https://www.thecbrb.ca/directory/financial-services-providers/best-businesses-in-canada-2022-labrie-professional-services,Financial Services Providers,,"Bookkeeping service Edmonton, Alberta",Public CBRB directory listing. Verify before outreach; no email/contact person listed.
,,Magic Accounting & Tax Services,+16478474909,,,"CBRB, 1app target, Financial Services Providers",https://www.thecbrb.ca/directory/financial-services-providers/best-businesses-in-canada-2021-magic-accounting-tax-services,Financial Services Providers,,"Accounting firm Richmond Hill, Ontario",Public CBRB directory listing. Verify before outreach; no email/contact person listed.
,,Mandy's Accounting & Income Tax,+12505543415,,,"CBRB, 1app target, Financial Services Providers",https://www.thecbrb.ca/directory/financial-services-providers/cbrb-best-businesses-in-canada-mandys-accounting-income-tax,Financial Services Providers,,"Accounting and Personal Income Tax Preparation Kamloops, British Columbia",Public CBRB directory listing. Verify before outreach; no email/contact person listed.
,,MNM Bookkeeping Services Inc,+19052380779,,,"CBRB, 1app target, Financial Services Providers",https://www.thecbrb.ca/directory/financial-services-providers/best-businesses-in-canada-2021-mnm-bookkeeping-services-inc,Financial Services Providers,,"Bookkeeping service Mississauga, Ontario",Public CBRB directory listing. Verify before outreach; no email/contact person listed.
,,MPCPA Professional Corporation,+19052461267,,,"CBRB, 1app target, Financial Services Providers",https://www.thecbrb.ca/directory/financial-services-providers/cbrb-best-businesses-in-canada-2024-mpcpa-professional-corporation,Financial Services Providers,,"Accounting Firm Brampton, Ontario",Public CBRB directory listing. Verify before outreach; no email/contact person listed.
,,Noah Belcher - iA Private Wealth,+16045350547,,,"CBRB, 1app target, Financial Services Providers",https://www.thecbrb.ca/directory/financial-services-providers/cbrb-best-businesses-in-canada-2023-noah-belcher-ia-private-wealth,Financial Services Providers,,"Financial Consultant Surrey, British Columbia",Public CBRB directory listing. Verify before outreach; no email/contact person listed.
,,Northlake Financial,+18886525320,,,"CBRB, 1app target, Financial Services Providers",https://www.thecbrb.ca/directory/financial-services-providers/cbrb-best-businesses-in-canada-2023-northlake-financial,Financial Services Providers,,"Financial Institution Barrie , Ontario",Public CBRB directory listing. Verify before outreach; no email/contact person listed.
,,NXT Accounting & Tax Services,+17807501190,,,"CBRB, 1app target, Financial Services Providers",https://www.thecbrb.ca/directory/financial-services-providers/cbrb-best-businesses-in-canada-2023-nxt-accounting-tax-services,Financial Services Providers,,"Accounting Firm Fort McMurray, Alberta",Public CBRB directory listing. Verify before outreach; no email/contact person listed.
,,Onpoint Financial Tutors,+14373411177,,https://opft.ca/,"CBRB, 1app target, Financial Services Providers",https://www.thecbrb.ca/directory/financial-services-providers/cbrb-best-businesses-in-canada-2022-onpoint-financial-tutors,Financial Services Providers,,"Financial License Coaching Vaughan, Ontario",Public CBRB directory listing. Verify before outreach; no email/contact person listed.
,,Outline Unicorn,+16138547844,,,"CBRB, 1app target, Financial Services Providers",https://www.thecbrb.ca/directory/financial-services-providers/cbrb-best-businesses-in-canada-2024-outline-unicorn,Financial Services Providers,,"Bookkeeping Service Ottawa, Ontario",Public CBRB directory listing. Verify before outreach; no email/contact person listed.
,,Patncat Co Inc.,+19055318102,,,"CBRB, 1app target, Financial Services Providers",https://www.thecbrb.ca/directory/financial-services-providers/cbrb-best-businesses-in-canada-2023-patncat-co-inc,Financial Services Providers,,"Bookkeeping Service Hamilton, Ontario",Public CBRB directory listing. Verify before outreach; no email/contact person listed.
,,QUEEN FINANCIAL GROUP INC.,+14168480288,,,"CBRB, 1app target, Financial Services Providers",https://www.thecbrb.ca/directory/financial-services-providers/cbrb-best-businesses-in-canada-2022-queen-financial-group-inc,Financial Services Providers,,"Financial Planner Markham, Ontario",Public CBRB directory listing. Verify before outreach; no email/contact person listed.
,,Rubach Wealth,+16478087700,,,"CBRB, 1app target, Financial Services Providers",https://www.thecbrb.ca/directory/financial-services-providers/cbrb-best-businesses-in-canada-2022-rubach-wealth,Financial Services Providers,,"Financial Planner Toronto, Ontario",Public CBRB directory listing. Verify before outreach; no email/contact person listed.
,,Solid Financial Solutions Inc,+14035051882,,https://solidfinancialsolutions.ca/,"CBRB, 1app target, Financial Services Providers",https://www.thecbrb.ca/directory/financial-services-providers/cbrb-best-businesses-in-canada-2022-solid-financial-solutions-inc,Financial Services Providers,,"Financial Consultant Red Deer, Alberta",Public CBRB directory listing. Verify before outreach; no email/contact person listed.
,,ST Accounting CPA Professional Corp,+16479270672,,,"CBRB, 1app target, Financial Services Providers",https://www.thecbrb.ca/directory/financial-services-providers/best-businesses-in-canada-2023-financial-services-st-accounting-cpa-pro,Financial Services Providers,,"Accountant Aurora, Ontario",Public CBRB directory listing. Verify before outreach; no email/contact person listed.
,,Sun Life Financial- Serena Rohrer,+14036000300,,,"CBRB, 1app target, Financial Services Providers",https://www.thecbrb.ca/directory/financial-services-providers/best-businesses-in-canada-2021-sun-life-financial-serena-rohrer,Financial Services Providers,,"Life Insurance Agency & Mutual Fund Advisor Red Deer, Alberta",Public CBRB directory listing. Verify before outreach; no email/contact person listed.
,,Tax Eagles,+16478774546,,,"CBRB, 1app target, Financial Services Providers",https://www.thecbrb.ca/directory/financial-services-providers/cbrb-best-businesses-in-canada-2023-tax-eagles,Financial Services Providers,Tax Preparation Service Ontario,,Public CBRB directory listing. Verify before outreach; no email/contact person listed.
,,Tax Partners,+19058368755,,,"CBRB, 1app target, Financial Services Providers",https://www.thecbrb.ca/directory/financial-services-providers/best-businesses-in-canada-2021-tax-partners,Financial Services Providers,,"Tax Preparation Service Newmarket, Ontario",Public CBRB directory listing. Verify before outreach; no email/contact person listed.
,,Taxsmart,+15196016401,,,"CBRB, 1app target, Financial Services Providers",https://www.thecbrb.ca/directory/financial-services-providers/cbrb-best-businesses-in-canada-2022-taxsmart,Financial Services Providers,,"Tax Preparation Service London, Ontario",Public CBRB directory listing. Verify before outreach; no email/contact person listed.
,,Volpe Financial Solutions,+14167021017,,,"CBRB, 1app target, Financial Services Providers",https://www.thecbrb.ca/directory/financial-services-providers/best-businesses-in-canada-2021-volpe-financial-solutions,Financial Services Providers,,"Financial Advisor Oakville, Ontario",Public CBRB directory listing. Verify before outreach; no email/contact person listed.
,,Warkentin Group Private Wealth Management,+12044142479,,,"CBRB, 1app target, Financial Services Providers",https://www.thecbrb.ca/directory/financial-services-providers/best-businesses-in-canada-2021-warkentin-group-private-wealth-management,Financial Services Providers,,"Financial Planner Winnipeg, Manitoba",Public CBRB directory listing. Verify before outreach; no email/contact person listed.
,,Zuleta Associates Inc,+15196500559,,,"CBRB, 1app target, Financial Services Providers",https://www.thecbrb.ca/directory/financial-services-providers/cbrb-best-businesses-in-canada-2023-zuleta-associates-inc,Financial Services Providers,,"Financial and Business Services Cambridge, Ontario",Public CBRB directory listing. Verify before outreach; no email/contact person listed.
,,Agence d'Empreintes Électroniques,+15143527774,,,"CBRB, 1app target, Fingerprinting Services",https://www.thecbrb.ca/directory/fingerprinting-services/best-businesses-in-canada-2021-agence-dempreintes-électroniques-digital,Fingerprinting Services,,"Fingerprinting service Montreal, Quebec",Public CBRB directory listing. Verify before outreach; no email/contact person listed.
,,PDQ Notary & Process Services Inc.,+17805051187,,,"CBRB, 1app target, Fingerprinting Services",https://www.thecbrb.ca/directory/fingerprinting-services/cbrb-best-businesses-in-canada-2024-pdq-notary-process-services-inc,Fingerprinting Services,,"Notary and Fingerprinting Services Grande Prairie, Alberta",Public CBRB directory listing. Verify before outreach; no email/contact person listed.
,,Global Golden Gate Corp.,+19057388383,,,"CBRB, 1app target, Freight & Logistics Services",https://www.thecbrb.ca/directory/freight-logistics-services/cbrb-best-businesses-in-canada-global-golden-gate-corp,Freight & Logistics Services,,"Global Freight Forwarding and Logistics Service Vaughan, Ontario",Public CBRB directory listing. Verify before outreach; no email/contact person listed.
,,SPARX Logistics Canada Limited,+19057608001,,,"CBRB, 1app target, Freight & Logistics Services",https://www.thecbrb.ca/directory/freight-logistics-services/cbrb-best-businesses-in-canada-sparx-logistics-canada-limited,Freight & Logistics Services,,"Logistics Servic es Vaughan, Ontario",Public CBRB directory listing. Verify before outreach; no email/contact person listed.
,,Sprinter Emergency Transport Inc.,+19059709229,,,"CBRB, 1app target, Freight & Logistics Services",https://www.thecbrb.ca/directory/freight-logistics-services/cbrb-best-businesses-in-canada-sprinter-emergency-transport-inc,Freight & Logistics Services,,"Expedite and Air Delivery Service Mississauga, Ontario",Public CBRB directory listing. Verify before outreach; no email/contact person listed.
,,VelocityEX Limited,+16475548359,,,"CBRB, 1app target, Freight & Logistics Services",https://www.thecbrb.ca/directory/freight-logistics-services/cbrb-best-businesses-in-canada-velocityex-limited,Freight & Logistics Services,,"Pharmaceutical Transportation Solutions Burlington, Ontario",Public CBRB directory listing. Verify before outreach; no email/contact person listed.
,,911 logistics ltd,+17786000911,,,"CBRB, 1app target, Freight & Logistics Services",https://www.thecbrb.ca/directory/freight-logistics-services/best-businesses-in-canada-2021-911-logistics-ltd,Freight & Logistics Services,,"Logistics service Surrey, British Columbia",Public CBRB directory listing. Verify before outreach; no email/contact person listed.
,,Ace Final Mile,+16472712761,,,"CBRB, 1app target, Freight & Logistics Services",https://www.thecbrb.ca/directory/freight-logistics-services/cbrb-best-businesses-in-canada-ace-final-mile,Freight & Logistics Services,,"Parcel Delivery and Logistics Services London, Ontario",Public CBRB directory listing. Verify before outreach; no email/contact person listed.
,,ACUMEN LOGISTICS LTD,+16045032912,,,"CBRB, 1app target, Freight & Logistics Services",https://www.thecbrb.ca/directory/freight-logistics-services/best-businesses-in-canada-2022-acumen-logistics-ltd,Freight & Logistics Services,,"Logistics service Surrey, British Columbia",Public CBRB directory listing. Verify before outreach; no email/contact person listed.
,,A G Logistics/www.roro.ca,+18194245141,,,"CBRB, 1app target, Freight & Logistics Services",https://www.thecbrb.ca/directory/freight-logistics-services/cbrb-best-businesses-in-canada-2023-a-g-logisticswww-roro-ca,Freight & Logistics Services,Logistics Service Québec,,Public CBRB directory listing. Verify before outreach; no email/contact person listed.
,,Antares Marine Consultants Inc.,+15142419944,,,"CBRB, 1app target, Freight & Logistics Services",https://www.thecbrb.ca/directory/freight-logistics-services/best-businesses-in-canada-2022-antares-marine-consultants-inc,Freight & Logistics Services,"Marine & Cargo Surveyors, Ship Inspection, Safety,","Security and MLC Audit Brossard, Quebec",Public CBRB directory listing. Verify before outreach; no email/contact person listed.
,,CANCS (Canada Courier Systems),+16476174500,,https://cancs.ca/,"CBRB, 1app target, Freight & Logistics Services",https://www.thecbrb.ca/directory/freight-logistics-services/best-businesses-in-canada-2021-cancs-canada-courier-systems,Freight & Logistics Services,"Dedicated Courier,","Freight & Logistics Services Toronto, Ontario",Public CBRB directory listing. Verify before outreach; no email/contact person listed.
,,CVC Sling Shot Transportation Inc.,+16045159462,,,"CBRB, 1app target, Freight & Logistics Services",https://www.thecbrb.ca/directory/freight-logistics-services/cbrb-best-businesses-in-canada-2024-cvc-sling-shot-transportation-inc,Freight & Logistics Services,,"Trucking Company Delta, British Columbia",Public CBRB directory listing. Verify before outreach; no email/contact person listed.
,,Elite Logix Inc.,+19053330400,,,"CBRB, 1app target, Freight & Logistics Services",https://www.thecbrb.ca/directory/freight-logistics-services/best-businesses-in-canada-2021-elite-logix-inc,Freight & Logistics Services,,"Logistics service Burlington, Ontario",Public CBRB directory listing. Verify before outreach; no email/contact person listed.
,,Fortuna Transport,+14502334177,,,"CBRB, 1app target, Freight & Logistics Services",https://www.thecbrb.ca/directory/freight-logistics-services/best-businesses-in-canada-2022-fortuna-transport,Freight & Logistics Services,,"Transportation Service Laval, Quebec",Public CBRB directory listing. Verify before outreach; no email/contact person listed.
,,Loneridge Services Ltd.,+13062298490,,,"CBRB, 1app target, Freight & Logistics Services",https://www.thecbrb.ca/directory/freight-logistics-services/cbrb-best-businesses-in-canada-2023-loneridge-services-ltd,Freight & Logistics Services,,"Trucking Company Saskatoon, Saskatchewan",Public CBRB directory listing. Verify before outreach; no email/contact person listed.
,,National Transport,+15146335444,,https://www.nationaltrans.ca/index.php,"CBRB, 1app target, Freight & Logistics Services",https://www.thecbrb.ca/directory/freight-logistics-services/cbrb-best-businesses-in-canada-2024-national-transport,Freight & Logistics Services,,"Transportation Services Dorval, Quebec",Public CBRB directory listing. Verify before outreach; no email/contact person listed.
,,Phantom Logistics,+19024030112,,,"CBRB, 1app target, Freight & Logistics Services",https://www.thecbrb.ca/directory/freight-logistics-services/cbrb-best-businesses-in-canada-2024-phantom-logistics,Freight & Logistics Services,,"Logistics and Transportation Halifax, Nova Scotia",Public CBRB directory listing. Verify before outreach; no email/contact person listed.
,,Reliance Logistics Group Inc.,+14165485626,,,"CBRB, 1app target, Freight & Logistics Services",https://www.thecbrb.ca/directory/freight-logistics-services/best-businesses-in-canada-2021-reliance-logistics-group-inc,Freight & Logistics Services,,"Logistics service Richmond Hill, Ontario",Public CBRB directory listing. Verify before outreach; no email/contact person listed.
,,The Shipping Shop,+18888607447,,https://theshippingshop.ca/,"CBRB, 1app target, Freight & Logistics Services",https://www.thecbrb.ca/directory/freight-logistics-services/cbrb-best-businesses-in-canada-2024-the-shipping-shop,Freight & Logistics Services,"Logistics Service Woodstock, ON",,Public CBRB directory listing. Verify before outreach; no email/contact person listed.
,,Virdi Trucking,+19056720071,,,"CBRB, 1app target, Freight & Logistics Services",https://www.thecbrb.ca/directory/freight-logistics-services/cbrb-best-businesses-in-canada-2023-virdi-trucking,Freight & Logistics Services,,"Trucking Company Mississauga, Ontario",Public CBRB directory listing. Verify before outreach; no email/contact person listed.
,,Everlasting Memorials,+12043344721,,,"CBRB, 1app target, Funeral Homes",https://www.thecbrb.ca/directory/funeral-homes/best-businesses-in-canada-2021-everlasting-memorials,Funeral Homes,,"Monument maker West Saint Paul, Manitoba",Public CBRB directory listing. Verify before outreach; no email/contact person listed.
,,Prince George Funeral Service (2008) Ltd,+12505643880,,,"CBRB, 1app target, Funeral Homes",https://www.thecbrb.ca/directory/funeral-homes/best-businesses-in-canada-2021-prince-george-funeral-service-2008-ltd,Funeral Homes,,"Funeral Home Prince George, British Columbia",Public CBRB directory listing. Verify before outreach; no email/contact person listed.
,,Voyage Funeral Home and Crematorium,+12046683151,,https://voyagefuneralhomes.com/,"CBRB, 1app target, Funeral Homes",https://www.thecbrb.ca/directory/funeral-homes/cbrb-best-businesses-in-canada-2024-voyage-funeral-home,Funeral Homes,,"Funeral Home Winnipeg, Manitoba",Public CBRB directory listing. Verify before outreach; no email/contact person listed.
,,Toronto Golf Lessons,+14163979850,,,"CBRB, 1app target, Golf Instructors",https://www.thecbrb.ca/directory/golf-instructors/best-businesses-in-canada-2021-toronto-golf-lessons,Golf Instructors,,"Golf instructor Toronto, Ontario",Public CBRB directory listing. Verify before outreach; no email/contact person listed.
,,No Limits Fitness,+17784705550,,,"CBRB, 1app target, Gyms",https://www.thecbrb.ca/directory/gyms/cbrb-best-businesses-in-canada-no-limits-fitness,Gyms,,"Gym Kamloops, British Columbia",Public CBRB directory listing. Verify before outreach; no email/contact person listed.
,,Physi-K Inc.,+14504904299,,,"CBRB, 1app target, Gyms",https://www.thecbrb.ca/directory/gyms/cbrb-best-businesses-in-canada-physi-k-inc,Gyms,,"Centre de gymnastique Laval, Québec",Public CBRB directory listing. Verify before outreach; no email/contact person listed.
,,Crossfit South Surrey,+16048894091,,,"CBRB, 1app target, Gyms",https://www.thecbrb.ca/directory/gyms/cbrb-best-businesses-in-canada-2023-crossfit-south-surrey,Gyms,,"Gym Surrey, British Columbia",Public CBRB directory listing. Verify before outreach; no email/contact person listed.
,,L'ÉCURIE,+15142731222,,,"CBRB, 1app target, Gyms",https://www.thecbrb.ca/directory/gyms/cbrb-best-businesses-in-canada-lécurie,Gyms,,"Strength and Conditioning Facility Montreal, Quebec",Public CBRB directory listing. Verify before outreach; no email/contact person listed.
,,LOST CYCLE,+12269985678,,,"CBRB, 1app target, Gyms",https://www.thecbrb.ca/directory/gyms/cbrb-best-businesses-in-canada-2024-lost-cycle,Gyms,,"Indoor Cycling and Pilates Studio London, Ontario",Public CBRB directory listing. Verify before outreach; no email/contact person listed.
,,Ora Fitness & Yoga,+16042185292,,,"CBRB, 1app target, Gyms",https://www.thecbrb.ca/directory/gyms/cbrb-best-businesses-in-canada-ora-fitness-yoga,Gyms,,"Best Fitness Services Surrey, British Columbia",Public CBRB directory listing. Verify before outreach; no email/contact person listed.
,,Suka Fit,+17787547155,,,"CBRB, 1app target, Gyms",https://www.thecbrb.ca/directory/gyms/cbrb-best-businesses-in-canada-2024-suka-fit,Gyms,,"Group Fitness/Yoga/Pilates Westbank, British Columbia",Public CBRB directory listing. Verify before outreach; no email/contact person listed.
,,Columbia Helicopters Inc,+12508251900,,,"CBRB, 1app target, Helicopter Services",https://www.thecbrb.ca/directory/helicopter-services/cbrb-best-businesses-in-canada-columbia-helicopters-inc,Helicopter Services,,"Commercial Helicopter Charter and Aircraft Maintenance Nelson, British Columbia",Public CBRB directory listing. Verify before outreach; no email/contact person listed.
,,No Limits Heli Adventures,+17788208888,,,"CBRB, 1app target, Helicopter Services",https://www.thecbrb.ca/directory/helicopter-services/cbrb-best-businesses-in-canada-2024-no-limits-heli-adventures,Helicopter Services,,"Helicopter Tour Agency Whistler, British Columbia",Public CBRB directory listing. Verify before outreach; no email/contact person listed.
,,Cheresh Homes Inc.,+17053215981,,,"CBRB, 1app target, Home Builders",https://www.thecbrb.ca/directory/home-builders/cbrb-best-businesses-in-canada-cheresh-homes-inc,Home Builders,"Home Builder Gravenhurst, ON",,Public CBRB directory listing. Verify before outreach; no email/contact person listed.
,,Custom Quality Build Ltd.,+15873234499,,,"CBRB, 1app target, Home Builders",https://www.thecbrb.ca/directory/home-builders/cbrb-best-businesses-in-canada-custom-quality-build-ltd,Home Builders,"Construction Company Lethbridge, AB",,Public CBRB directory listing. Verify before outreach; no email/contact person listed.
,,DaCosta Construction Ltd,+16048451092,,,"CBRB, 1app target, Home Builders",https://www.thecbrb.ca/directory/home-builders/cbrb-best-businesses-in-canada-dacosta-construction-ltd,Home Builders,"Residential Home Builder Chilliwack, BC",,Public CBRB directory listing. Verify before outreach; no email/contact person listed.
,,KingsGate Luxury Homes Inc.,+14168882288,,,"CBRB, 1app target, Home Builders",https://www.thecbrb.ca/directory/home-builders/cbrb-best-businesses-in-canada-kingsgate-luxury-homes-inc,Home Builders,"Luxury Custom Home Builder and Renovation Toronto, ON",,Public CBRB directory listing. Verify before outreach; no email/contact person listed.
,,Lawrence Park Development,+14166292982,,,"CBRB, 1app target, Home Builders",https://www.thecbrb.ca/directory/home-builders/cbrb-best-businesses-in-canada-lawrence-park-development,Home Builders,"Custom Home Builder & Developer Toronto, ON",,Public CBRB directory listing. Verify before outreach; no email/contact person listed.
,,Marvel Homes,+14169100808,,,"CBRB, 1app target, Home Builders",https://www.thecbrb.ca/directory/home-builders/cbrb-best-businesses-in-canada-marvel-homes,Home Builders,"Custom Home Builder Toronto, ON",,Public CBRB directory listing. Verify before outreach; no email/contact person listed.
,,Nauss Homes,+15062278392,,,"CBRB, 1app target, Home Builders",https://www.thecbrb.ca/directory/home-builders/cbrb-best-businesses-in-canada-nauss-homes,Home Builders,,"Custom Home Builder Moncton, New Brunswick",Public CBRB directory listing. Verify before outreach; no email/contact person listed.
,,Abstract Homes and Renovations,+16042405306,,https://www.abstracthomes.com/,"CBRB, 1app target, Home Builders",https://www.thecbrb.ca/directory/home-builders/best-businesses-in-canada-2021-abstract-homes-and-renovations-inc,Home Builders,"Home Builder Vancouver, BC",,Public CBRB directory listing. Verify before outreach; no email/contact person listed.
,,AlleyLane Homes,+17783205471,,,"CBRB, 1app target, Home Builders",https://www.thecbrb.ca/directory/home-builders/cbrb-best-businesses-in-canada-2023-alleylane-homes,Home Builders,"Home Builder Delta, BC",,Public CBRB directory listing. Verify before outreach; no email/contact person listed.
,,AM Pro Builders,+14165247055,,,"CBRB, 1app target, Home Builders",https://www.thecbrb.ca/directory/home-builders/cbrb-best-businesses-in-canada-2023-am-pro-builders,Home Builders,"Home Builder Toronto, ON",,Public CBRB directory listing. Verify before outreach; no email/contact person listed.
,,Arc1 Design Build,+14038796711,,,"CBRB, 1app target, Home Builders",https://www.thecbrb.ca/directory/home-builders/best-businesses-in-canada-2021-arc1-design-build,Home Builders,"Building Design and Construction Company Calgary, AB",,Public CBRB directory listing. Verify before outreach; no email/contact person listed.
,,Berry Homes LTD,+17804731800,,,"CBRB, 1app target, Home Builders",https://www.thecbrb.ca/directory/home-builders/best-businesses-in-canada-2021-berry-homes-ltd,Home Builders,"Home Builder Edmonton, AB",,Public CBRB directory listing. Verify before outreach; no email/contact person listed.
,,Brabo Green Building Inc.,+14168397463,,,"CBRB, 1app target, Home Builders",https://www.thecbrb.ca/directory/home-builders/cbrb-best-businesses-in-canada-2023-brabo-green-building-inc,Home Builders,"Custom Home Builder Mississauga, ON",,Public CBRB directory listing. Verify before outreach; no email/contact person listed.
,,Digreen Homes,+19055137999,,,"CBRB, 1app target, Home Builders",https://www.thecbrb.ca/directory/home-builders/best-businesses-in-canada-2021-digreen-homes,Home Builders,"Home Builder Markham, ON",,Public CBRB directory listing. Verify before outreach; no email/contact person listed.
,,Elite Developments,+12898161024,,,"CBRB, 1app target, Home Builders",https://www.thecbrb.ca/directory/home-builders/best-businesses-in-canada-2024-elite-developments,Home Builders,"Home Builder Burlington, ON",,Public CBRB directory listing. Verify before outreach; no email/contact person listed.
,,Hosseini Homes Corporation,+14167206673,,,"CBRB, 1app target, Home Builders",https://www.thecbrb.ca/directory/home-builders/best-businesses-in-canada-2021-hosseini-homes-corporation,Home Builders,"Custom home builder Toronto, ON",,Public CBRB directory listing. Verify before outreach; no email/contact person listed.
,,Jii Fine Homes,+14166693779,,,"CBRB, 1app target, Home Builders",https://www.thecbrb.ca/directory/home-builders/cbrb-best-businesses-in-canada-2023-jii-fine-homes,Home Builders,"Custom Home Builder & Renovations Vaughan, ON",,Public CBRB directory listing. Verify before outreach; no email/contact person listed.
,,Kingdom Builders,+16049245464,,,"CBRB, 1app target, Home Builders",https://www.thecbrb.ca/directory/home-builders/best-businesses-in-canada-2021-kingdom-builders,Home Builders,"Custom Home Builder North Vancouver, BC",,Public CBRB directory listing. Verify before outreach; no email/contact person listed.
,,Lawrence Park Development,+18332409040,,,"CBRB, 1app target, Home Builders",https://www.thecbrb.ca/directory/home-builders/cbrb-best-businesses-in-canada-lawrence-park-development,Home Builders,"Custom Home Builder & Developer Toronto, ON",,Public CBRB directory listing. Verify before outreach; no email/contact person listed.
,,Kingsview Management,+14163656885,,,"CBRB, 1app target, Home Builders",https://www.thecbrb.ca/directory/home-builders/cbrb-best-businesses-in-canada-2023-kingsview-management,Home Builders,,"Construction and Property Management Services Markham, Ontario",Public CBRB directory listing. Verify before outreach; no email/contact person listed.
,,M & D Builders,+19055930909,,,"CBRB, 1app target, Home Builders",https://www.thecbrb.ca/directory/home-builders/best-businesses-in-canada-2021-m-d-builders,Home Builders,"Custom Home Builder Mississauga, ON",,Public CBRB directory listing. Verify before outreach; no email/contact person listed.
,,Mann Pacific Homes LTD,+17789956021,,,"CBRB, 1app target, Home Builders",https://www.thecbrb.ca/directory/home-builders/best-businesses-in-canada-2021-mann-pacific-homes-ltd,Home Builders,"Construction company Surrey, BC",,Public CBRB directory listing. Verify before outreach; no email/contact person listed.
,,New Valley Homes,+17808501100,,,"CBRB, 1app target, Home Builders",https://www.thecbrb.ca/directory/home-builders/best-businesses-in-canada-2022-new-valley-homes,Home Builders,,"Custom Home Builder Beaumont, Alberta",Public CBRB directory listing. Verify before outreach; no email/contact person listed.
,,Platinum Signature Homes,+17809939787,,,"CBRB, 1app target, Home Builders",https://www.thecbrb.ca/directory/home-builders/best-businesses-in-canada-2021-platinum-signature-homes,Home Builders,"Custom Home Builder Edmonton, AB",,Public CBRB directory listing. Verify before outreach; no email/contact person listed.
,,Prestige Build & Design Group Ltd,+16473884298,,,"CBRB, 1app target, Home Builders",https://www.thecbrb.ca/directory/home-builders/cbrb-best-businesses-in-canada-2023-prestige-build-design-group-ltd,Home Builders,"Luxury Custom Home Builder Richmond Hill, ON",,Public CBRB directory listing. Verify before outreach; no email/contact person listed.
,,Skylight Homes,+15194539351,,,"CBRB, 1app target, Home Builders",https://www.thecbrb.ca/directory/home-builders/best-businesses-in-canada-2021-skylight-homes,Home Builders,"Construction Company London , ON",,Public CBRB directory listing. Verify before outreach; no email/contact person listed.
,,Struktäll,+14387930791,,https://struktall.com/en/,"CBRB, 1app target, Home Builders",https://www.thecbrb.ca/directory/home-builders/cbrb-best-businesses-in-canada-struktäll,Home Builders,"Home Builder Montreal, QC",,Public CBRB directory listing. Verify before outreach; no email/contact person listed.
,,Sunlight Heritage Homes,+15196535036,,https://www.sunlighthomes.ca/index.html,"CBRB, 1app target, Home Builders",https://www.thecbrb.ca/directory/home-builders/cbrb-best-businesses-in-canada-2023-sunlight-heritage-homes,Home Builders,"New Home Builder Cambridge , ON",,Public CBRB directory listing. Verify before outreach; no email/contact person listed.
,,Valley Ridge Homes Ltd,+16048253954,,,"CBRB, 1app target, Home Builders",https://www.thecbrb.ca/directory/home-builders/best-businesses-in-canada-2022-valley-ridge-homes-ltd,Home Builders,"Custom Home Builder Abbotsford, BC",,Public CBRB directory listing. Verify before outreach; no email/contact person listed.
,,Virtual Homes Inc.,+16475337690,,https://virtualhomez.ca/,"CBRB, 1app target, Home Builders",https://www.thecbrb.ca/directory/home-builders/best-businesses-in-canada-2021-virtual-homes-inc,Home Builders,"Custom Home Builder Toronto , ON",,Public CBRB directory listing. Verify before outreach; no email/contact person listed.
,,Vithu Developments LTD,+16047673036,,,"CBRB, 1app target, Home Builders",https://www.thecbrb.ca/directory/home-builders/best-businesses-in-canada-2021-vithu-developments-ltd,Home Builders,"Custom Home Builder Vancouver , BC",,Public CBRB directory listing. Verify before outreach; no email/contact person listed.
,,Begin Inspections Ltd.,+14038031596,,,"CBRB, 1app target, Home & Building Inspectors",https://www.thecbrb.ca/directory/home-building-inspectors/cbrb-best-businesses-in-canada-begin-inspections-ltd,Home & Building Inspectors,"Home Inspector Calgary, AB",,Public CBRB directory listing. Verify before outreach; no email/contact person listed.
,,Inspectech Outaouais,+18195938674,,,"CBRB, 1app target, Home & Building Inspectors",https://www.thecbrb.ca/directory/home-building-inspectors/cbrb-best-businesses-in-canada-inspectech-outaouais,Home & Building Inspectors,"Inspecteurs en Bâtiment Gatineau, QC",,Public CBRB directory listing. Verify before outreach; no email/contact person listed.
,,Access Home Inspection Services Inc,+17808683152,,https://accesshomeinspection.ca/,"CBRB, 1app target, Home & Building Inspectors",https://www.thecbrb.ca/directory/home-building-inspectors/best-businesses-in-canada-2022-access-home-inspection-services-inc,Home & Building Inspectors,"Home Inspection Services Edmonton, AB",,Public CBRB directory listing. Verify before outreach; no email/contact person listed.
,,AL Inspection,+15149167079,,,"CBRB, 1app target, Home & Building Inspectors",https://www.thecbrb.ca/directory/home-building-inspectors/cbrb-best-businesses-in-canada-2024-al-inspection,Home & Building Inspectors,,"Home Inspector Montreal, Quebec",Public CBRB directory listing. Verify before outreach; no email/contact person listed.
,,Axxonlab Inc.,+18886755226,,,"CBRB, 1app target, Home & Building Inspectors",https://www.thecbrb.ca/directory/home-building-inspectors/cbrb-best-businesses-in-canada-2022-axxonlab-inc,Home & Building Inspectors,"Environmental Analyses Services Mont-Royal, QC",,Public CBRB directory listing. Verify before outreach; no email/contact person listed.
,,CTI Home and Septic Inspection,+19057460431,,https://www.ctiforensics.ca/,"CBRB, 1app target, Home & Building Inspectors",https://www.thecbrb.ca/directory/home-building-inspectors/best-businesses-in-canada-2021-cti-home-and-septic-inspection,Home & Building Inspectors,"Home and Septic System Inspector Hamilton, ON",,Public CBRB directory listing. Verify before outreach; no email/contact person listed.
,,Home Proof Inspections Inc,+16472243390,,,"CBRB, 1app target, Home & Building Inspectors",https://www.thecbrb.ca/directory/home-building-inspectors/best-businesses-in-canada-2022-home-proof-inspections-inc,Home & Building Inspectors,"Home inspector Brampton, ON",,Public CBRB directory listing. Verify before outreach; no email/contact person listed.
,,PIN Property Inspection Network Ltd.,+16132343000,,,"CBRB, 1app target, Home & Building Inspectors",https://www.thecbrb.ca/directory/home-building-inspectors/best-businesses-in-canada-2022-pin-property-inspection-network-ltd,Home & Building Inspectors,"Home inspector Ottawa, ON",,Public CBRB directory listing. Verify before outreach; no email/contact person listed.
,,TD Inspections,+15873490902,,,"CBRB, 1app target, Home & Building Inspectors",https://www.thecbrb.ca/directory/home-building-inspectors/cbrb-best-businesses-in-canada-2023-td-inspections,Home & Building Inspectors,"Home Inspection Services Calgary, AB",,Public CBRB directory listing. Verify before outreach; no email/contact person listed.
,,24 Seven Talent,+14165832555,,,"CBRB, 1app target, Human Resources/Employment Agencies",https://www.thecbrb.ca/directory/human-resourcesemployment-agencies/cbrb-best-businesses-in-canada-24-seven-talent,Human Resources/Employment Agencies,,"Employment agency Toronto, Ontario",Public CBRB directory listing. Verify before outreach; no email/contact person listed.
,,Nimbus HR Solutions Group Inc.,+19054674725,,,"CBRB, 1app target, Human Resources/Employment Agencies",https://www.thecbrb.ca/directory/human-resourcesemployment-agencies/cbrb-best-businesses-in-canada-nimbus-hr-solutions-group-inc,Human Resources/Employment Agencies,Human Resource Consulting Canada,,Public CBRB directory listing. Verify before outreach; no email/contact person listed.
,,RIGROVER EMPLOYMENT AGENCY,+15199144923,,https://www.facebook.com/pages/category/Employment-Agency/RIG-ROVER-113726850005996/,"CBRB, 1app target, Human Resources/Employment Agencies",https://www.thecbrb.ca/directory/human-resourcesemployment-agencies/cbrb-best-businesses-in-canada-rigrover-employment-agency,Human Resources/Employment Agencies,,"Staffing and Recruiting Agency London, Ontario",Public CBRB directory listing. Verify before outreach; no email/contact person listed.
,,Simcoe Employment,+17057188330,,,"CBRB, 1app target, Human Resources/Employment Agencies",https://www.thecbrb.ca/directory/human-resourcesemployment-agencies/cbrb-best-businesses-in-canada-simcoe-employment,Human Resources/Employment Agencies,,"Professional Staffing Services Barrie, Ontario",Public CBRB directory listing. Verify before outreach; no email/contact person listed.
,,Stellar Personnel,+16475578915,,,"CBRB, 1app target, Human Resources/Employment Agencies",https://www.thecbrb.ca/directory/human-resourcesemployment-agencies/cbrb-best-businesses-in-canada-stellar-personnel,Human Resources/Employment Agencies,,"Staffing & Recruitment Agency Toronto, Ontario",Public CBRB directory listing. Verify before outreach; no email/contact person listed.
,,Virtual HR Canada Inc.,+14169954783,,,"CBRB, 1app target, Human Resources/Employment Agencies",https://www.thecbrb.ca/directory/human-resourcesemployment-agencies/cbrb-best-businesses-in-canada-virtual-hr-canada-inc,Human Resources/Employment Agencies,,"HR Services Mississauga, Ontario",Public CBRB directory listing. Verify before outreach; no email/contact person listed.
,,Ampersands PR INC.,+15819782637,,,"CBRB, 1app target, Human Resources/Employment Agencies",https://www.thecbrb.ca/directory/human-resourcesemployment-agencies/cbrb-best-businesses-in-canada-2023-ampersands-pr-inc,Human Resources/Employment Agencies,,"Employment Center Quebec City , Quebec",Public CBRB directory listing. Verify before outreach; no email/contact person listed.
,,BAY Workforce Inc.,+14379950269,,,"CBRB, 1app target, Human Resources/Employment Agencies",https://www.thecbrb.ca/directory/human-resourcesemployment-agencies/cbrb-best-businesses-in-canada-2022-bay-workforce-inc,Human Resources/Employment Agencies,,"Employment Center Etobicoke , Ontario",Public CBRB directory listing. Verify before outreach; no email/contact person listed.
,,Beyond Bilingual Inc.,+14162181112,,,"CBRB, 1app target, Human Resources/Employment Agencies",https://www.thecbrb.ca/directory/human-resourcesemployment-agencies/cbrb-best-businesses-in-canada-2024-beyond-bilingual-inc,Human Resources/Employment Agencies,,"Recruitment Agency Toronto, Ontario",Public CBRB directory listing. Verify before outreach; no email/contact person listed.
,,Canadian Massage and Manual Osteopathic Therapists Association,+14033561160,,,"CBRB, 1app target, Human Resources/Employment Agencies",https://www.thecbrb.ca/directory/human-resourcesemployment-agencies/cbrb-best-businesses-in-canada-2023-cmmota,Human Resources/Employment Agencies,,"Association Red Deer, Alberta",Public CBRB directory listing. Verify before outreach; no email/contact person listed.
,,Cormack Recruitment,+18883662881,,,"CBRB, 1app target, Human Resources/Employment Agencies",https://www.thecbrb.ca/directory/human-resourcesemployment-agencies/best-businesses-in-canada-2021-cormack-recruitment,Human Resources/Employment Agencies,,"Recruitment Agency Calgary, Alberta",Public CBRB directory listing. Verify before outreach; no email/contact person listed.
,,EKC Homestay Corporation,+16476574981,,,"CBRB, 1app target, Human Resources/Employment Agencies",https://www.thecbrb.ca/directory/human-resourcesemployment-agencies/cbrb-best-businesses-in-canada-2023-ekc-homestay-corporation,Human Resources/Employment Agencies,,"Student Housing Center Toronto, Ontario",Public CBRB directory listing. Verify before outreach; no email/contact person listed.
,,Feed it Forward,+16478792433,,,"CBRB, 1app target, Human Resources/Employment Agencies",https://www.thecbrb.ca/directory/human-resourcesemployment-agencies/best-businesses-in-canada-2022-feed-it-forward,Human Resources/Employment Agencies,,"Non-profit Organization Toronto, Ontario",Public CBRB directory listing. Verify before outreach; no email/contact person listed.
,,GINCARE Staffing Solutions Inc.,+14165462236,,,"CBRB, 1app target, Human Resources/Employment Agencies",https://www.thecbrb.ca/directory/human-resourcesemployment-agencies/cbrb-best-businesses-in-canada-2024-gincare-staffing-solutions-inc,Human Resources/Employment Agencies,,"Unemployment office Toronto, Ontario",Public CBRB directory listing. Verify before outreach; no email/contact person listed.
,,Group NB,+18558688416,,,"CBRB, 1app target, Human Resources/Employment Agencies",https://www.thecbrb.ca/directory/human-resourcesemployment-agencies/cbrb-best-businesses-in-canada-2023-group-nb,Human Resources/Employment Agencies,,"Staffing & Lumping Agency / Immigration Services Ottawa, Ontario",Public CBRB directory listing. Verify before outreach; no email/contact person listed.
,,Martyn Bassett Associates,+18887780057,,,"CBRB, 1app target, Human Resources/Employment Agencies",https://www.thecbrb.ca/directory/human-resourcesemployment-agencies/best-businesses-in-canada-2022-martyn-bassett-associates,Human Resources/Employment Agencies,,"Executive Search Firm Toronto, Ontario",Public CBRB directory listing. Verify before outreach; no email/contact person listed.
,,Maxwell Management Group Ltd.,+18553054078,,,"CBRB, 1app target, Human Resources/Employment Agencies",https://www.thecbrb.ca/directory/human-resourcesemployment-agencies/best-businesses-in-canada-2022-maxwell-management-group-ltd,Human Resources/Employment Agencies,,"Recruiter Brantford, Ontario",Public CBRB directory listing. Verify before outreach; no email/contact person listed.
,,MM AGENCY,+14505430406,,,"CBRB, 1app target, Human Resources/Employment Agencies",https://www.thecbrb.ca/directory/human-resourcesemployment-agencies/cbrb-best-businesses-in-canada-2023-mm-agency,Human Resources/Employment Agencies,,"Employment agency Laval, Quebec",Public CBRB directory listing. Verify before outreach; no email/contact person listed.
,,Pathfinder Staffing Inc.,+16476601508,,,"CBRB, 1app target, Human Resources/Employment Agencies",https://www.thecbrb.ca/directory/human-resourcesemployment-agencies/best-businesses-in-canada-2021-pathfinder-staffing-inc,Human Resources/Employment Agencies,,"Employment Agency Brampton, Ontario",Public CBRB directory listing. Verify before outreach; no email/contact person listed.
,,Power Staffing Solutions,+14167010119,,,"CBRB, 1app target, Human Resources/Employment Agencies",https://www.thecbrb.ca/directory/human-resourcesemployment-agencies/cbrb-best-businesses-in-canada-2023-power-staffing-solutions,Human Resources/Employment Agencies,"IT, Professional,","and Healthcare Recruitment Services Toronto, Ontario",Public CBRB directory listing. Verify before outreach; no email/contact person listed.
,,Resume Services CA,+17787132494,,,"CBRB, 1app target, Human Resources/Employment Agencies",https://www.thecbrb.ca/directory/human-resourcesemployment-agencies/cbrb-best-businesses-in-canada-2024-resume-services-ca,Human Resources/Employment Agencies,,"Human Resources Services Vancouver, British Columbia",Public CBRB directory listing. Verify before outreach; no email/contact person listed.
,,RIGROVER EMPLOYMENT AGENCY,+16479387624,,https://www.facebook.com/pages/category/Employment-Agency/RIG-ROVER-113726850005996/,"CBRB, 1app target, Human Resources/Employment Agencies",https://www.thecbrb.ca/directory/human-resourcesemployment-agencies/cbrb-best-businesses-in-canada-rigrover-employment-agency,Human Resources/Employment Agencies,,"Staffing and Recruiting Agency London, Ontario",Public CBRB directory listing. Verify before outreach; no email/contact person listed.
,,Soccer NB,+15068304762,,,"CBRB, 1app target, Human Resources/Employment Agencies",https://www.thecbrb.ca/directory/human-resourcesemployment-agencies/cbrb-best-businesses-in-canada-2023-soccer-nb,Human Resources/Employment Agencies,,"Non-profit Organization Moncton, New Brunswick",Public CBRB directory listing. Verify before outreach; no email/contact person listed.
,,Trillium Med Village,+18668961205,,,"CBRB, 1app target, Human Resources/Employment Agencies",https://www.thecbrb.ca/directory/human-resourcesemployment-agencies/cbrb-best-businesses-in-canada-2024-trillium-med-village,Human Resources/Employment Agencies,,"Healthcare Staffing Agency Toronto, Ontario",Public CBRB directory listing. Verify before outreach; no email/contact person listed.
,,Toronto International Society of Innovation & Advanced Skills (TISIAS),+16476731012,,,"CBRB, 1app target, Human Resources/Employment Agencies",https://www.thecbrb.ca/directory/human-resourcesemployment-agencies/cbrb-best-businesses-in-canada-2024-tisias,Human Resources/Employment Agencies,,"Event Management Company Toronto, Ontario",Public CBRB directory listing. Verify before outreach; no email/contact person listed.
,,Wisteria Community Association,+12505916443,,,"CBRB, 1app target, Human Resources/Employment Agencies",https://www.thecbrb.ca/directory/human-resourcesemployment-agencies/cbrb-best-businesses-in-canada-2023-wisteria-community-association,Human Resources/Employment Agencies,,"Soup Kitchen Nanaimo, British Columbia",Public CBRB directory listing. Verify before outreach; no email/contact person listed.
,,Climate Experts Heating & Cooling Inc.,+19054927171,,,"CBRB, 1app target, HVAC Contractors",https://www.thecbrb.ca/directory/hvac-contractors/cbrb-best-businesses-in-canada-climate-experts-heating-cooling-inc,HVAC Contractors,,"General HVAC Contractor Pickering, Ontario",Public CBRB directory listing. Verify before outreach; no email/contact person listed.
,,Coreline HVAC Supply Ltd.,+15874370483,,,"CBRB, 1app target, HVAC Contractors",https://www.thecbrb.ca/directory/hvac-contractors/cbrb-best-businesses-in-canada-coreline-hvac-supply-ltd,HVAC Contractors,,"Air Conditioning & HVAC Accessories Supplier Calgary, Alberta",Public CBRB directory listing. Verify before outreach; no email/contact person listed.
,,Diverse Air Systems Inc.,+14165602366,,,"CBRB, 1app target, HVAC Contractors",https://www.thecbrb.ca/directory/hvac-contractors/cbrb-best-businesses-in-canada-diverse-air-systems-inc,HVAC Contractors,,"Condominium Heating and Air Conditioning Specialists Pickering, Ontario",Public CBRB directory listing. Verify before outreach; no email/contact person listed.
,,Goyea Mechanical Services Inc.,+15192500116,,,"CBRB, 1app target, HVAC Contractors",https://www.thecbrb.ca/directory/hvac-contractors/cbrb-best-businesses-in-canada-goyea-mechanical-services-inc,HVAC Contractors,,"Heating and Cooling Services Oldcastle, Ontario",Public CBRB directory listing. Verify before outreach; no email/contact person listed.
,,Green Heating and Air Inc.,+14166277724,,,"CBRB, 1app target, HVAC Contractors",https://www.thecbrb.ca/directory/hvac-contractors/cbrb-best-businesses-in-canada-green-heating-and-air-inc,HVAC Contractors,,"HVAC Specialist Mississauga, Ontario",Public CBRB directory listing. Verify before outreach; no email/contact person listed.
,,Groupe Rousso,+18554923125,,,"CBRB, 1app target, HVAC Contractors",https://www.thecbrb.ca/directory/hvac-contractors/cbrb-best-businesses-in-canada-groupe-rousso,HVAC Contractors,,"HVAC & Air Duct Cleaning Longueuil, Quebec",Public CBRB directory listing. Verify before outreach; no email/contact person listed.
,,4SEASONS HVAC,+16478870099,,http://arlmechanical.ca/,"CBRB, 1app target, HVAC Contractors",https://www.thecbrb.ca/directory/hvac-contractors/cbrb-best-businesses-in-canada-2023-4seasons-hvac,HVAC Contractors,,"HVAC Contractor Toronto, Ontario",Public CBRB directory listing. Verify before outreach; no email/contact person listed.
,,Barben Industries Ltd.,+17809552533,,,"CBRB, 1app target, HVAC Contractors",https://www.thecbrb.ca/directory/hvac-contractors/cbrb-best-businesses-in-canada-2024-barben-industries-ltd,HVAC Contractors,,"Compressed Air Equipment Sales and Service Nisku, Alberta",Public CBRB directory listing. Verify before outreach; no email/contact person listed.
,,BC Wide Home Services Ltd,+16044739690,,,"CBRB, 1app target, HVAC Contractors",https://www.thecbrb.ca/directory/hvac-contractors/best-businesses-in-canada-2021-bc-wide-home-services-ltd,HVAC Contractors,,"Heating contractor Burnaby, British Columbia",Public CBRB directory listing. Verify before outreach; no email/contact person listed.
,,Bob's Heating & Cooling,+15068573217,,https://bobsheating.ca/,"CBRB, 1app target, HVAC Contractors",https://www.thecbrb.ca/directory/hvac-contractors/cbrb-best-businesses-in-canada-2024-bobs-heating-cooling,HVAC Contractors,,"HVAC Contractor Moncton, New Brunswick",Public CBRB directory listing. Verify before outreach; no email/contact person listed.
,,Canadian Mr Fix,+17789529753,,,"CBRB, 1app target, HVAC Contractors",https://www.thecbrb.ca/directory/hvac-contractors/cbrb-best-businesses-in-canada-2023-canadian-mr-fix,HVAC Contractors,,"HVAC Contractor New Westminster, British Columbia",Public CBRB directory listing. Verify before outreach; no email/contact person listed.
,,Cana-Air Cooling and Heating LTD.,+16476680902,,,"CBRB, 1app target, HVAC Contractors",https://www.thecbrb.ca/directory/hvac-contractors/cbrb-best-businesses-in-canada-2024-cana-air-cooling-and-heating-ltd,HVAC Contractors,,"HVAC Contractor Toronto, Ontario",Public CBRB directory listing. Verify before outreach; no email/contact person listed.
,,Clean Air Canada Duct and Chimney LTD,+16045001668,,https://cleanaircanadaheating.ca/,"CBRB, 1app target, HVAC Contractors",https://www.thecbrb.ca/directory/hvac-contractors/cbrb-best-businesses-in-canada-clean-air-canada-duct-and-chimney,HVAC Contractors,,"Air Duct and HVAC System Cleaning Company Lower Mainland, British Columbia",Public CBRB directory listing. Verify before outreach; no email/contact person listed.
,,Climatisation Gabriel Miron,+15146603385,,,"CBRB, 1app target, HVAC Contractors",https://www.thecbrb.ca/directory/hvac-contractors/cbrb-best-businesses-in-canada-2024-climatisation-gabriel-miron,HVAC Contractors,,"Air Conditioning Contractor Pointe-Calumet, Quebec",Public CBRB directory listing. Verify before outreach; no email/contact person listed.
,,CS Purair Ventilation,+14385250615,,,"CBRB, 1app target, HVAC Contractors",https://www.thecbrb.ca/directory/hvac-contractors/cbrb-best-businesses-in-canada-cs-purair-ventilation,HVAC Contractors,,"Air Duct & Furnace Cleaning La Prairie, Quebec",Public CBRB directory listing. Verify before outreach; no email/contact person listed.
,,Denaeyer Mechanical Inc.,+15196549732,,,"CBRB, 1app target, HVAC Contractors",https://www.thecbrb.ca/directory/hvac-contractors/best-businesses-in-canada-2021-denaeyer-mechanical-inc,HVAC Contractors,,"HVAC Contractor Kitchener, Ontario",Public CBRB directory listing. Verify before outreach; no email/contact person listed.
,,Four Seasons Air Control (West ) Inc.,+19057950982,,,"CBRB, 1app target, HVAC Contractors",https://www.thecbrb.ca/directory/hvac-contractors/best-businesses-in-canada-2022-four-seasons-air-control-west-inc,HVAC Contractors,,"HVAC Contractor Mississauga, Ontario",Public CBRB directory listing. Verify before outreach; no email/contact person listed.
,,General Heating & Air Conditioning,+16048348080,,,"CBRB, 1app target, HVAC Contractors",https://www.thecbrb.ca/directory/hvac-contractors/cbrb-best-businesses-in-canada-2023-general-heating-air-conditioning,HVAC Contractors,,"HVAC Services Vancouver, British Columbia",Public CBRB directory listing. Verify before outreach; no email/contact person listed.
,,HVAC-GROUP,+14168072752,,,"CBRB, 1app target, HVAC Contractors",https://www.thecbrb.ca/directory/hvac-contractors/best-businesses-in-canada-2021-hvac-group,HVAC Contractors,,"HVAC Contractor Mississauga, Ontario",Public CBRB directory listing. Verify before outreach; no email/contact person listed.
,,Nick's Refrigeration And Air Conditioning LTD.,+19027482233,,,"CBRB, 1app target, HVAC Contractors",https://www.thecbrb.ca/directory/hvac-contractors/best-businesses-in-canada-2022-nicks-refrigeration-and-air-conditioning,HVAC Contractors,"Heating,","Ventilating & Air Conditioning Service Yarmouth, Nova Scotia",Public CBRB directory listing. Verify before outreach; no email/contact person listed.
,,Nordic Clean Air Ltd,+15069772519,,,"CBRB, 1app target, HVAC Contractors",https://www.thecbrb.ca/directory/hvac-contractors/best-businesses-in-canada-2022-nordic-clean-air-ltd,HVAC Contractors,,"HVAC Contractor Quispamsis, New Brunswick",Public CBRB directory listing. Verify before outreach; no email/contact person listed.
,,Optimal Climate Air Inc.,+15194962022,,,"CBRB, 1app target, HVAC Contractors",https://www.thecbrb.ca/directory/hvac-contractors/cbrb-best-businesses-in-canada-2023-optimal-climate-air-inc,HVAC Contractors,,"Residential and Commercial HVAC Services Cambridge, Ontario",Public CBRB directory listing. Verify before outreach; no email/contact person listed.
,,Reliable Energy,+15069615669,,,"CBRB, 1app target, HVAC Contractors",https://www.thecbrb.ca/directory/hvac-contractors/best-businesses-in-canada-2022-reliable-energy,HVAC Contractors,,"HVAC Contractor Moncton, New Brunswick",Public CBRB directory listing. Verify before outreach; no email/contact person listed.
,,Rondeau's Refrigeration Services Inc.,+19024979764,,,"CBRB, 1app target, HVAC Contractors",https://www.thecbrb.ca/directory/hvac-contractors/cbrb-best-businesses-in-canada-2022-rondeaus-refrigeration-services-inc,HVAC Contractors,"Commercial, Residential,","Offshore and Marine HVAC/R Services Dartmouth, Nova Scotia",Public CBRB directory listing. Verify before outreach; no email/contact person listed.
,,SDK Mechanical,+15195327105,,,"CBRB, 1app target, HVAC Contractors",https://www.thecbrb.ca/directory/hvac-contractors/cbrb-best-businesses-in-canada-2023-sdk-mechanical,HVAC Contractors,,"HVAC Contractor Wellesley, Ontario",Public CBRB directory listing. Verify before outreach; no email/contact person listed.
,,Williams Kool Heat,+12898205665,,,"CBRB, 1app target, HVAC Contractors",https://www.thecbrb.ca/directory/hvac-contractors/best-businesses-in-canada-2021-williams-kool-heat,HVAC Contractors,,"HVAC Contractor Welland, Ontario",Public CBRB directory listing. Verify before outreach; no email/contact person listed.
,,Ultra Vac Furnace & Duct Cleaning Ltd,+14316885872,,,"CBRB, 1app target, HVAC Contractors",https://www.thecbrb.ca/directory/hvac-contractors/cbrb-best-businesses-in-canada-2023-ultra-vac-furnace-duct-cleaning-ltd,HVAC Contractors,,"HVAC Contractor Winnipeg, Manitoba",Public CBRB directory listing. Verify before outreach; no email/contact person listed.
,,A-Z Insurance,+19057072929,,,"CBRB, 1app target, Insurance Agencies",https://www.thecbrb.ca/directory/insurance-agencies/cbrb-best-businesses-in-canada-a-z-insurance,Insurance Agencies,,"Insurance Broker Markham, Ontario",Public CBRB directory listing. Verify before outreach; no email/contact person listed.
,,isure insurance inc.,+18775252039,,,"CBRB, 1app target, Insurance Agencies",https://www.thecbrb.ca/directory/insurance-agencies/cbrb-best-businesses-in-canada-isure-insurance-inc,Insurance Agencies,"Insurance B roker Vaughan , ON",,Public CBRB directory listing. Verify before outreach; no email/contact person listed.
,,Amyn Batliwalla Desjardins Insurance Agent,+14163831500,,,"CBRB, 1app target, Insurance Agencies",https://www.thecbrb.ca/directory/insurance-agencies/best-businesses-in-canada-2021-amyn-batliwalla-desjardins-insurance-agent,Insurance Agencies,,"Insurance Agency Toronto, Ontario",Public CBRB directory listing. Verify before outreach; no email/contact person listed.
,,Doreen Stroud - World Financial Group,+12047921923,,https://agents.wfgcanada.ca/doreen-stroud,"CBRB, 1app target, Insurance Agencies",https://www.thecbrb.ca/directory/insurance-agencies/best-businesses-in-canada-2021-world-financial-group,Insurance Agencies,"Insurance Broker Winnipeg , MB",,Public CBRB directory listing. Verify before outreach; no email/contact person listed.
,,Excel Insurance Group Lloydminster Inc.,+17808756178,,,"CBRB, 1app target, Insurance Agencies",https://www.thecbrb.ca/directory/insurance-agencies/cbrb-best-businesses-in-canada-2023-excel-insurance-group-lloydminster,Insurance Agencies,,"Insurance Broker Lloydminster, Alberta",Public CBRB directory listing. Verify before outreach; no email/contact person listed.
,,Gene Meyer Insurance Agencies Limited,+19058900998,,,"CBRB, 1app target, Insurance Agencies",https://www.thecbrb.ca/directory/insurance-agencies/cbrb-best-businesses-in-canada-2022-gene-meyer-insurance-agencies-limited,Insurance Agencies,"Insurance Agency Mississauga, ON",,Public CBRB directory listing. Verify before outreach; no email/contact person listed.
,,George@FSB Group Best Commercial Insurance,+14165202041,,,"CBRB, 1app target, Insurance Agencies",https://www.thecbrb.ca/directory/insurance-agencies/best-businesses-in-canada-2021-georgefsb-group,Insurance Agencies,"Insurance broker Mississauga, ON",,Public CBRB directory listing. Verify before outreach; no email/contact person listed.
,,Hope Insurance Brokers,+17809060000,,,"CBRB, 1app target, Insurance Agencies",https://www.thecbrb.ca/directory/insurance-agencies/best-businesses-in-canada-2022-hope-insurance-brokers,Insurance Agencies,"Insurance broker Edmonton, AB",,Public CBRB directory listing. Verify before outreach; no email/contact person listed.
,,Kastelein Stout Insurance Agencies Inc.,+16045264644,,,"CBRB, 1app target, Insurance Agencies",https://www.thecbrb.ca/directory/insurance-agencies/best-businesses-in-canada-2022-kastelein-stout-insurance-agencies-inc,Insurance Agencies,"Insurance Agency New Westminster, BC",,Public CBRB directory listing. Verify before outreach; no email/contact person listed.
,,Kevin Burke Insurance & Financial Services Inc,+15064553276,,,"CBRB, 1app target, Insurance Agencies",https://www.thecbrb.ca/directory/insurance-agencies/cbrb-best-businesses-in-canada-2023-kevin-burke-insurance-financial-ser,Insurance Agencies,"Insurance Agency Fredericton, NB",,Public CBRB directory listing. Verify before outreach; no email/contact person listed.
,,Multi Risk Insurance Brokers Inc.,+14162242800,,https://www.multirisk.ca/,"CBRB, 1app target, Insurance Agencies",https://www.thecbrb.ca/directory/insurance-agencies/cbrb-best-businesses-in-canada-2023-multi-risk-insurance-brokers-inc,Insurance Agencies,"Insurance & Financial Services Scarborough, ON",,Public CBRB directory listing. Verify before outreach; no email/contact person listed.
,,Novinger Insurance Team,+14165288305,,,"CBRB, 1app target, Insurance Agencies",https://www.thecbrb.ca/directory/insurance-agencies/best-businesses-in-canada-2022-novinger-insurance-team,Insurance Agencies,"Insurance broker Toronto, ON",,Public CBRB directory listing. Verify before outreach; no email/contact person listed.
,,Peter Mathai,+16479361524,,https://www.facebook.com/peter.mathai.165,"CBRB, 1app target, Insurance Agencies",https://www.thecbrb.ca/directory/insurance-agencies/best-businesses-in-canada-2021-peter-mathai,Insurance Agencies,"Insurance broker Mississauga, ON",,Public CBRB directory listing. Verify before outreach; no email/contact person listed.
,,Savante Insurance Inc,+12042337289,,,"CBRB, 1app target, Insurance Agencies",https://www.thecbrb.ca/directory/insurance-agencies/best-businesses-in-canada-2021-savante-insurance-inc,Insurance Agencies,"Insurance Agency Winnipeg, MB",,Public CBRB directory listing. Verify before outreach; no email/contact person listed.
,,Shawn Shirdarreh Insurance Broker,+19055974330,,,"CBRB, 1app target, Insurance Agencies",https://www.thecbrb.ca/directory/insurance-agencies/best-businesses-in-canada-2022-shawn-shirdarreh-insurance-broker,Insurance Agencies,"Insurance broker Markham, ON",,Public CBRB directory listing. Verify before outreach; no email/contact person listed.
,,Simmi Paul Insurance Agency Inc.,+19059131016,,,"CBRB, 1app target, Insurance Agencies",https://www.thecbrb.ca/directory/insurance-agencies/cbrb-best-businesses-in-canada-2023-simmi-paul-insurance-agency-inc,Insurance Agencies,"Insurance Agency Brampton, ON",,Public CBRB directory listing. Verify before outreach; no email/contact person listed.
,,Skyview Insurance Brokers,+16045995222,,,"CBRB, 1app target, Insurance Agencies",https://www.thecbrb.ca/directory/insurance-agencies/cbrb-best-businesses-in-canada-2024-skyview-insurance-brokers,Insurance Agencies,"Insurance Agency Surrey, BC",,Public CBRB directory listing. Verify before outreach; no email/contact person listed.
,,Wesley Greer Desjardins Insurance,+17806706846,,,"CBRB, 1app target, Insurance Agencies",https://www.thecbrb.ca/directory/insurance-agencies/best-businesses-in-canada-2021-wesley-greer-desjardins-insurance,Insurance Agencies,"Insurance Agency Edmonton, AB",,Public CBRB directory listing. Verify before outreach; no email/contact person listed.
,,Bellissimo Law Group PC,+14167876505,,,"CBRB, 1app target, Immigration & Naturalization Services",https://www.thecbrb.ca/directory/immigration-naturalization-services/cbrb-best-businesses-in-canada-bellissimo-law-group-pc,Immigration & Naturalization Services,"Immigration Law Firm Toronto, ON",,Public CBRB directory listing. Verify before outreach; no email/contact person listed.
,,Bright Link Immigration Services Ltd.,+12042296980,,,"CBRB, 1app target, Immigration & Naturalization Services",https://www.thecbrb.ca/directory/immigration-naturalization-services/cbrb-best-businesses-in-canada-bright-link-immigration-services-ltd,Immigration & Naturalization Services,"Immigration & Citizenship Representation Winnipeg, MB",,Public CBRB directory listing. Verify before outreach; no email/contact person listed.
,,Can Entry Immigration,+12042945116,,,"CBRB, 1app target, Immigration & Naturalization Services",https://www.thecbrb.ca/directory/immigration-naturalization-services/cbrb-best-businesses-in-canada-can-entry-immigration,Immigration & Naturalization Services,"Immigration & Naturalization Services Winnipeg, MB",,Public CBRB directory listing. Verify before outreach; no email/contact person listed.
,,Crossing Canada Citizenship & Immigration Services Inc.,+15199921008,,,"CBRB, 1app target, Immigration & Naturalization Services",https://www.thecbrb.ca/directory/immigration-naturalization-services/cbrb-best-businesses-in-canada-crossing-canada-citizenship-immigration,Immigration & Naturalization Services,"Immigration & Naturalization Services Windsor, ON",,Public CBRB directory listing. Verify before outreach; no email/contact person listed.
,,El Camino Immigration Services Inc.,+16047915695,,,"CBRB, 1app target, Immigration & Naturalization Services",https://www.thecbrb.ca/directory/immigration-naturalization-services/cbrb-best-businesses-in-canada-el-camino-immigration-services-inc,Immigration & Naturalization Services,"Immigration Services Chilliwack, BC",,Public CBRB directory listing. Verify before outreach; no email/contact person listed.
,,Forest Hills Immigration,+14165255270,,,"CBRB, 1app target, Immigration & Naturalization Services",https://www.thecbrb.ca/directory/immigration-naturalization-services/cbrb-best-businesses-in-canada-forest-hills-immigration,Immigration & Naturalization Services,Immigration & Refugee Consulting Services Ontario,,Public CBRB directory listing. Verify before outreach; no email/contact person listed.
,,Kutum Immigration & Legal Services,+16477045723,,,"CBRB, 1app target, Immigration & Naturalization Services",https://www.thecbrb.ca/directory/immigration-naturalization-services/cbrb-best-businesses-in-canada-kutum-immigration-legal-services,Immigration & Naturalization Services,"Immigration & Legal Services Mississauga , ON",,Public CBRB directory listing. Verify before outreach; no email/contact person listed.
,,LCC Immigration,+18889999194,,,"CBRB, 1app target, Immigration & Naturalization Services",https://www.thecbrb.ca/directory/immigration-naturalization-services/cbrb-best-businesses-in-canada-lcc-immigration,Immigration & Naturalization Services,"Immigration & Naturalization Services Brampton, ON",,Public CBRB directory listing. Verify before outreach; no email/contact person listed.
,,Lewis & Associates LLP,+14169242227,,,"CBRB, 1app target, Immigration & Naturalization Services",https://www.thecbrb.ca/directory/immigration-naturalization-services/cbrb-best-businesses-in-canada-lewis-associates-llp,Immigration & Naturalization Services,"Immigration & Refugee Lawyers Toronto, ON",,Public CBRB directory listing. Verify before outreach; no email/contact person listed.
,,LMRT Immigration Services,+14387006165,,,"CBRB, 1app target, Immigration & Naturalization Services",https://www.thecbrb.ca/directory/immigration-naturalization-services/cbrb-best-businesses-in-canada-lmrt-immigration-services,Immigration & Naturalization Services,"Immigration Lawyers Montreal, QC",,Public CBRB directory listing. Verify before outreach; no email/contact person listed.
,,Mirzadegan Immigration and Citizenship Services Inc,+16479846477,,,"CBRB, 1app target, Immigration & Naturalization Services",https://www.thecbrb.ca/directory/immigration-naturalization-services/cbrb-best-businesses-in-canada-mirzadegan-immigration-and-citizenship-ser,Immigration & Naturalization Services,"Immigration & Naturalization Services Richmond Hill , ON",,Public CBRB directory listing. Verify before outreach; no email/contact person listed.
,,Patel Canada Visa Consultancy Inc.,+15873490188,,,"CBRB, 1app target, Immigration & Naturalization Services",https://www.thecbrb.ca/directory/immigration-naturalization-services/cbrb-best-businesses-in-canada-patel-canada-visa-consultancy-inc,Immigration & Naturalization Services,"Immigration Consultant Calgary, AB",,Public CBRB directory listing. Verify before outreach; no email/contact person listed.
,,Acme Overseas,+17785641800,,,"CBRB, 1app target, Immigration & Naturalization Services",https://www.thecbrb.ca/directory/immigration-naturalization-services/best-businesses-in-canada-2021-acme-overseas,Immigration & Naturalization Services,"Corporate office Surrey, BC",,Public CBRB directory listing. Verify before outreach; no email/contact person listed.
,,AV Locky Immigration Solutions Inc.,+15192086430,,,"CBRB, 1app target, Immigration & Naturalization Services",https://www.thecbrb.ca/directory/immigration-naturalization-services/best-businesses-in-canada-2021-av-locky-immigration-solutions-inc,Immigration & Naturalization Services,"Corporate office Kitchener, ON",,Public CBRB directory listing. Verify before outreach; no email/contact person listed.
,,Bastion Immigration Consulting,+14379723697,,,"CBRB, 1app target, Immigration & Naturalization Services",https://www.thecbrb.ca/directory/immigration-naturalization-services/cbrb-best-businesses-in-canada-2024-bastion-immigration-consulting,Immigration & Naturalization Services,"Immigration Law Firm Toronto, ON",,Public CBRB directory listing. Verify before outreach; no email/contact person listed.
,,Brum Immigration,+17054080503,,,"CBRB, 1app target, Immigration & Naturalization Services",https://www.thecbrb.ca/directory/immigration-naturalization-services/best-businesses-in-canada-2021-brum-immigration,Immigration & Naturalization Services,"Immigration & Naturalization Services Ottawa, ON",,Public CBRB directory listing. Verify before outreach; no email/contact person listed.
,,Bright Tomorrows Immigration Services,+16136992305,,,"CBRB, 1app target, Immigration & Naturalization Services",https://www.thecbrb.ca/directory/immigration-naturalization-services/best-businesses-in-canada-2021-bright-tomorrows-immigration-services,Immigration & Naturalization Services,"Immigration Services Ottawa, ON",,Public CBRB directory listing. Verify before outreach; no email/contact person listed.
,,Bureau Conseil en Immigration,+15144182525,,,"CBRB, 1app target, Immigration & Naturalization Services",https://www.thecbrb.ca/directory/immigration-naturalization-services/cbrb-best-businesses-in-canada-2022-bureau-conseil-en-immigration,Immigration & Naturalization Services,"Immigration & Naturalization Services Montreal, QC",,Public CBRB directory listing. Verify before outreach; no email/contact person listed.
,,"Canadian Immigration and Employment Consulting Services, Inc.",+14033987203,,,"CBRB, 1app target, Immigration & Naturalization Services",https://www.thecbrb.ca/directory/immigration-naturalization-services/cbrb-best-businesses-in-canada-2023-ciecsi,Immigration & Naturalization Services,"Immigration Services Calgary, AB",,Public CBRB directory listing. Verify before outreach; no email/contact person listed.
,,Canada On Path Immigration Services,+16473020199,,,"CBRB, 1app target, Immigration & Naturalization Services",https://www.thecbrb.ca/directory/immigration-naturalization-services/best-businesses-in-canada-2021-canada-on-path-immigration-services,Immigration & Naturalization Services,"Legal services Mississauga, ON",,Public CBRB directory listing. Verify before outreach; no email/contact person listed.
,,Canada Rise Immigration Ltd - Seema Gill,+17788300150,,http://www.canadarise.ca,"CBRB, 1app target, Immigration & Naturalization Services",https://www.thecbrb.ca/directory/immigration-naturalization-services/best-businesses-in-canada-2022-canada-rise-immigration-ltd-seema-gill,Immigration & Naturalization Services,"Immigration Service Surrey, BC",,Public CBRB directory listing. Verify before outreach; no email/contact person listed.
,,Canadian Provincial Nominee & Immigration Services,+14164477033,,,"CBRB, 1app target, Immigration & Naturalization Services",https://www.thecbrb.ca/directory/immigration-naturalization-services/best-businesses-in-canada-2021-canadian-provincial-nominee-immigration,Immigration & Naturalization Services,"Immigration & Naturalization Services Toronto, ON",,Public CBRB directory listing. Verify before outreach; no email/contact person listed.
,,Canadian Title Immigration and Visa Consulting Inc.,+14165421000,,https://ctivci.ca/,"CBRB, 1app target, Immigration & Naturalization Services",https://www.thecbrb.ca/directory/immigration-naturalization-services/best-businesses-in-canada-2021-canadian-title-immigration-and-visa-consul,Immigration & Naturalization Services,"Immigration and Visa Specialists Richmond Hill, ON",,Public CBRB directory listing. Verify before outreach; no email/contact person listed.
,,CANKURD IMMIGRATION SERVICES INC,+14032932333,,,"CBRB, 1app target, Immigration & Naturalization Services",https://www.thecbrb.ca/directory/immigration-naturalization-services/best-businesses-in-canada-2021-cankurd-immigration-services-inc,Immigration & Naturalization Services,"Immigration Services Calgary, AB",,Public CBRB directory listing. Verify before outreach; no email/contact person listed.
,,CanNest Immigration Consulting,+16046623266,,,"CBRB, 1app target, Immigration & Naturalization Services",https://www.thecbrb.ca/directory/immigration-naturalization-services/best-businesses-in-canada-2021-cannest-immigration-consulting,Immigration & Naturalization Services,"Immigration & Naturalization Services Vancouver, BC",,Public CBRB directory listing. Verify before outreach; no email/contact person listed.
,,Career Plus Immigration Consultants Inc.,+17807098600,,,"CBRB, 1app target, Immigration & Naturalization Services",https://www.thecbrb.ca/directory/immigration-naturalization-services/cbrb-best-businesses-in-canada-2024-career-plus-immigration-consultants-i,Immigration & Naturalization Services,"Immigration & Naturalization Service Edmonton, AB",,Public CBRB directory listing. Verify before outreach; no email/contact person listed.
,,Clarke Immigration Law,+12045996966,,https://www.apply2manitoba.ca/,"CBRB, 1app target, Immigration & Naturalization Services",https://www.thecbrb.ca/directory/immigration-naturalization-services/best-businesses-in-canada-2022-clarke-immigration-law,Immigration & Naturalization Services,"Immigration Law Firm Winnipeg, MB",,Public CBRB directory listing. Verify before outreach; no email/contact person listed.
,,Compass Immigration Services,+16136180776,,,"CBRB, 1app target, Immigration & Naturalization Services",https://www.thecbrb.ca/directory/immigration-naturalization-services/best-businesses-in-canada-2021-compass-immigration-services,Immigration & Naturalization Services,"Immigration & Naturalization Services Ottawa, ON",,Public CBRB directory listing. Verify before outreach; no email/contact person listed.
,,Contreras Law,+16049170473,,,"CBRB, 1app target, Immigration & Naturalization Services",https://www.thecbrb.ca/directory/immigration-naturalization-services/best-businesses-in-canada-2021-contreras-law,Immigration & Naturalization Services,"Immigration attorney Port Moody, BC",,Public CBRB directory listing. Verify before outreach; no email/contact person listed.
,,Cougar Immigration,+15198002212,,,"CBRB, 1app target, Immigration & Naturalization Services",https://www.thecbrb.ca/directory/immigration-naturalization-services/cbrb-best-businesses-in-canada-2023-cougar-immigration,Immigration & Naturalization Services,"Law firm Windsor, ON",,Public CBRB directory listing. Verify before outreach; no email/contact person listed.
,,DV Dhaliwal Immigration Consultancy Ltd.,+17788669664,,,"CBRB, 1app target, Immigration & Naturalization Services",https://www.thecbrb.ca/directory/immigration-naturalization-services/best-businesses-in-canada-2021-dv-dhaliwal-immigration-consultancy-ltd,Immigration & Naturalization Services,,"Immigration & Naturalization Services Victoria, British Columbia",Public CBRB directory listing. Verify before outreach; no email/contact person listed.
,,Equality Immigration Services,+16472504005,,,"CBRB, 1app target, Immigration & Naturalization Services",https://www.thecbrb.ca/directory/immigration-naturalization-services/cbrb-best-businesses-in-canada-2023-equality-immigration-services,Immigration & Naturalization Services,"Immigration Consulting Services Toronto, ON",,Public CBRB directory listing. Verify before outreach; no email/contact person listed.
,,Fourway Immigration Services,+16474658894,,,"CBRB, 1app target, Immigration & Naturalization Services",https://www.thecbrb.ca/directory/immigration-naturalization-services/cbrb-best-businesses-in-canada-2024-fourway-immigration-services,Immigration & Naturalization Services,"Immigration Consulting Firm Brampton, ON",,Public CBRB directory listing. Verify before outreach; no email/contact person listed.
,,Get In Canada,+14389204030,,,"CBRB, 1app target, Immigration & Naturalization Services",https://www.thecbrb.ca/directory/immigration-naturalization-services/best-businesses-in-canada-2022-get-in-canada,Immigration & Naturalization Services,"Immigration attorney Montreal, QC",,Public CBRB directory listing. Verify before outreach; no email/contact person listed.
,,Gill Visa House Immigration Services Inc.,+16479630085,,,"CBRB, 1app target, Immigration & Naturalization Services",https://www.thecbrb.ca/directory/immigration-naturalization-services/cbrb-best-businesses-in-canada-2024-gill-visa-house-immigration-services,Immigration & Naturalization Services,"Immigration Consultant Cambridge, ON",,Public CBRB directory listing. Verify before outreach; no email/contact person listed.
,,Guru Immigration Solutions,+16478612509,,,"CBRB, 1app target, Immigration & Naturalization Services",https://www.thecbrb.ca/directory/immigration-naturalization-services/cbrb-best-businesses-in-canada-2023-guru-immigration-solutions,Immigration & Naturalization Services,"Canadian Immigration Visa Consulting Services Brampton, ON",,Public CBRB directory listing. Verify before outreach; no email/contact person listed.
,,Hua ling Consultant Inc.,+14166972088,,,"CBRB, 1app target, Immigration & Naturalization Services",https://www.thecbrb.ca/directory/immigration-naturalization-services/cbrb-best-businesses-in-canada-hua-ling-consultant-inc,Immigration & Naturalization Services,"Immigration Consulting Toronto, ON",,Public CBRB directory listing. Verify before outreach; no email/contact person listed.
,,Idea Immigration Solutions Ltd,+16045971119,,,"CBRB, 1app target, Immigration & Naturalization Services",https://www.thecbrb.ca/directory/immigration-naturalization-services/best-businesses-in-canada-2021-idea-immigration-solutions-ltd,Immigration & Naturalization Services,"Immigration Consultant Surrey, BC",,Public CBRB directory listing. Verify before outreach; no email/contact person listed.
,,I-DREAM IMMIGRATION INC,+17789813000,,http://www.idimmigration.com/,"CBRB, 1app target, Immigration & Naturalization Services",https://www.thecbrb.ca/directory/immigration-naturalization-services/best-businesses-in-canada-2021-i-dream-immigration-inc,Immigration & Naturalization Services,"Immigration & naturalization service Surrey, BC",,Public CBRB directory listing. Verify before outreach; no email/contact person listed.
,,Jet Immigration,+19055952255,,,"CBRB, 1app target, Immigration & Naturalization Services",https://www.thecbrb.ca/directory/immigration-naturalization-services/cbrb-best-businesses-in-canada-2022-jet-immigration,Immigration & Naturalization Services,"Full Service Immigration Firm Brampton, ON",,Public CBRB directory listing. Verify before outreach; no email/contact person listed.
,,"Kahlon Law Office - Arshdeep Kahlon, Barrister and Solicitor",+16476767174,,,"CBRB, 1app target, Immigration & Naturalization Services",https://www.thecbrb.ca/directory/immigration-naturalization-services/best-businesses-in-canada-2021-kahlon-law-office-arshdeep-kahlon-barri,Immigration & Naturalization Services,"Immigration attorney Brampton, ON",,Public CBRB directory listing. Verify before outreach; no email/contact person listed.
,,Leila Maham Immigration Services,+14169995757,,,"CBRB, 1app target, Immigration & Naturalization Services",https://www.thecbrb.ca/directory/immigration-naturalization-services/cbrb-best-businesses-in-canada-2023-leila-maham-immigration-services,Immigration & Naturalization Services,"Consultant Toronto, ON",,Public CBRB directory listing. Verify before outreach; no email/contact person listed.
,,Mansouri Immigration Firm,+16044685747,,,"CBRB, 1app target, Immigration & Naturalization Services",https://www.thecbrb.ca/directory/immigration-naturalization-services/cbrb-best-businesses-in-canada-2023-mansouri-immigration-firm,Immigration & Naturalization Services,"Immigration & Naturalization Services Vancouver, BC",,Public CBRB directory listing. Verify before outreach; no email/contact person listed.
,,MDSVISA Immigration Services,+19057669600,,,"CBRB, 1app target, Immigration & Naturalization Services",https://www.thecbrb.ca/directory/immigration-naturalization-services/best-businesses-in-canada-2021-mdsvisa-immigration-services,Immigration & Naturalization Services,"Immigration & Naturalization Services Mississauga , ON",,Public CBRB directory listing. Verify before outreach; no email/contact person listed.
,,Migrating Bird Immigration Services Inc,+16043621969,,,"CBRB, 1app target, Immigration & Naturalization Services",https://www.thecbrb.ca/directory/immigration-naturalization-services/cbrb-best-businesses-in-canada-2023-migrating-bird-immigration-services,Immigration & Naturalization Services,"Immigration & Naturalization Services North Vancouver, BC",,Public CBRB directory listing. Verify before outreach; no email/contact person listed.
,,NIA Immigration Services,+16044455555,,,"CBRB, 1app target, Immigration & Naturalization Services",https://www.thecbrb.ca/directory/immigration-naturalization-services/cbrb-best-businesses-in-canada-2023-nia-immigration-services,Immigration & Naturalization Services,"Immigration Attorney North Vancouver , BC",,Public CBRB directory listing. Verify before outreach; no email/contact person listed.
,,Nohproblem Consulting INC and Jungmin Noh Immigration Consulting,+16047578688,,,"CBRB, 1app target, Immigration & Naturalization Services",https://www.thecbrb.ca/directory/immigration-naturalization-services/best-businesses-in-canada-2021-nohproblem-consulting,Immigration & Naturalization Services,"Immigration and Education Consulting Business Vancouver , BC",,Public CBRB directory listing. Verify before outreach; no email/contact person listed.
,,Nova Pathway Immigration Service Inc.,+14168007857,,,"CBRB, 1app target, Immigration & Naturalization Services",https://www.thecbrb.ca/directory/immigration-naturalization-services/cbrb-best-businesses-in-canada-2023-nova-pathway-immigration-service-inc,Immigration & Naturalization Services,"Education and Immigration Service Company Toronto, ON",,Public CBRB directory listing. Verify before outreach; no email/contact person listed.
,,Perez McKenzie Immigration,+17786509700,,,"CBRB, 1app target, Immigration & Naturalization Services",https://www.thecbrb.ca/directory/immigration-naturalization-services/best-businesses-in-canada-2021-perez-mckenzie-immigration,Immigration & Naturalization Services,,"Consultant Vancouver, British Columbia",Public CBRB directory listing. Verify before outreach; no email/contact person listed.
,,Rainbow Immigration Ltd.,+12042027900,,,"CBRB, 1app target, Immigration & Naturalization Services",https://www.thecbrb.ca/directory/immigration-naturalization-services/best-businesses-in-canada-2021-rainbow-immigration-ltd,Immigration & Naturalization Services,,"Immigration & Naturalization Services Winnipeg, Manitoba",Public CBRB directory listing. Verify before outreach; no email/contact person listed.
,,Swallow Immigration Consultancy Inc,+15062068585,,,"CBRB, 1app target, Immigration & Naturalization Services",https://www.thecbrb.ca/directory/immigration-naturalization-services/best-businesses-in-canada-2021-swallow-immigration-consultancy-inc,Immigration & Naturalization Services,,"Immigration & Naturalization Services Fredericton, New Brunswick",Public CBRB directory listing. Verify before outreach; no email/contact person listed.
,,Taaj Insurance Services,+12049968200,,,"CBRB, 1app target, Immigration & Naturalization Services",https://www.thecbrb.ca/directory/immigration-naturalization-services/best-businesses-in-canada-2021-taaj-insurance-services,Immigration & Naturalization Services,,"Immigration & Naturalization Services Winnipeg, Manitoba",Public CBRB directory listing. Verify before outreach; no email/contact person listed.
,,The Immigration Express,+18772392324,,,"CBRB, 1app target, Immigration & Naturalization Services",https://www.thecbrb.ca/directory/immigration-naturalization-services/best-businesses-in-canada-2022-the-immigration-express,Immigration & Naturalization Services,,"Immigration & Naturalization Services Toronto, Ontario",Public CBRB directory listing. Verify before outreach; no email/contact person listed.
,,Truway Immigration Consulting,+12896087408,,,"CBRB, 1app target, Immigration & Naturalization Services",https://www.thecbrb.ca/directory/immigration-naturalization-services/best-businesses-in-canada-2022-truway-immigration-consulting,Immigration & Naturalization Services,,"Immigration & Naturalization Services Mississauga, Ontario",Public CBRB directory listing. Verify before outreach; no email/contact person listed.
,,Visarete Immigration Services,+14168294753,,,"CBRB, 1app target, Immigration & Naturalization Services",https://www.thecbrb.ca/directory/immigration-naturalization-services/best-businesses-in-canada-2022-visarete-immigration-services,Immigration & Naturalization Services,,"Immigration & Naturalization Services Whitby, Ontario",Public CBRB directory listing. Verify before outreach; no email/contact person listed.
,,VisapourCanada,+15148333663,,https://visapourcanada.com/en/,"CBRB, 1app target, Immigration & Naturalization Services",https://www.thecbrb.ca/directory/immigration-naturalization-services/cbrb-best-businesses-in-canada-2022-visapourcanada,Immigration & Naturalization Services,"Regulated Canadian Immigration Consultants Saint-Zotique, QC",,Public CBRB directory listing. Verify before outreach; no email/contact person listed.
,,Waterbrooke Immigration Services Inc.,+16478184429,,,"CBRB, 1app target, Immigration & Naturalization Services",https://www.thecbrb.ca/directory/immigration-naturalization-services/cbrb-best-businesses-in-canada-2023-waterbrooke-immigration-services-inc,Immigration & Naturalization Services,"Licensed Immigration Consultants Brampton, ON",,Public CBRB directory listing. Verify before outreach; no email/contact person listed.
,,WestSquare Immigration Services Limited,+17802433786,,,"CBRB, 1app target, Immigration & Naturalization Services",https://www.thecbrb.ca/directory/immigration-naturalization-services/best-businesses-in-canada-2021-westsquare-immigration-services-limited,Immigration & Naturalization Services,"Immigration Attorney Edmonton , AB",,Public CBRB directory listing. Verify before outreach; no email/contact person listed.
,,Yarsa Immigration Services,+16047638817,,,"CBRB, 1app target, Immigration & Naturalization Services",https://www.thecbrb.ca/directory/immigration-naturalization-services/cbrb-best-businesses-in-canada-2024-yarsa-immigration-services,Immigration & Naturalization Services,"Immigration Attorney Port Moody, BC",,Public CBRB directory listing. Verify before outreach; no email/contact person listed.
,,Yoke Immigration Services Ltd,+19059043224,,,"CBRB, 1app target, Immigration & Naturalization Services",https://www.thecbrb.ca/directory/immigration-naturalization-services/cbrb-best-businesses-in-canada-2023-yoke-immigration-services-ltd,Immigration & Naturalization Services,"Canadian Immigration Services Toronto, ON",,Public CBRB directory listing. Verify before outreach; no email/contact person listed.
,,Bugaboo Landscaping Ltd,+14032837843,,,"CBRB, 1app target, Landscapers",https://www.thecbrb.ca/directory/landscapers/cbrb-best-businesses-in-canada-bugaboo-landscaping-ltd,Landscapers,,"Property Maintenance Calgary, Alberta",Public CBRB directory listing. Verify before outreach; no email/contact person listed.
,,Burlington Landscaping and Sod,+19058185922,,,"CBRB, 1app target, Landscapers",https://www.thecbrb.ca/directory/landscapers/cbrb-best-businesses-in-canada-burlington-landscaping-and-sod,Landscapers,,"Sod & Irrigation Installation Services Burlington, Ontario",Public CBRB directory listing. Verify before outreach; no email/contact person listed.
,,LandSharx,+14034568500,,,"CBRB, 1app target, Landscapers",https://www.thecbrb.ca/directory/landscapers/cbrb-best-businesses-in-canada-landsharx,Landscapers,,"Lawn Care & Snow Removal Services Calgary, Alberta",Public CBRB directory listing. Verify before outreach; no email/contact person listed.
,,Nick's Renoland Inc.,+16043382566,,,"CBRB, 1app target, Landscapers",https://www.thecbrb.ca/directory/landscapers/cbrb-best-businesses-in-canada-nicks-renoland-inc,Landscapers,,"Landscaping Company Surrey, British Columbia",Public CBRB directory listing. Verify before outreach; no email/contact person listed.
,,Oakville Fence Repair Ltd,+16474954151,,,"CBRB, 1app target, Landscapers",https://www.thecbrb.ca/directory/landscapers/cbrb-best-businesses-in-canada-oakville-fence-repair-ltd,Landscapers,"Fence,","Landscaping & Snow Removal Contractor Burlington, Ontario",Public CBRB directory listing. Verify before outreach; no email/contact person listed.
,,Silvestro Landscape Construction Inc.,+15197716977,,,"CBRB, 1app target, Landscapers",https://www.thecbrb.ca/directory/landscapers/cbrb-best-businesses-in-canada-silvestro-landscape-construction-inc,Landscapers,,"Landscape Construction Brantford, Ontario",Public CBRB directory listing. Verify before outreach; no email/contact person listed.
,,"The Growing Season, Inc.",+14164524889,,,"CBRB, 1app target, Landscapers",https://www.thecbrb.ca/directory/landscapers/cbrb-best-businesses-in-canada-the-growing-season-inc,Landscapers,,"Landscape Design & Installation Services Bolton, Ontario",Public CBRB directory listing. Verify before outreach; no email/contact person listed.
,,Aussie Tree Care,+16132831698,,,"CBRB, 1app target, Landscapers",https://www.thecbrb.ca/directory/landscapers/cbrb-best-businesses-in-canada-2024-aussie-tree-care,Landscapers,,"Tree Services Lombardy, Ontario",Public CBRB directory listing. Verify before outreach; no email/contact person listed.
,,Be Yard Smart Inc.,+14035480055,,https://www.yardsmartmedicinehat.com/,"CBRB, 1app target, Landscapers",https://www.thecbrb.ca/directory/landscapers/best-businesses-in-canada-2022-be-yard-smart-inc,Landscapers,,"Lawn Care & Snow Removal Medicine Hat, Alberta",Public CBRB directory listing. Verify before outreach; no email/contact person listed.
,,Brad's Tree Service,+17056072684,,,"CBRB, 1app target, Landscapers",https://www.thecbrb.ca/directory/landscapers/best-businesses-in-canada-2021-brads-tree-service,Landscapers,,"Tree service Barrie, Ontario",Public CBRB directory listing. Verify before outreach; no email/contact person listed.
,,Diamond Cut Lawn Services Ltd.,+14035271100,,,"CBRB, 1app target, Landscapers",https://www.thecbrb.ca/directory/landscapers/cbrb-best-businesses-in-canada-2022-diamond-cut-lawn-services-ltd,Landscapers,,"Lawn Maintenance and Vegetation Control Medicine Hat, Alberta",Public CBRB directory listing. Verify before outreach; no email/contact person listed.
,,Fontaine Contracting LTD.,+16048455441,,,"CBRB, 1app target, Landscapers",https://www.thecbrb.ca/directory/landscapers/cbrb-best-businesses-in-canada-2023-fontaine-contracting-ltd,Landscapers,,"Landscaper Chilliwack, British Columbia",Public CBRB directory listing. Verify before outreach; no email/contact person listed.
,,Froman's Landscaping,+15197560704,,,"CBRB, 1app target, Landscapers",https://www.thecbrb.ca/directory/landscapers/best-businesses-in-canada-2022-fromans-landscaping,Landscapers,,"Landscape designer Brantford, Ontario",Public CBRB directory listing. Verify before outreach; no email/contact person listed.
,,Great White Landscaping & Snow Removal Ltd.,+15196483735,,,"CBRB, 1app target, Landscapers",https://www.thecbrb.ca/directory/landscapers/best-businesses-in-canada-2022-great-white-landscaping-snow-removal-ltd,Landscapers,Landscape architect Ontario,,Public CBRB directory listing. Verify before outreach; no email/contact person listed.
,,Green Blade Lawn Care,+12048371764,,,"CBRB, 1app target, Landscapers",https://www.thecbrb.ca/directory/landscapers/cbrb-best-businesses-in-canada-2024-green-blade-lawn-care,Landscapers,Lawn Care & Snow Clearing Services Manitoba,,Public CBRB directory listing. Verify before outreach; no email/contact person listed.
,,Greenfield Landscaping and Lawn Care,+19057097773,,,"CBRB, 1app target, Landscapers",https://www.thecbrb.ca/directory/landscapers/best-businesses-in-canada-2022-greenfield-landscaping-and-lawn-care,Landscapers,,"Landscaper Markham, Ontario",Public CBRB directory listing. Verify before outreach; no email/contact person listed.
,,Groupe Delsol,+15142606890,,http://www.hhsedmonton.com/,"CBRB, 1app target, Landscapers",https://www.thecbrb.ca/directory/landscapers/best-businesses-in-canada-2021-groupe-delsol,Landscapers,,"Landscaping supply store Boisbriand, Quebec",Public CBRB directory listing. Verify before outreach; no email/contact person listed.
,,H.S Lawn Care and Property Maintenance,+19055123680,,https://imaginelawns.ca/,"CBRB, 1app target, Landscapers",https://www.thecbrb.ca/directory/landscapers/best-businesses-in-canada-2022-h-s-lawn-care-and-property-maintenance,Landscapers,,"Landscaping Services Hamilton, Ontario",Public CBRB directory listing. Verify before outreach; no email/contact person listed.
,,Kalagan Outdoor Design,+12503069449,,https://kalaganoutdoordesign.com/,"CBRB, 1app target, Landscapers",https://www.thecbrb.ca/directory/landscapers/best-businesses-in-canada-2022-kalagan-outdoor-design,Landscapers,,"Landscaping Services Vernon, British Columbia",Public CBRB directory listing. Verify before outreach; no email/contact person listed.
,,LOTUS,+14166717270,,,"CBRB, 1app target, Landscapers",https://www.thecbrb.ca/directory/landscapers/best-businesses-in-canada-2021-lotus,Landscapers,,"Landscape Contractor Toronto, Ontario",Public CBRB directory listing. Verify before outreach; no email/contact person listed.
,,M&S Landscaping Design And Build Inc.,+16474606782,,,"CBRB, 1app target, Landscapers",https://www.thecbrb.ca/directory/landscapers/best-businesses-in-canada-2022-ms-landscaping-design-and-build-inc,Landscapers,,"Residential and Commercial Landscaping Services Toronto, Ontario",Public CBRB directory listing. Verify before outreach; no email/contact person listed.
,,Newfoundlandscape Design & Construction Inc.,+16132985041,,,"CBRB, 1app target, Landscapers",https://www.thecbrb.ca/directory/landscapers/cbrb-best-businesses-in-canada-2024-newfoundlandscape-design,Landscapers,,"Landscape Contractor Ottawa, Ontario",Public CBRB directory listing. Verify before outreach; no email/contact person listed.
,,Norse Landscapes,+14039091861,,https://norselandscapes.ca/,"CBRB, 1app target, Landscapers",https://www.thecbrb.ca/directory/landscapers/best-businesses-in-canada-2021-norse-landscapes,Landscapers,,"Landscaping Calgary, Alberta",Public CBRB directory listing. Verify before outreach; no email/contact person listed.
,,Okanagan Yard Works,+12508990981,,,"CBRB, 1app target, Landscapers",https://www.thecbrb.ca/directory/landscapers/best-businesses-in-canada-2021-okanagan-yard-works,Landscapers,,"Landscape Contractor Kelowna, British Columbia",Public CBRB directory listing. Verify before outreach; no email/contact person listed.
,,Paterson Yard Works,+12042963698,,,"CBRB, 1app target, Landscapers",https://www.thecbrb.ca/directory/landscapers/best-businesses-in-canada-2022-paterson-yard-works,Landscapers,,"Landscaping and Lawn Care Service Niverville, Manitoba",Public CBRB directory listing. Verify before outreach; no email/contact person listed.
,,Paysagement Duguay,+14389330876,,,"CBRB, 1app target, Landscapers",https://www.thecbrb.ca/directory/landscapers/cbrb-best-businesses-in-canada-2023-paysagement-duguay,Landscapers,,"Landscaper Laval, Quebec",Public CBRB directory listing. Verify before outreach; no email/contact person listed.
,,Professional Tree Removal,+12506122520,,,"CBRB, 1app target, Landscapers",https://www.thecbrb.ca/directory/landscapers/best-businesses-in-canada-2022-professional-tree-removal,Landscapers,,"Tree Service Prince George, British Columbia",Public CBRB directory listing. Verify before outreach; no email/contact person listed.
,,The Gardener - Peterborough,+17057415505,,,"CBRB, 1app target, Landscapers",https://www.thecbrb.ca/directory/landscapers/cbrb-best-businesses-in-canada-2023-the-gardener-peterborough,Landscapers,,"Landscaper Cavan, Ontario",Public CBRB directory listing. Verify before outreach; no email/contact person listed.
,,Tree and Tractor,+18076205625,,,"CBRB, 1app target, Landscapers",https://www.thecbrb.ca/directory/landscapers/cbrb-best-businesses-in-canada-2023-tree-and-tractor,Landscapers,,"Arborist and Tree Surgeon Thunder Bay, Ontario",Public CBRB directory listing. Verify before outreach; no email/contact person listed.
,,Trillium Property Services,+14169518533,,https://www.aurorasnowremoval.ca/,"CBRB, 1app target, Landscapers",https://www.thecbrb.ca/directory/landscapers/cbrb-best-businesses-in-canada-2023-trillium-property-services,Landscapers,,"Landscaping Company Aurora, Ontario",Public CBRB directory listing. Verify before outreach; no email/contact person listed.
,,Verdant Landscape Design Build Management,+12262380591,,,"CBRB, 1app target, Landscapers",https://www.thecbrb.ca/directory/landscapers/best-businesses-in-canada-2022-verdant-landscape-design-build-management,Landscapers,,"Landscape and Design Build Management Ingersoll, Ontario",Public CBRB directory listing. Verify before outreach; no email/contact person listed.
,,Vertical Landscape Architects Inc.,+14165188446,,,"CBRB, 1app target, Landscapers",https://www.thecbrb.ca/directory/landscapers/best-businesses-in-canada-2021-vertical-landscape-architects-inc,Landscapers,,"Landscape architect Toronto, Ontario",Public CBRB directory listing. Verify before outreach; no email/contact person listed.
,,Azimi Law,+14169004128,,,"CBRB, 1app target, Lawyers & Legal Services",https://www.thecbrb.ca/directory/lawyers-legal-services/cbrb-best-businesses-in-canada-azimi-law,Lawyers & Legal Services,"Personal Injury & Immigration Legal Services Toronto, ON",,Public CBRB directory listing. Verify before outreach; no email/contact person listed.
,,Cheryl A. Hodgkin - The Family Law Firm,+15192585252,,,"CBRB, 1app target, Lawyers & Legal Services",https://www.thecbrb.ca/directory/lawyers-legal-services/cbrb-best-businesses-in-canada-cheryl-a-hodgkin-the-family-law-firm,Lawyers & Legal Services,"Family Law Firm Windsor, ON",,Public CBRB directory listing. Verify before outreach; no email/contact person listed.
,,Ford Haymour & Associates LLP,+14032456464,,,"CBRB, 1app target, Lawyers & Legal Services",https://www.thecbrb.ca/directory/lawyers-legal-services/cbrb-best-businesses-in-canada-ford-haymour-associates-llp,Lawyers & Legal Services,"Full-Service Law Firm Calgar y , AB",,Public CBRB directory listing. Verify before outreach; no email/contact person listed.
,,J. Donovan Law Group,+15064068080,,,"CBRB, 1app target, Lawyers & Legal Services",https://www.thecbrb.ca/directory/lawyers-legal-services/cbrb-best-businesses-in-canada-j-donovan-law-group,Lawyers & Legal Services,"Law Firm Fredericton, NB",,Public CBRB directory listing. Verify before outreach; no email/contact person listed.
,,Joseph A. Nagy Injury Law,+17807604878,,,"CBRB, 1app target, Lawyers & Legal Services",https://www.thecbrb.ca/directory/lawyers-legal-services/cbrb-best-businesses-in-canada-joseph-a-nagy-injury-law,Lawyers & Legal Services,"Personal Injury Attorney Edmonton, AB",,Public CBRB directory listing. Verify before outreach; no email/contact person listed.
,,Kantor LLP,+14034522011,,,"CBRB, 1app target, Lawyers & Legal Services",https://www.thecbrb.ca/directory/lawyers-legal-services/cbrb-best-businesses-in-canada-kantor-llp,Lawyers & Legal Services,"Estate Litigation Lawyers Calgary, AB",,Public CBRB directory listing. Verify before outreach; no email/contact person listed.
,,La Boîte Juridique,+18197788809,,,"CBRB, 1app target, Lawyers & Legal Services",https://www.thecbrb.ca/directory/lawyers-legal-services/cbrb-best-businesses-in-canada-la-boîte-juridique,Lawyers & Legal Services,"Civil Litigation and Business Lawyers Gatineau, QC",,Public CBRB directory listing. Verify before outreach; no email/contact person listed.
,,Oatley Vigmond LLP,+14162256550,,,"CBRB, 1app target, Lawyers & Legal Services",https://www.thecbrb.ca/directory/lawyers-legal-services/cbrb-best-businesses-in-canada-oatley-vigmond-llp,Lawyers & Legal Services,"Personal Injury Law Firm Toronto, ON",,Public CBRB directory listing. Verify before outreach; no email/contact person listed.
,,Pardon Applications of Canada,+18663839744,,https://www.pardonapplications.ca,"CBRB, 1app target, Lawyers & Legal Services",https://www.thecbrb.ca/directory/lawyers-legal-services/cbrb-best-businesses-in-canada-pardon-applications-of-canada,Lawyers & Legal Services,"Processing Firm Ottawa, ON",,Public CBRB directory listing. Verify before outreach; no email/contact person listed.
,,Pipella Law,+14032658733,,,"CBRB, 1app target, Lawyers & Legal Services",https://www.thecbrb.ca/directory/lawyers-legal-services/cbrb-best-businesses-in-canada-pipella-law,Lawyers & Legal Services,"Personal Injury Law Firm Calgary, AB",,Public CBRB directory listing. Verify before outreach; no email/contact person listed.
,,Renée Cormier Law,+15063515222,,,"CBRB, 1app target, Lawyers & Legal Services",https://www.thecbrb.ca/directory/lawyers-legal-services/cbrb-best-businesses-in-canada-renée-cormier-law,Lawyers & Legal Services,"General Practice Attorney Shediac, NB",,Public CBRB directory listing. Verify before outreach; no email/contact person listed.
,,Resolve Legal Group,+14032292365,,,"CBRB, 1app target, Lawyers & Legal Services",https://www.thecbrb.ca/directory/lawyers-legal-services/cbrb-best-businesses-in-canada-resolve-legal-group,Lawyers & Legal Services,"Family Law Firm & Divorce Lawyers Calgary, AB",,Public CBRB directory listing. Verify before outreach; no email/contact person listed.
,,SMP Law,+19055659494,,,"CBRB, 1app target, Lawyers & Legal Services",https://www.thecbrb.ca/directory/lawyers-legal-services/cbrb-best-businesses-in-canada-smp-law,Lawyers & Legal Services,"Family Law Firm Mississauga , ON",,Public CBRB directory listing. Verify before outreach; no email/contact person listed.
,,Stokes Law LLP,+15874334623,,,"CBRB, 1app target, Lawyers & Legal Services",https://www.thecbrb.ca/directory/lawyers-legal-services/cbrb-best-businesses-in-canada-stokes-law-llp,Lawyers & Legal Services,"Family Law Firm and Mediation Services Calgary, AB",,Public CBRB directory listing. Verify before outreach; no email/contact person listed.
,,Valent Legal,+19024434488,,,"CBRB, 1app target, Lawyers & Legal Services",https://www.thecbrb.ca/directory/lawyers-legal-services/cbrb-best-businesses-in-canada-valent-legal,Lawyers & Legal Services,"Personal Injury Law Firm Halifax, NS",,Public CBRB directory listing. Verify before outreach; no email/contact person listed.
,,Vosooghi Law Professional Corporation,+14169988900,,,"CBRB, 1app target, Lawyers & Legal Services",https://www.thecbrb.ca/directory/lawyers-legal-services/cbrb-best-businesses-in-canada-vosooghi-law-professional-corporation,Lawyers & Legal Services,"Law Firm Richmond Hill , ON",,Public CBRB directory listing. Verify before outreach; no email/contact person listed.
,,Amer Ali Law Professional Corporation,+13436335997,,,"CBRB, 1app target, Lawyers & Legal Services",https://www.thecbrb.ca/directory/lawyers-legal-services/best-businesses-in-canada-2022-amer-ali-law-professional-corporation,Lawyers & Legal Services,"Real Estate Lawyer Ottawa, ON",,Public CBRB directory listing. Verify before outreach; no email/contact person listed.
,,Bourdon Defence,+14034744143,,,"CBRB, 1app target, Lawyers & Legal Services",https://www.thecbrb.ca/directory/lawyers-legal-services/best-businesses-in-canada-2022-bourdon-defence,Lawyers & Legal Services,"Criminal Defence Lawyer Calgary, AB",,Public CBRB directory listing. Verify before outreach; no email/contact person listed.
,,BPark Law Professional Corporation,+16473750088,,,"CBRB, 1app target, Lawyers & Legal Services",https://www.thecbrb.ca/directory/lawyers-legal-services/cbrb-best-businesses-in-canada-2023-bpark-law-professional-corporation,Lawyers & Legal Services,"Law Firm Oakville, ON",,Public CBRB directory listing. Verify before outreach; no email/contact person listed.
,,Cantini Law,+15068672529,,,"CBRB, 1app target, Lawyers & Legal Services",https://www.thecbrb.ca/directory/lawyers-legal-services/cbrb-best-businesses-in-canada-2022-cantini-law,Lawyers & Legal Services,"Personal Injury Attorney Moncton, N B",,Public CBRB directory listing. Verify before outreach; no email/contact person listed.
,,Caprara Barristers (CBLAW),+14167819350,,,"CBRB, 1app target, Lawyers & Legal Services",https://www.thecbrb.ca/directory/lawyers-legal-services/cbrb-best-businesses-in-canada-2023-caprara-barristers-cblaw,Lawyers & Legal Services,"Personal Injury Attorney Vaughan, ON",,Public CBRB directory listing. Verify before outreach; no email/contact person listed.
,,Chartrand Law Office,+17809998001,,,"CBRB, 1app target, Lawyers & Legal Services",https://www.thecbrb.ca/directory/lawyers-legal-services/cbrb-best-businesses-in-canada-2022-chartrand-law-office,Lawyers & Legal Services,"Lawyers Edmonton, AB",,Public CBRB directory listing. Verify before outreach; no email/contact person listed.
,,Cuming & Gillespie,+14035710555,,,"CBRB, 1app target, Lawyers & Legal Services",https://www.thecbrb.ca/directory/lawyers-legal-services/cbrb-best-businesses-in-canada-2023-cuming-gillespie,Lawyers & Legal Services,"Injury Law Firm Calgary, AB",,Public CBRB directory listing. Verify before outreach; no email/contact person listed.
,,Davidson & Williams LLP,+14033281766,,,"CBRB, 1app target, Lawyers & Legal Services",https://www.thecbrb.ca/directory/lawyers-legal-services/best-businesses-in-canada-2022-davidson-williams-llp,Lawyers & Legal Services,"General practice attorney Lethbridge, AB",,Public CBRB directory listing. Verify before outreach; no email/contact person listed.
,,Edmonton Criminal Lawyer Ziv,+17806867948,,,"CBRB, 1app target, Lawyers & Legal Services",https://www.thecbrb.ca/directory/lawyers-legal-services/best-businesses-in-canada-2022-edmonton-criminal-lawyer-ziv,Lawyers & Legal Services,"Criminal Defence Lawyer Edmonton, AB",,Public CBRB directory listing. Verify before outreach; no email/contact person listed.
,,Gavran Criminal Defence,+16476246324,,,"CBRB, 1app target, Lawyers & Legal Services",https://www.thecbrb.ca/directory/lawyers-legal-services/best-businesses-in-canada-2021-gavran-criminal-defence,Lawyers & Legal Services,"Legal Services Toronto, ON",,Public CBRB directory listing. Verify before outreach; no email/contact person listed.
,,GK Law Firm,+15199460275,,,"CBRB, 1app target, Lawyers & Legal Services",https://www.thecbrb.ca/directory/lawyers-legal-services/cbrb-best-businesses-in-canada-2022-gk-law-firm-professional-corporation,Lawyers & Legal Services,"Law Firm Windsor, ON",,Public CBRB directory listing. Verify before outreach; no email/contact person listed.
,,Graydon Sheppard Professional Corporation,+19055241660,,,"CBRB, 1app target, Lawyers & Legal Services",https://www.thecbrb.ca/directory/lawyers-legal-services/cbrb-best-businesses-in-canada-2023-graydon-sheppard-professional-corpora,Lawyers & Legal Services,"Civil Litigation Lawyers Hamilton, ON",,Public CBRB directory listing. Verify before outreach; no email/contact person listed.
,,Gordon & Company,+12508609997,,,"CBRB, 1app target, Lawyers & Legal Services",https://www.thecbrb.ca/directory/lawyers-legal-services/cbrb-best-businesses-in-canada-2023-gordon-company,Lawyers & Legal Services,"Law Firm Kelowna, B C",,Public CBRB directory listing. Verify before outreach; no email/contact person listed.
,,Harneet Singh Legal Professional Corporation,+14166042227,,,"CBRB, 1app target, Lawyers & Legal Services",https://www.thecbrb.ca/directory/lawyers-legal-services/best-businesses-in-canada-2022-harneet-singh-legal-professional-corporati,Lawyers & Legal Services,"Law firm Toronto, ON",,Public CBRB directory listing. Verify before outreach; no email/contact person listed.
,,Hepburn Law,+19058695488,,,"CBRB, 1app target, Lawyers & Legal Services",https://www.thecbrb.ca/directory/lawyers-legal-services/cbrb-best-businesses-in-canada-2024-hepburn-law,Lawyers & Legal Services,"Criminal Defence Lawyer Hamilton, ON",,Public CBRB directory listing. Verify before outreach; no email/contact person listed.
,,Horra Family Law,+14168401475,,,"CBRB, 1app target, Lawyers & Legal Services",https://www.thecbrb.ca/directory/lawyers-legal-services/best-businesses-in-canada-2021-horra-family-law,Lawyers & Legal Services,"Corporate office Markham, ON",,Public CBRB directory listing. Verify before outreach; no email/contact person listed.
,,James H. Brown & Associates,+17804280088,,,"CBRB, 1app target, Lawyers & Legal Services",https://www.thecbrb.ca/directory/lawyers-legal-services/cbrb-best-businesses-in-canada-2024-james-h-brown-associates,Lawyers & Legal Services,"Personal Injury Law Edmonton, AB",,Public CBRB directory listing. Verify before outreach; no email/contact person listed.
,,JD Law - Jennifer L. Cragg,+15872721414,,,"CBRB, 1app target, Lawyers & Legal Services",https://www.thecbrb.ca/directory/lawyers-legal-services/best-businesses-in-canada-2021-jd-law-jennifer-l-cragg-real-estate,Lawyers & Legal Services,"Lawyer Red Deer, AB",,Public CBRB directory listing. Verify before outreach; no email/contact person listed.
,,Kalfa Law,+14166317227,,,"CBRB, 1app target, Lawyers & Legal Services",https://www.thecbrb.ca/directory/lawyers-legal-services/cbrb-best-businesses-in-canada-2022-kalfa-law,Lawyers & Legal Services,"Business & Tax Lawyers Vaughan, ON",,Public CBRB directory listing. Verify before outreach; no email/contact person listed.
,,KS LEGAL,+19055019555,,,"CBRB, 1app target, Lawyers & Legal Services",https://www.thecbrb.ca/directory/lawyers-legal-services/best-businesses-in-canada-2021-ks-legal,Lawyers & Legal Services,"Law Firm Mississauga, ON",,Public CBRB directory listing. Verify before outreach; no email/contact person listed.
,,LawyerG,+14034545294,,,"CBRB, 1app target, Lawyers & Legal Services",https://www.thecbrb.ca/directory/lawyers-legal-services/best-businesses-in-canada-2022-lawyerg,Lawyers & Legal Services,"Law firm Calgary, AB - (",,Public CBRB directory listing. Verify before outreach; no email/contact person listed.
,,Legal Studio Professional Corporation,+18888032944,,,"CBRB, 1app target, Lawyers & Legal Services",https://www.thecbrb.ca/directory/lawyers-legal-services/best-businesses-in-canada-2021-legal-studio,Lawyers & Legal Services,"Law Firm Mississauga, ON",,Public CBRB directory listing. Verify before outreach; no email/contact person listed.
,,Lorraine E. John - Notary Public,+16049854150,,,"CBRB, 1app target, Lawyers & Legal Services",https://www.thecbrb.ca/directory/lawyers-legal-services/cbrb-best-businesses-in-canada-2022-lorraine-e-john-notary-public,Lawyers & Legal Services,"Notary Public North Vancouver, B C",,Public CBRB directory listing. Verify before outreach; no email/contact person listed.
,,Lutz Parish Gerrish,+15068321500,,,"CBRB, 1app target, Lawyers & Legal Services",https://www.thecbrb.ca/directory/lawyers-legal-services/cbrb-best-businesses-in-canada-2023-lutz-parish-gerrish,Lawyers & Legal Services,"Law Firm Hampton, NB",,Public CBRB directory listing. Verify before outreach; no email/contact person listed.
,,Merchant Law Group LLP,+13063597777,,,"CBRB, 1app target, Lawyers & Legal Services",https://www.thecbrb.ca/directory/lawyers-legal-services/cbrb-best-businesses-in-canada-2022-merchant-law-group-llp,Lawyers & Legal Services,"Law Firm Regina, SK",,Public CBRB directory listing. Verify before outreach; no email/contact person listed.
,,MNK & Associates DBA YOUR Legal Services,+19056414446,,,"CBRB, 1app target, Lawyers & Legal Services",https://www.thecbrb.ca/directory/lawyers-legal-services/best-businesses-in-canada-2022-mnk-associates-dba-your-legal-services,Lawyers & Legal Services,"Law Firm St. Catharines, ON",,Public CBRB directory listing. Verify before outreach; no email/contact person listed.
,,Moondi Law Professional Corporation,+14167498100,,,"CBRB, 1app target, Lawyers & Legal Services",https://www.thecbrb.ca/directory/lawyers-legal-services/cbrb-best-businesses-in-canada-2024-moondi-law,Lawyers & Legal Services,"Law Firm Toronto, ON",,Public CBRB directory listing. Verify before outreach; no email/contact person listed.
,,Morris Law,+12269161755,,,"CBRB, 1app target, Lawyers & Legal Services",https://www.thecbrb.ca/directory/lawyers-legal-services/cbrb-best-businesses-in-canada-2023-morris-law,Lawyers & Legal Services,"Law Firm Mono, ON",,Public CBRB directory listing. Verify before outreach; no email/contact person listed.
,,Nasser Allan LLP,+16046208682,,,"CBRB, 1app target, Lawyers & Legal Services",https://www.thecbrb.ca/directory/lawyers-legal-services/cbrb-best-businesses-in-canada-2023-nasser-allan-llp,Lawyers & Legal Services,"Family and Divorce Lawyers Vancouver, B C",,Public CBRB directory listing. Verify before outreach; no email/contact person listed.
,,Nicolas Lejeune Notary Public,+17783856008,,,"CBRB, 1app target, Lawyers & Legal Services",https://www.thecbrb.ca/directory/lawyers-legal-services/cbrb-best-businesses-in-canada-2023-nicolas-lejeune-notary-public,Lawyers & Legal Services,"Notary Public Vancouver, B C",,Public CBRB directory listing. Verify before outreach; no email/contact person listed.
,,Nicholas Robinson Criminal Lawyer,+13069949522,,,"CBRB, 1app target, Lawyers & Legal Services",https://www.thecbrb.ca/directory/lawyers-legal-services/cbrb-best-businesses-in-canada-2023-nicholas-robinson-criminal-lawyer,Lawyers & Legal Services,"Criminal Justice Attorney Regina, SK",,Public CBRB directory listing. Verify before outreach; no email/contact person listed.
,,Oksana Miroutenko | Real Estate Lawyer,+14162349555,,https://osujismith.ca/,"CBRB, 1app target, Lawyers & Legal Services",https://www.thecbrb.ca/directory/lawyers-legal-services/best-businesses-in-canada-2022-oksana-miroutenko-real-estate-lawyer,Lawyers & Legal Services,"Real estate attorney Toronto, ON - (",,Public CBRB directory listing. Verify before outreach; no email/contact person listed.
,,Peter B Mason Professional Corporation,+18668881081,,,"CBRB, 1app target, Lawyers & Legal Services",https://www.thecbrb.ca/directory/lawyers-legal-services/cbrb-best-businesses-in-canada-2024-peter-b-mason-professional,Lawyers & Legal Services,"Real Estate Attorney Edmonton, AB",,Public CBRB directory listing. Verify before outreach; no email/contact person listed.
,,Popovici Droit Familial / Family Law Inc.,+15144486666,,https://popovici.law/fr/,"CBRB, 1app target, Lawyers & Legal Services",https://www.thecbrb.ca/directory/lawyers-legal-services/cbrb-best-businesses-in-canada-popovici-droit-familial-family-law,Lawyers & Legal Services,"Family Law Firm Pointe-Claire, QC",,Public CBRB directory listing. Verify before outreach; no email/contact person listed.
,,RATHORE BAIG PROFESSIONAL CORPORATION,+19055547465,,,"CBRB, 1app target, Lawyers & Legal Services",https://www.thecbrb.ca/directory/lawyers-legal-services/best-businesses-in-canada-2021-rathore-baig-professional-corporation,Lawyers & Legal Services,"Law firm Markham, ON",,Public CBRB directory listing. Verify before outreach; no email/contact person listed.
,,RG Defence,+15879828152,,,"CBRB, 1app target, Lawyers & Legal Services",https://www.thecbrb.ca/directory/lawyers-legal-services/cbrb-best-businesses-in-canada-2023-rg-defence,Lawyers & Legal Services,"Criminal Defence Lawyers Edmonton, AB - (",,Public CBRB directory listing. Verify before outreach; no email/contact person listed.
,,Rishma Gupta,+14168448467,,,"CBRB, 1app target, Lawyers & Legal Services",https://www.thecbrb.ca/directory/lawyers-legal-services/best-businesses-in-canada-2021-rishma-gupta,Lawyers & Legal Services,"Criminal Justice Attorney Toronto , ON - (",,Public CBRB directory listing. Verify before outreach; no email/contact person listed.
,,Rizk Law Office,+16138007571,,,"CBRB, 1app target, Lawyers & Legal Services",https://www.thecbrb.ca/directory/lawyers-legal-services/best-businesses-in-canada-2021-rizk-law-office,Lawyers & Legal Services,"Personal injury attorney Ottawa, ON - (",,Public CBRB directory listing. Verify before outreach; no email/contact person listed.
,,SG Injury Law,+16135182416,,,"CBRB, 1app target, Lawyers & Legal Services",https://www.thecbrb.ca/directory/lawyers-legal-services/best-businesses-in-canada-2021-sg-injury-law,Lawyers & Legal Services,"Personal injury attorney Ottawa , ON",,Public CBRB directory listing. Verify before outreach; no email/contact person listed.
,,Sullivan Injury Law,+19053465055,,,"CBRB, 1app target, Lawyers & Legal Services",https://www.thecbrb.ca/directory/lawyers-legal-services/cbrb-best-businesses-in-canada-2023-sullivan-injury-law,Lawyers & Legal Services,"Personal Injury Law Firm St. Catharines , ON",,Public CBRB directory listing. Verify before outreach; no email/contact person listed.
,,Sunder Law Office,+19052307113,,,"CBRB, 1app target, Lawyers & Legal Services",https://www.thecbrb.ca/directory/lawyers-legal-services/cbrb-best-businesses-in-canada-2024-sunder-law-office,Lawyers & Legal Services,"Immigration Lawyer Mississauga, ON",,Public CBRB directory listing. Verify before outreach; no email/contact person listed.
,,THEBIL Family Law,+14034573128,,,"CBRB, 1app target, Lawyers & Legal Services",https://www.thecbrb.ca/directory/lawyers-legal-services/cbrb-best-businesses-in-canada-2024-thebil-family-law,Lawyers & Legal Services,"Family Lawyer Calgary, AB",,Public CBRB directory listing. Verify before outreach; no email/contact person listed.
,,WVG Law Group,+16135055025,,,"CBRB, 1app target, Lawyers & Legal Services",https://www.thecbrb.ca/directory/lawyers-legal-services/best-businesses-in-canada-2022-wvg-law-group,Lawyers & Legal Services,"Personal Injury Attorney Ottawa , ON",,Public CBRB directory listing. Verify before outreach; no email/contact person listed.
,,Zuber & Company LLP,+14163625005,,,"CBRB, 1app target, Lawyers & Legal Services",https://www.thecbrb.ca/directory/lawyers-legal-services/cbrb-best-businesses-in-canada-2023-zuber-company-llp,Lawyers & Legal Services,"Insurance Defence Law Firm Toronto , ON",,Public CBRB directory listing. Verify before outreach; no email/contact person listed.
,,Big City Limousines,+16044405466,,,"CBRB, 1app target, Limo/Transportation Services",https://www.thecbrb.ca/directory/limotransportation-services/best-businesses-in-canada-2021-big-city-limousines,Limo/Transportation Services,"Limousine service Surrey, BC",,Public CBRB directory listing. Verify before outreach; no email/contact person listed.
,,Executive Limo Rentals,+16479199351,,,"CBRB, 1app target, Limo/Transportation Services",https://www.thecbrb.ca/directory/limotransportation-services/best-businesses-in-canada-2021-executive-limo-rentals,Limo/Transportation Services,"Limousine service Bolton , ON",,Public CBRB directory listing. Verify before outreach; no email/contact person listed.
,,Go Valet Inc.,+18336882538,,,"CBRB, 1app target, Limo/Transportation Services",https://www.thecbrb.ca/directory/limotransportation-services/cbrb-best-businesses-in-canada-2023-go-valet-inc,Limo/Transportation Services,"Transportation and Shuttle Services Hamilton , ON",,Public CBRB directory listing. Verify before outreach; no email/contact person listed.
,,Vegas Limousine - Limos Ottawa,+16137395466,,,"CBRB, 1app target, Limo/Transportation Services",https://www.thecbrb.ca/directory/limotransportation-services/best-businesses-in-canada-2022-vegas-limousine-limos-ottawa,Limo/Transportation Services,"Limousine service Ottawa, ON",,Public CBRB directory listing. Verify before outreach; no email/contact person listed.
,,Capital For Market,+18008359618,,,"CBRB, 1app target, Loan Agencies",https://www.thecbrb.ca/directory/loan-agencies/cbrb-best-businesses-in-canada-capital-for-market,Loan Agencies,,"Business Loan Brokerage Oakville, Ontario",Public CBRB directory listing. Verify before outreach; no email/contact person listed.
,,TBC Locksmith & Doors,+16473702520,,,"CBRB, 1app target, Locksmith Services",https://www.thecbrb.ca/directory/locksmith-services/cbrb-best-businesses-in-canada-tbc-locksmith-doors,Locksmith Services,,"Locksmith Services Toronto, Ontario",Public CBRB directory listing. Verify before outreach; no email/contact person listed.
,,Action Lock-South Georgian Bay,+17059945625,,,"CBRB, 1app target, Locksmith Services",https://www.thecbrb.ca/directory/locksmith-services/cbrb-best-businesses-in-canada-2023-action-lock-south-georgian-bay,Locksmith Services,,"Locksmith Services Collingwood, Ontario",Public CBRB directory listing. Verify before outreach; no email/contact person listed.
,,Mahnaz Mentor Coaching,+17093417289,,,"CBRB, 1app target, Mentoring Services",https://www.thecbrb.ca/directory/mentoring-services/cbrb-best-businesses-in-canada-mahnaz-mentor-coaching,Mentoring Services,"Mentor Coaching Services Vaughan, ON",,Public CBRB directory listing. Verify before outreach; no email/contact person listed.
,,Modern Memorials Inc,+17093683445,,,"CBRB, 1app target, Monument Services",https://www.thecbrb.ca/directory/monument-services/cbrb-best-businesses-in-canada-2022-toni-mortgages-modern-memorials-inc,Monument Services,,"Monument Maker Mount Pearl, Newfoundland and Labrador",Public CBRB directory listing. Verify before outreach; no email/contact person listed.
,,Guaranti Group,+17782977450,,,"CBRB, 1app target, Mortgage Brokers/Services",https://www.thecbrb.ca/directory/mortgage-brokersservices/cbrb-best-businesses-in-canada-guaranti-group,Mortgage Brokers/Services,,"Mortgage B roker Richmond, British Columbia",Public CBRB directory listing. Verify before outreach; no email/contact person listed.
,,Integrum Mortgage,+16046176688,,,"CBRB, 1app target, Mortgage Brokers/Services",https://www.thecbrb.ca/directory/mortgage-brokersservices/cbrb-best-businesses-in-canada-integrum-mortgage,Mortgage Brokers/Services,,"Mortgage B roker Burnaby, British Columbia",Public CBRB directory listing. Verify before outreach; no email/contact person listed.
,,Philippe Boucher Courtier Hypothécaire Inc.,+18196618812,,,"CBRB, 1app target, Mortgage Brokers/Services",https://www.thecbrb.ca/directory/mortgage-brokersservices/cbrb-best-businesses-in-canada-philippe-boucher-courtier-hypothécaire-inc,Mortgage Brokers/Services,Courtier Hypothé,"caire Gatineau, Québec",Public CBRB directory listing. Verify before outreach; no email/contact person listed.
,,911 Mortgage Brokers - The Mortgage Centre,+18883770911,,,"CBRB, 1app target, Mortgage Brokers/Services",https://www.thecbrb.ca/directory/mortgage-brokersservices/cbrb-best-businesses-in-canada-2023-911-mortgage-brokers-the-mortgage-c,Mortgage Brokers/Services,"Mortgage B roker Ontario , Canada",,Public CBRB directory listing. Verify before outreach; no email/contact person listed.
,,Antonio Ray | Ray The Lender,+16478483334,,,"CBRB, 1app target, Mortgage Brokers/Services",https://www.thecbrb.ca/directory/mortgage-brokersservices/best-businesses-in-canada-2021-antonio-ray-ray-the-lender,Mortgage Brokers/Services,,"Mortgage broker Toronto , Ontario",Public CBRB directory listing. Verify before outreach; no email/contact person listed.
,,Ardent Mortgages Inc.,+15198042775,,,"CBRB, 1app target, Mortgage Brokers/Services",https://www.thecbrb.ca/directory/mortgage-brokersservices/cbrb-best-businesses-in-canada-2024-ardent-mortgages-inc,Mortgage Brokers/Services,,"Licensed Mortgage Brokerage Waterloo, Ontario",Public CBRB directory listing. Verify before outreach; no email/contact person listed.
,,CA Mortgage Group,+14169797325,,,"CBRB, 1app target, Mortgage Brokers/Services",https://www.thecbrb.ca/directory/mortgage-brokersservices/best-businesses-in-canada-2021-ca-mortgage-group,Mortgage Brokers/Services,,"Mortgage broker Mississauga , Ontario",Public CBRB directory listing. Verify before outreach; no email/contact person listed.
,,Calgary Mortgages by Tim,+14036481541,,,"CBRB, 1app target, Mortgage Brokers/Services",https://www.thecbrb.ca/directory/mortgage-brokersservices/best-businesses-in-canada-2021-calgary-mortgages-by-tim,Mortgage Brokers/Services,,"Mortgage broker Calgary, Alberta",Public CBRB directory listing. Verify before outreach; no email/contact person listed.
,,Elisa Swezey Mortgages,+17789382572,,,"CBRB, 1app target, Mortgage Brokers/Services",https://www.thecbrb.ca/directory/mortgage-brokersservices/best-businesses-in-canada-2021-elisa-swezey-mortgages,Mortgage Brokers/Services,,"Mortgage broker Vancouver, British Columbia",Public CBRB directory listing. Verify before outreach; no email/contact person listed.
,,Fortune Funding,+14168973257,,https://www.fortunefunding.ca/,"CBRB, 1app target, Mortgage Brokers/Services",https://www.thecbrb.ca/directory/mortgage-brokersservices/cbrb-best-businesses-in-canada-2024-fortune-funding,Mortgage Brokers/Services,,"Mortgage Services Toronto, Ontario",Public CBRB directory listing. Verify before outreach; no email/contact person listed.
,,Gillian Falk DLC Island Living Mortgage Broker,+12507161930,,https://gillianmortgageexpert.ca/,"CBRB, 1app target, Mortgage Brokers/Services",https://www.thecbrb.ca/directory/mortgage-brokersservices/cbrb-best-businesses-in-canada-2023-gillian-falk-dlc-island-living,Mortgage Brokers/Services,,"Mortgage B roker Parksville, British Columbia",Public CBRB directory listing. Verify before outreach; no email/contact person listed.
,,Harmony Mortgage Group,+16047052999,,,"CBRB, 1app target, Mortgage Brokers/Services",https://www.thecbrb.ca/directory/mortgage-brokersservices/cbrb-best-businesses-in-canada-2022-harmony-mortgage-group,Mortgage Brokers/Services,,"Mortgage broker Chilliwack, British Columbia",Public CBRB directory listing. Verify before outreach; no email/contact person listed.
,,Jason Anbara - Ottawa Mortgage Broker,+16134044845,,,"CBRB, 1app target, Mortgage Brokers/Services",https://www.thecbrb.ca/directory/mortgage-brokersservices/cbrb-best-businesses-in-canada-jason-anbara-ottawa-mortgage-broker,Mortgage Brokers/Services,,"Mortgage Broker Ottawa, Ontario",Public CBRB directory listing. Verify before outreach; no email/contact person listed.
,,Joe Purewal Mortgages,+19053306090,,,"CBRB, 1app target, Mortgage Brokers/Services",https://www.thecbrb.ca/directory/mortgage-brokersservices/best-businesses-in-canada-2021-joe-purewal-mortgages,Mortgage Brokers/Services,,"Mortgage broker Mississauga , Ontario",Public CBRB directory listing. Verify before outreach; no email/contact person listed.
,,Joy Beauchamp Mortgage Professional,+13062800054,,,"CBRB, 1app target, Mortgage Brokers/Services",https://www.thecbrb.ca/directory/mortgage-brokersservices/best-businesses-in-canada-2021-joy-beauchamp-mortgage-professional,Mortgage Brokers/Services,,"Mortgage broker Saskatoon, Saskatchewan",Public CBRB directory listing. Verify before outreach; no email/contact person listed.
,,Kevin Singh Dhaliwal,+16478023738,,,"CBRB, 1app target, Mortgage Brokers/Services",https://www.thecbrb.ca/directory/mortgage-brokersservices/cbrb-best-businesses-in-canada-2023-kevin-singh-dhaliwal-mortgage-agent,Mortgage Brokers/Services,,"Mortgage B roker Brampton, Ontario",Public CBRB directory listing. Verify before outreach; no email/contact person listed.
,,Loewen Group Mortgages,+12893374029,,,"CBRB, 1app target, Mortgage Brokers/Services",https://www.thecbrb.ca/directory/mortgage-brokersservices/best-businesses-in-canada-2021-loewen-group-mortgages,Mortgage Brokers/Services,,"Mortgage broker Burlington, Ontario",Public CBRB directory listing. Verify before outreach; no email/contact person listed.
,,Matrix Mortgage Global - Arleen Faria,+18004290717,,,"CBRB, 1app target, Mortgage Brokers/Services",https://www.thecbrb.ca/directory/mortgage-brokersservices/cbrb-best-businesses-in-canada-2023-matrix-mortgage-global,Mortgage Brokers/Services,,"Mortgage broker Toronto, Ontario",Public CBRB directory listing. Verify before outreach; no email/contact person listed.
,,Max Singh Mortgage Broker - TMG The Mortgage Group,+14035612107,,,"CBRB, 1app target, Mortgage Brokers/Services",https://www.thecbrb.ca/directory/mortgage-brokersservices/cbrb-best-businesses-in-canada-2024-max-singh-mortgage-broker,Mortgage Brokers/Services,,"Mortgage Broker Calgary, Alberta",Public CBRB directory listing. Verify before outreach; no email/contact person listed.
,,Mohsen Bolouri - Mortgage Alliance,+17788993743,,,"CBRB, 1app target, Mortgage Brokers/Services",https://www.thecbrb.ca/directory/mortgage-brokersservices/best-businesses-in-canada-2021-mohsen-bolouri-mortgage-alliance,Mortgage Brokers/Services,,"Mortgage broker Port Moody, British Columbia",Public CBRB directory listing. Verify before outreach; no email/contact person listed.
,,"Mortgage Architects, Karen Reimer",+13062217493,,https://www.karenreimer.org/,"CBRB, 1app target, Mortgage Brokers/Services",https://www.thecbrb.ca/directory/mortgage-brokersservices/best-businesses-in-canada-2021-mortgage-architects-karen-reimer,Mortgage Brokers/Services,"Mortgage B roker Saskatoon, SK",,Public CBRB directory listing. Verify before outreach; no email/contact person listed.
,,Mortgage District Inc.,+16475319480,,,"CBRB, 1app target, Mortgage Brokers/Services",https://www.thecbrb.ca/directory/mortgage-brokersservices/cbrb-best-businesses-in-canada-2023-mortgage-district-inc,Mortgage Brokers/Services,,"Mortgage broker Mississauga, Ontario",Public CBRB directory listing. Verify before outreach; no email/contact person listed.
,,Mortgage Savvy,+14167207295,,,"CBRB, 1app target, Mortgage Brokers/Services",https://www.thecbrb.ca/directory/mortgage-brokersservices/best-businesses-in-canada-2021-mortgage-savvy,Mortgage Brokers/Services,,"Mortgage broker Toronto, Ontario",Public CBRB directory listing. Verify before outreach; no email/contact person listed.
,,Moser Mortgages,+14038745340,,,"CBRB, 1app target, Mortgage Brokers/Services",https://www.thecbrb.ca/directory/mortgage-brokersservices/best-businesses-in-canada-2021-moser-mortgages,Mortgage Brokers/Services,"Mortgage broker Calgary, AB",,Public CBRB directory listing. Verify before outreach; no email/contact person listed.
,,Noble GRPS Financial Incorporated,+14163030313,,,"CBRB, 1app target, Mortgage Brokers/Services",https://www.thecbrb.ca/directory/mortgage-brokersservices/best-businesses-in-canada-2021-noble-grps-financial-incorporated,Mortgage Brokers/Services,,"Mortgage broker Toronto, Ontario",Public CBRB directory listing. Verify before outreach; no email/contact person listed.
,,Oppono Lending Company,+19058865352,,,"CBRB, 1app target, Mortgage Brokers/Services",https://www.thecbrb.ca/directory/mortgage-brokersservices/cbrb-best-businesses-in-canada-2023-oppono-lending-company,Mortgage Brokers/Services,,"Mortgage Lender Markham , Ontario",Public CBRB directory listing. Verify before outreach; no email/contact person listed.
,,Paul Gallardi Investments Limited O/A Paul Gallardi Premiere Mortgage,+19053213810,,https://paulgallardimortgages.ca,"CBRB, 1app target, Mortgage Brokers/Services",https://www.thecbrb.ca/directory/mortgage-brokersservices/best-businesses-in-canada-2021-paul-gallardi-investments-limited,Mortgage Brokers/Services,,"Mortgage Centre Agent St. Catharines, Ontario",Public CBRB directory listing. Verify before outreach; no email/contact person listed.
,,Premiere Mortgage Centre,+17096905667,,https://choosepremiere.com/,"CBRB, 1app target, Mortgage Brokers/Services",https://www.thecbrb.ca/directory/mortgage-brokersservices/best-businesses-in-canada-2021-premiere-mortgage-centre,Mortgage Brokers/Services,,"Mortgage broker St. John's, Newfoundland and Labrador",Public CBRB directory listing. Verify before outreach; no email/contact person listed.
,,"Ramona Harris, Mortgage Agent L2 - TMG The Mortgage Group",+16475509839,,,"CBRB, 1app target, Mortgage Brokers/Services",https://www.thecbrb.ca/directory/mortgage-brokersservices/cbrb-best-businesses-in-canada-2024-ramona-harris-mortgage-agent,Mortgage Brokers/Services,,"Mortgage Agent Toronto, Ontario",Public CBRB directory listing. Verify before outreach; no email/contact person listed.
,,Sandhu & Sran Mortgages,+16048644222,,,"CBRB, 1app target, Mortgage Brokers/Services",https://www.thecbrb.ca/directory/mortgage-brokersservices/cbrb-best-businesses-in-canada-2024-sandhu-sran-mortgages,Mortgage Brokers/Services,,"Mortgage B roker Abbotsford, British Columbia",Public CBRB directory listing. Verify before outreach; no email/contact person listed.
,,Serca Financial Inc.,+15192152841,,,"CBRB, 1app target, Mortgage Brokers/Services",https://www.thecbrb.ca/directory/mortgage-brokersservices/cbrb-best-businesses-in-canada-2023-serca-financial-inc,Mortgage Brokers/Services,,"Mortgage B roker Orangeville, Ontario",Public CBRB directory listing. Verify before outreach; no email/contact person listed.
,,Signature Mortgage Group,+19054690766,,,"CBRB, 1app target, Mortgage Brokers/Services",https://www.thecbrb.ca/directory/mortgage-brokersservices/cbrb-best-businesses-in-canada-2023-signature-mortgage-group,Mortgage Brokers/Services,,"Mortgage broker Oakville, Ontario",Public CBRB directory listing. Verify before outreach; no email/contact person listed.
,,Sheela Patel - SP Mortgage Group,+16046170025,,https://spmortgageloan.com/,"CBRB, 1app target, Mortgage Brokers/Services",https://www.thecbrb.ca/directory/mortgage-brokersservices/best-businesses-in-canada-2023-sheela-patel-sp-mortgage-group,Mortgage Brokers/Services,,"Mortgage B roker Surrey, British Columbia",Public CBRB directory listing. Verify before outreach; no email/contact person listed.
,,Streiling Financial Group,+16046217434,,,"CBRB, 1app target, Mortgage Brokers/Services",https://www.thecbrb.ca/directory/mortgage-brokersservices/cbrb-best-businesses-in-canada-2023-streiling-financial-group,Mortgage Brokers/Services,,"Mortgage broker Surrey, British Columbia",Public CBRB directory listing. Verify before outreach; no email/contact person listed.
,,Taurus Mortgage Capital Inc.,+19052097200,,,"CBRB, 1app target, Mortgage Brokers/Services",https://www.thecbrb.ca/directory/mortgage-brokersservices/best-businesses-in-canada-2022-taurus-mortgage-capital-inc,Mortgage Brokers/Services,,"Mortgage broker Markham, Ontario",Public CBRB directory listing. Verify before outreach; no email/contact person listed.
,,Tom Gasparec- Axiom Mortgage Solutions,+18664924024,,,"CBRB, 1app target, Mortgage Brokers/Services",https://www.thecbrb.ca/directory/mortgage-brokersservices/cbrb-best-businesses-in-canada-2023-tom-gasparec-axiom-mortgage-solution,Mortgage Brokers/Services,,"Mortgage B roker Toronto, Ontario",Public CBRB directory listing. Verify before outreach; no email/contact person listed.
,,Toni Mortgages - The Mortgage Centre- Capital 360.ca,+16472956305,,,"CBRB, 1app target, Mortgage Brokers/Services",https://www.thecbrb.ca/directory/mortgage-brokersservices/cbrb-best-businesses-in-canada-2022-toni-mortgages-the-mortgage-centre,Mortgage Brokers/Services,,"Mortgage B roker Vaughan, Ontario",Public CBRB directory listing. Verify before outreach; no email/contact person listed.
,,TopRankinMortgages Inc | Sean Rankin,+16134471366,,,"CBRB, 1app target, Mortgage Brokers/Services",https://www.thecbrb.ca/directory/mortgage-brokersservices/best-businesses-in-canada-2022-toprankinmortgages-inc-sean-rankin,Mortgage Brokers/Services,,"Real Estate Lending Services Ottawa , Ontario",Public CBRB directory listing. Verify before outreach; no email/contact person listed.
,,Tridac Mortgage,+14164610204,,,"CBRB, 1app target, Mortgage Brokers/Services",https://www.thecbrb.ca/directory/mortgage-brokersservices/best-businesses-in-canada-2022-tridac-mortgage,Mortgage Brokers/Services,,"Mortgage broker Toronto, Ontario",Public CBRB directory listing. Verify before outreach; no email/contact person listed.
,,Valko Financial Ltd.,+15197458019,,,"CBRB, 1app target, Mortgage Brokers/Services",https://www.thecbrb.ca/directory/mortgage-brokersservices/best-businesses-in-canada-2023-valko-financial-ltd,Mortgage Brokers/Services,,"Mortgage broker Kitchener, Ontario",Public CBRB directory listing. Verify before outreach; no email/contact person listed.
,,Vidit Paruthi - Mortgage Professional,+16048425265,,,"CBRB, 1app target, Mortgage Brokers/Services",https://www.thecbrb.ca/directory/mortgage-brokersservices/cbrb-best-businesses-in-canada-vidit-paruthi-mortgage-professional,Mortgage Brokers/Services,,"Mortgage Services Surrey, British Columbia",Public CBRB directory listing. Verify before outreach; no email/contact person listed.
,,Xeva Mortgage,+16045689382,,,"CBRB, 1app target, Mortgage Brokers/Services",https://www.thecbrb.ca/directory/mortgage-brokersservices/best-businesses-in-canada-2022-xeva-mortgage,Mortgage Brokers/Services,,"Mortgage Brokerage Company Surrey, British Columbia",Public CBRB directory listing. Verify before outreach; no email/contact person listed.
,,AleksMoving.ca,+14168895167,,,"CBRB, 1app target, Moving, Shipping & Junk Removal Services",https://www.thecbrb.ca/directory/moving-shipping-junk-removal-services/cbrb-best-businesses-in-canada-aleksmoving-ca,"Moving, Shipping & Junk Removal Services","Moving C ompany Milton, ON",,Public CBRB directory listing. Verify before outreach; no email/contact person listed.
,,A-Z Moving,+16478786683,,,"CBRB, 1app target, Moving, Shipping & Junk Removal Services",https://www.thecbrb.ca/directory/moving-shipping-junk-removal-services/cbrb-best-businesses-in-canada-a-z-moving,"Moving, Shipping & Junk Removal Services","Moving C ompany Toronto , ON",,Public CBRB directory listing. Verify before outreach; no email/contact person listed.
,,Canada's Most Wanted Movers,+17787917391,,,"CBRB, 1app target, Moving, Shipping & Junk Removal Services",https://www.thecbrb.ca/directory/moving-shipping-junk-removal-services/cbrb-best-businesses-in-canada-canadas-most-wanted-movers,"Moving, Shipping & Junk Removal Services","Full-Service Moving & Storage Port Coquitlam, BC",,Public CBRB directory listing. Verify before outreach; no email/contact person listed.
,,Great Canadian Van Lines,+18006650055,,,"CBRB, 1app target, Moving, Shipping & Junk Removal Services",https://www.thecbrb.ca/directory/moving-shipping-junk-removal-services/cbrb-best-businesses-in-canada-great-canadian-van-lines-ltd,"Moving, Shipping & Junk Removal Services","Moving C ompany Surrey , BC",,Public CBRB directory listing. Verify before outreach; no email/contact person listed.
,,G & S Trucking Ltd.,+19052061180,,,"CBRB, 1app target, Moving, Shipping & Junk Removal Services",https://www.thecbrb.ca/directory/moving-shipping-junk-removal-services/cbrb-best-businesses-in-canada-g-s-trucking-ltd,"Moving, Shipping & Junk Removal Services","Trucking & Transportation Services Mississauga, O N",,Public CBRB directory listing. Verify before outreach; no email/contact person listed.
,,Macho Movers Inc,+15198304974,,,"CBRB, 1app target, Moving, Shipping & Junk Removal Services",https://www.thecbrb.ca/directory/moving-shipping-junk-removal-services/cbrb-best-businesses-in-canada-macho-movers-inc,"Moving, Shipping & Junk Removal Services","Moving Company Guelph, O N",,Public CBRB directory listing. Verify before outreach; no email/contact person listed.
,,Max Moving Corporation,+14165505013,,,"CBRB, 1app target, Moving, Shipping & Junk Removal Services",https://www.thecbrb.ca/directory/moving-shipping-junk-removal-services/cbrb-best-businesses-in-canada-max-moving-corporation,"Moving, Shipping & Junk Removal Services",Residential & Commercial Movers Ontario,,Public CBRB directory listing. Verify before outreach; no email/contact person listed.
,,NextGen Moving,+16473662024,,,"CBRB, 1app target, Moving, Shipping & Junk Removal Services",https://www.thecbrb.ca/directory/moving-shipping-junk-removal-services/cbrb-best-businesses-in-canada-nextgen-moving,"Moving, Shipping & Junk Removal Services","Moving Company North York, ON",,Public CBRB directory listing. Verify before outreach; no email/contact person listed.
,,Ottawa Moving Logistics,+16316126853,,,"CBRB, 1app target, Moving, Shipping & Junk Removal Services",https://www.thecbrb.ca/directory/moving-shipping-junk-removal-services/cbrb-best-businesses-in-canada-ottawa-moving-logistics,"Moving, Shipping & Junk Removal Services","General Moving Services Ottawa , O N",,Public CBRB directory listing. Verify before outreach; no email/contact person listed.
,,Ottawa Piano Mover,+16136220436,,,"CBRB, 1app target, Moving, Shipping & Junk Removal Services",https://www.thecbrb.ca/directory/moving-shipping-junk-removal-services/cbrb-best-businesses-in-canada-ottawa-piano-mover,"Moving, Shipping & Junk Removal Services","Specialized Movers Ottawa , O N",,Public CBRB directory listing. Verify before outreach; no email/contact person listed.
,,Smart Movers Hamilton,+19055940247,,,"CBRB, 1app target, Moving, Shipping & Junk Removal Services",https://www.thecbrb.ca/directory/moving-shipping-junk-removal-services/cbrb-best-businesses-in-canada-smart-movers-hamilton,"Moving, Shipping & Junk Removal Services","Moving Company Hamilton, ON",,Public CBRB directory listing. Verify before outreach; no email/contact person listed.
,,Smart Movers Vancouver,+17783832660,,,"CBRB, 1app target, Moving, Shipping & Junk Removal Services",https://www.thecbrb.ca/directory/moving-shipping-junk-removal-services/cbrb-best-businesses-in-canada-smart-movers-vancouver,"Moving, Shipping & Junk Removal Services","Moving Company Vancouver, BC",,Public CBRB directory listing. Verify before outreach; no email/contact person listed.
,,The Piano Viking,+17786284343,,,"CBRB, 1app target, Moving, Shipping & Junk Removal Services",https://www.thecbrb.ca/directory/moving-shipping-junk-removal-services/cbrb-best-businesses-in-canada-the-piano-viking,"Moving, Shipping & Junk Removal Services","Piano Moving Services New Westminster, BC",,Public CBRB directory listing. Verify before outreach; no email/contact person listed.
,,1Up Moving Lethbridge,+14033604778,,http://oneupmoving.ca/,"CBRB, 1app target, Moving, Shipping & Junk Removal Services",https://www.thecbrb.ca/directory/moving-shipping-junk-removal-services/best-businesses-in-canada-2021-1up-moving-lethbridge,"Moving, Shipping & Junk Removal Services","Moving Services Lethbridge, A B",,Public CBRB directory listing. Verify before outreach; no email/contact person listed.
,,Altoba Freight,+12046333963,,,"CBRB, 1app target, Moving, Shipping & Junk Removal Services",https://www.thecbrb.ca/directory/moving-shipping-junk-removal-services/best-businesses-in-canada-2021-altoba-freight,"Moving, Shipping & Junk Removal Services","Transportation Services Winnipeg, MB",,Public CBRB directory listing. Verify before outreach; no email/contact person listed.
,,Apollo Moving,+16475646683,,,"CBRB, 1app target, Moving, Shipping & Junk Removal Services",https://www.thecbrb.ca/directory/moving-shipping-junk-removal-services/best-businesses-in-canada-2022-apollo-moving,"Moving, Shipping & Junk Removal Services",,"Moving and Storage Service in Mississauga, Ontario",Public CBRB directory listing. Verify before outreach; no email/contact person listed.
,,A-Plus Office Movers Inc.,+18882726621,,,"CBRB, 1app target, Moving, Shipping & Junk Removal Services",https://www.thecbrb.ca/directory/moving-shipping-junk-removal-services/cbrb-best-businesses-in-canada-2024-a-plus-office-movers-inc,"Moving, Shipping & Junk Removal Services","Moving and Storage services Waterloo , ON",,Public CBRB directory listing. Verify before outreach; no email/contact person listed.
,,Canadian CT Movers Inc.,+14168571500,,,"CBRB, 1app target, Moving, Shipping & Junk Removal Services",https://www.thecbrb.ca/directory/moving-shipping-junk-removal-services/cbrb-best-businesses-in-canada-canadian-ct-movers-inc,"Moving, Shipping & Junk Removal Services","Moving company Richmond Hill, ON",,Public CBRB directory listing. Verify before outreach; no email/contact person listed.
,,CARGO CABBIE,+16474785422,,,"CBRB, 1app target, Moving, Shipping & Junk Removal Services",https://www.thecbrb.ca/directory/moving-shipping-junk-removal-services/cbrb-best-businesses-in-canada-2024-cargo-cabbie,"Moving, Shipping & Junk Removal Services","Moving company Toronto , ON",,Public CBRB directory listing. Verify before outreach; no email/contact person listed.
,,Easy2Go Movers,+16472028587,,,"CBRB, 1app target, Moving, Shipping & Junk Removal Services",https://www.thecbrb.ca/directory/moving-shipping-junk-removal-services/best-businesses-in-canada-2022-easy2go-movers,"Moving, Shipping & Junk Removal Services","Moving and Storage Service Vaughan, ON",,Public CBRB directory listing. Verify before outreach; no email/contact person listed.
,,Flex Déménagement West-Island Movers,+15146926657,,,"CBRB, 1app target, Moving, Shipping & Junk Removal Services",https://www.thecbrb.ca/directory/moving-shipping-junk-removal-services/cbrb-best-businesses-in-canada-2023-flex-déménagement-west-island-movers,"Moving, Shipping & Junk Removal Services","Moving Services Saint-Laurent, QC",,Public CBRB directory listing. Verify before outreach; no email/contact person listed.
,,Homeland Moving & Logistics Inc.,+16042734794,,,"CBRB, 1app target, Moving, Shipping & Junk Removal Services",https://www.thecbrb.ca/directory/moving-shipping-junk-removal-services/best-businesses-in-canada-2021-homeland-moving-logistics-inc,"Moving, Shipping & Junk Removal Services","Moving company Richmond, BC",,Public CBRB directory listing. Verify before outreach; no email/contact person listed.
,,Inner City Moving & Storage Company,+14166568924,,,"CBRB, 1app target, Moving, Shipping & Junk Removal Services",https://www.thecbrb.ca/directory/moving-shipping-junk-removal-services/best-businesses-in-canada-2021-inner-city-moving-storage-company,"Moving, Shipping & Junk Removal Services","Moving company Toronto, ON",,Public CBRB directory listing. Verify before outreach; no email/contact person listed.
,,John Gray Moving and Storage,+15146947945,,,"CBRB, 1app target, Moving, Shipping & Junk Removal Services",https://www.thecbrb.ca/directory/moving-shipping-junk-removal-services/best-businesses-in-canada-2021-john-gray-moving-and-storage,"Moving, Shipping & Junk Removal Services","Moving company Dorval, QC",,Public CBRB directory listing. Verify before outreach; no email/contact person listed.
,,Less Stress Moving Solutions,+16394806683,,,"CBRB, 1app target, Moving, Shipping & Junk Removal Services",https://www.thecbrb.ca/directory/moving-shipping-junk-removal-services/best-businesses-in-canada-2021-less-stress-moving-solutions,"Moving, Shipping & Junk Removal Services","Moving company Saskatoon, SK",,Public CBRB directory listing. Verify before outreach; no email/contact person listed.
,,Let's Get Moving Canad a,+16473715935,,,"CBRB, 1app target, Moving, Shipping & Junk Removal Services",https://www.thecbrb.ca/directory/moving-shipping-junk-removal-services/cbrb-best-businesses-in-canada-2023-lets-get-moving-canada,"Moving, Shipping & Junk Removal Services",,"Toronto, Ontario",Public CBRB directory listing. Verify before outreach; no email/contact person listed.
,,Matcom,+14166670463,,,"CBRB, 1app target, Moving, Shipping & Junk Removal Services",https://www.thecbrb.ca/directory/moving-shipping-junk-removal-services/best-businesses-in-canada-2021-matcom,"Moving, Shipping & Junk Removal Services","Moving company Vaughan, ON",,Public CBRB directory listing. Verify before outreach; no email/contact person listed.
,,Maya Moving And Delivery,+14165876440,,,"CBRB, 1app target, Moving, Shipping & Junk Removal Services",https://www.thecbrb.ca/directory/moving-shipping-junk-removal-services/cbrb-best-businesses-in-canada-2023-maya-moving-and-delivery,"Moving, Shipping & Junk Removal Services","Moving company Toronto, ON",,Public CBRB directory listing. Verify before outreach; no email/contact person listed.
,,Ottawa Moving Logistics,+13435436661,,,"CBRB, 1app target, Moving, Shipping & Junk Removal Services",https://www.thecbrb.ca/directory/moving-shipping-junk-removal-services/cbrb-best-businesses-in-canada-ottawa-moving-logistics,"Moving, Shipping & Junk Removal Services","General Moving Services Ottawa , ON",,Public CBRB directory listing. Verify before outreach; no email/contact person listed.
,,Parker's Moving,+16474566806,,,"CBRB, 1app target, Moving, Shipping & Junk Removal Services",https://www.thecbrb.ca/directory/moving-shipping-junk-removal-services/best-businesses-in-canada-2022-parkers-moving,"Moving, Shipping & Junk Removal Services",Residential Moving Company The Greater Toronto Area,,Public CBRB directory listing. Verify before outreach; no email/contact person listed.
,,Plastic Bank,+16042637443,,,"CBRB, 1app target, Moving, Shipping & Junk Removal Services",https://www.thecbrb.ca/directory/moving-shipping-junk-removal-services/best-businesses-in-canada-2021-plastic-bank,"Moving, Shipping & Junk Removal Services","Waste management service Vancouver, B C",,Public CBRB directory listing. Verify before outreach; no email/contact person listed.
,,Raptor Movers,+19059993447,,,"CBRB, 1app target, Moving, Shipping & Junk Removal Services",https://www.thecbrb.ca/directory/moving-shipping-junk-removal-services/best-businesses-in-canada-2022-raptor-movers,"Moving, Shipping & Junk Removal Services","Moving company Brampton, ON",,Public CBRB directory listing. Verify before outreach; no email/contact person listed.
,,Roman Transport,+14168246339,,,"CBRB, 1app target, Moving, Shipping & Junk Removal Services",https://www.thecbrb.ca/directory/moving-shipping-junk-removal-services/cbrb-best-businesses-in-canada-roman-transport,"Moving, Shipping & Junk Removal Services","Moving and Delivery Services Mississauga, ON",,Public CBRB directory listing. Verify before outreach; no email/contact person listed.
,,Salmon’s Transfer Ltd,+16042732921,,,"CBRB, 1app target, Moving, Shipping & Junk Removal Services",https://www.thecbrb.ca/directory/moving-shipping-junk-removal-services/cbrb-best-businesses-in-canada-2024-salmons-transfer-ltd,"Moving, Shipping & Junk Removal Services","Moving Company Richmond, BC",,Public CBRB directory listing. Verify before outreach; no email/contact person listed.
,,Seniors On The Move,+19059330730,,,"CBRB, 1app target, Moving, Shipping & Junk Removal Services",https://www.thecbrb.ca/directory/moving-shipping-junk-removal-services/cbrb-best-businesses-in-canada-2023-seniors-on-the-move,"Moving, Shipping & Junk Removal Services","Moving Company Thorold, ON",,Public CBRB directory listing. Verify before outreach; no email/contact person listed.
,,Smart Mississauga Movers,+16479957177,,,"CBRB, 1app target, Moving, Shipping & Junk Removal Services",https://www.thecbrb.ca/directory/moving-shipping-junk-removal-services/cbrb-best-businesses-in-canada-smart-mississauga-movers,"Moving, Shipping & Junk Removal Services","Moving Company Mississauga, ON",,Public CBRB directory listing. Verify before outreach; no email/contact person listed.
,,Smart Muscles,+18077072397,,,"CBRB, 1app target, Moving, Shipping & Junk Removal Services",https://www.thecbrb.ca/directory/moving-shipping-junk-removal-services/best-businesses-in-canada-2022-smart-muscles,"Moving, Shipping & Junk Removal Services","Moving and storage service Thunder Bay, ON",,Public CBRB directory listing. Verify before outreach; no email/contact person listed.
,,Swiftway Courrier et Transport Inc,+14506221090,,,"CBRB, 1app target, Moving, Shipping & Junk Removal Services",https://www.thecbrb.ca/directory/moving-shipping-junk-removal-services/best-businesses-in-canada-2022-swiftway-courrier-et-transport-inc,"Moving, Shipping & Junk Removal Services","Moving and storage service Laval, QC",,Public CBRB directory listing. Verify before outreach; no email/contact person listed.
,,The Big Box Moving Company,+16475888109,,,"CBRB, 1app target, Moving, Shipping & Junk Removal Services",https://www.thecbrb.ca/directory/moving-shipping-junk-removal-services/best-businesses-in-canada-2022-the-big-box-moving-company,"Moving, Shipping & Junk Removal Services","Moving Company Markham, ON",,Public CBRB directory listing. Verify before outreach; no email/contact person listed.
,,The Junk Man Inc.,+14037977145,,,"CBRB, 1app target, Moving, Shipping & Junk Removal Services",https://www.thecbrb.ca/directory/moving-shipping-junk-removal-services/cbrb-best-businesses-in-canada-2023-the-junk-man-inc,"Moving, Shipping & Junk Removal Services","Garbage Collection Service Calgary, AB",,Public CBRB directory listing. Verify before outreach; no email/contact person listed.
,,Top Mover,+14163881923,,,"CBRB, 1app target, Moving, Shipping & Junk Removal Services",https://www.thecbrb.ca/directory/moving-shipping-junk-removal-services/cbrb-best-businesses-in-canada-2024-top-mover,"Moving, Shipping & Junk Removal Services","Moving and Storage Newmarket, ON",,Public CBRB directory listing. Verify before outreach; no email/contact person listed.
,,Top Town Movers,+14163000607,,,"CBRB, 1app target, Moving, Shipping & Junk Removal Services",https://www.thecbrb.ca/directory/moving-shipping-junk-removal-services/best-businesses-in-canada-2022-top-town-movers,"Moving, Shipping & Junk Removal Services","Moving Company Toronto, ON",,Public CBRB directory listing. Verify before outreach; no email/contact person listed.
,,Two Men and a Truck,+12048093508,,,"CBRB, 1app target, Moving, Shipping & Junk Removal Services",https://www.thecbrb.ca/directory/moving-shipping-junk-removal-services/best-businesses-in-canada-2021-two-men-and-a-truck_1,"Moving, Shipping & Junk Removal Services","Moving Company Winnipeg, MB",,Public CBRB directory listing. Verify before outreach; no email/contact person listed.
,,Urge to Purge Inc.,+19057328382,,,"CBRB, 1app target, Moving, Shipping & Junk Removal Services",https://www.thecbrb.ca/directory/moving-shipping-junk-removal-services/best-businesses-in-canada-2021-urge-to-purge-inc,"Moving, Shipping & Junk Removal Services","Hoarding, Decluttering and Junk Removal Welland, ON",,Public CBRB directory listing. Verify before outreach; no email/contact person listed.
,,VR MOVING INC,+19054675731,,,"CBRB, 1app target, Moving, Shipping & Junk Removal Services",https://www.thecbrb.ca/directory/moving-shipping-junk-removal-services/best-businesses-in-canada-2022-vr-moving-inc,"Moving, Shipping & Junk Removal Services","Moving and storage service Mississauga, ON",,Public CBRB directory listing. Verify before outreach; no email/contact person listed.
,,Samore Closets Inc,+19055698112,,,"CBRB, 1app target, Organization Services",https://www.thecbrb.ca/directory/organization-services/cbrb-best-businesses-in-canada-2023-samore-closets-inc,Organization Services,"Custom Closet Organizers Mississauga , ON",,Public CBRB directory listing. Verify before outreach; no email/contact person listed.
,,Can Do More Painting - Renovation and Design,+15875792423,,,"CBRB, 1app target, Painting Services",https://www.thecbrb.ca/directory/painting-services/cbrb-best-businesses-in-canada-can-do-more-painting,Painting Services,"Painting & Renovation Company Calgary , AB",,Public CBRB directory listing. Verify before outreach; no email/contact person listed.
,,Renovaint Inc.,+14378000644,,,"CBRB, 1app target, Painting Services",https://www.thecbrb.ca/directory/painting-services/cbrb-best-businesses-in-canada-renovaint-inc,Painting Services,Painting & Flooring Services Greater Toronto Area,,Public CBRB directory listing. Verify before outreach; no email/contact person listed.
,,ArtMade Painting Ltd.,+17802226047,,,"CBRB, 1app target, Painting Services",https://www.thecbrb.ca/directory/painting-services/best-businesses-in-canada-2022-artmade-painting-ltd,Painting Services,"Painters Edmonton, AB",,Public CBRB directory listing. Verify before outreach; no email/contact person listed.
,,CertaPro Painters,+12048155812,,,"CBRB, 1app target, Painting Services",https://www.thecbrb.ca/directory/painting-services/best-businesses-in-canada-2021-certapro-painters,Painting Services,"Painting Service Winnipeg, MB",,Public CBRB directory listing. Verify before outreach; no email/contact person listed.
,,Color Way Painting,+12892080372,,,"CBRB, 1app target, Painting Services",https://www.thecbrb.ca/directory/painting-services/cbrb-best-businesses-in-canada-2024-color-way-painting,Painting Services,"Painting Services Waterdown, ON",,Public CBRB directory listing. Verify before outreach; no email/contact person listed.
,,Colour Your Life Paint & Design,+15192150902,,,"CBRB, 1app target, Painting Services",https://www.thecbrb.ca/directory/painting-services/cbrb-best-businesses-in-canada-2024-colour-your-life-paint-design,Painting Services,"Professional Painter Orangeville, ON",,Public CBRB directory listing. Verify before outreach; no email/contact person listed.
,,Essential Painting,+14372413401,,,"CBRB, 1app target, Painting Services",https://www.thecbrb.ca/directory/painting-services/cbrb-best-businesses-in-canada-2023-essential-painting,Painting Services,"Painting Service Toronto, ON",,Public CBRB directory listing. Verify before outreach; no email/contact person listed.
,,JAL Painting Inc,+16477785522,,,"CBRB, 1app target, Painting Services",https://www.thecbrb.ca/directory/painting-services/best-businesses-in-canada-2022-jal-painting-inc,Painting Services,"Painting Service Greater Toronto Area, ON",,Public CBRB directory listing. Verify before outreach; no email/contact person listed.
,,JTB Painting Company Ltd,+16043021094,,https://www.instagram.com/jtbpaintingcompanyltd/?hl=en,"CBRB, 1app target, Painting Services",https://www.thecbrb.ca/directory/painting-services/best-businesses-in-canada-2021-jtb-painting-company-ltd,Painting Services,"Painting Company Abbotsford, BC",,Public CBRB directory listing. Verify before outreach; no email/contact person listed.
,,Platinum Pro Painters Inc,+18883060101,,https://www.platinumpropainters.com/cabinet-painting-oakville/,"CBRB, 1app target, Painting Services",https://www.thecbrb.ca/directory/painting-services/best-businesses-in-canada-2021-platinum-pro-painters-inc,Painting Services,"Painting/Renovating Services Burlington, ON",,Public CBRB directory listing. Verify before outreach; no email/contact person listed.
,,Presidential Painters Inc.,+19054627926,,https://presidentialpainters.ca/,"CBRB, 1app target, Painting Services",https://www.thecbrb.ca/directory/painting-services/cbrb-best-businesses-in-canada-presidential-painters-inc,Painting Services,"Painting Contractor Toronto, ON",,Public CBRB directory listing. Verify before outreach; no email/contact person listed.
,,Revivify Painting,+18008608170,,https://www.painterlady.ca/,"CBRB, 1app target, Painting Services",https://www.thecbrb.ca/directory/painting-services/best-businesses-in-canada-2022-revivify-painting,Painting Services,"Painting Service Ottawa, ON",,Public CBRB directory listing. Verify before outreach; no email/contact person listed.
,,YYZ Painters,+16479679909,,,"CBRB, 1app target, Painting Services",https://www.thecbrb.ca/directory/painting-services/best-businesses-in-canada-2021-yyz-painters,Painting Services,"Painting Service Toronto , ON",,Public CBRB directory listing. Verify before outreach; no email/contact person listed.
,,GTA Rental Services,+18778504950,,,"CBRB, 1app target, Party Equipment Rental Services",https://www.thecbrb.ca/directory/party-equipment-rental-services/best-businesses-in-canada-2022-gta-rental-services,Party Equipment Rental Services,"Party Equipment Rental Service Oakville, ON",,Public CBRB directory listing. Verify before outreach; no email/contact person listed.
,,Linen Closet,+12895977288,,,"CBRB, 1app target, Party Equipment Rental Services",https://www.thecbrb.ca/directory/party-equipment-rental-services/best-businesses-in-canada-2021-linen-closet,Party Equipment Rental Services,"Party Equipment Rental Service Concord, ON",,Public CBRB directory listing. Verify before outreach; no email/contact person listed.
,,Caldwell Plumbing,+19052393950,,,"CBRB, 1app target, Plumbing Services",https://www.thecbrb.ca/directory/plumbing-services/cbrb-best-businesses-in-canada-caldwell-plumbing,Plumbing Services,,"Plumber Pickering, Ontario",Public CBRB directory listing. Verify before outreach; no email/contact person listed.
,,Delta Plumbers,+18889251996,,,"CBRB, 1app target, Plumbing Services",https://www.thecbrb.ca/directory/plumbing-services/cbrb-best-businesses-in-canada-delta-plumbers,Plumbing Services,,"Emergency Plumbing Services Toronto, Ontario",Public CBRB directory listing. Verify before outreach; no email/contact person listed.
,,Mekco Supply Inc.,+19055974597,,,"CBRB, 1app target, Plumbing Services",https://www.thecbrb.ca/directory/plumbing-services/cbrb-best-businesses-in-canada-mekco-supply-inc,Plumbing Services,,"Plumbing and HVAC Supply Store Richmond Hill, Ontario",Public CBRB directory listing. Verify before outreach; no email/contact person listed.
,,Plumb Perfect Ltd.,+18884581979,,,"CBRB, 1app target, Plumbing Services",https://www.thecbrb.ca/directory/plumbing-services/cbrb-best-businesses-in-canada-plumb-perfect-ltd,Plumbing Services,,"Plumbing Contractor Erin, Ontario",Public CBRB directory listing. Verify before outreach; no email/contact person listed.
,,Priority Plumbing & Drains,+14167628662,,,"CBRB, 1app target, Plumbing Services",https://www.thecbrb.ca/directory/plumbing-services/cbrb-best-businesses-in-canada-priority-plumbing-drains,Plumbing Services,,"Plumbing Company Toronto , Ontario",Public CBRB directory listing. Verify before outreach; no email/contact person listed.
,,Wentworth Plumbing,+19053895555,,,"CBRB, 1app target, Plumbing Services",https://www.thecbrb.ca/directory/plumbing-services/cbrb-best-businesses-in-canada-wentworth-plumbing,Plumbing Services,,"Plumbing Services Hamilton , Ontario",Public CBRB directory listing. Verify before outreach; no email/contact person listed.
,,Ace Plumbing and Heating,+18332478585,,,"CBRB, 1app target, Plumbing Services",https://www.thecbrb.ca/directory/plumbing-services/cbrb-best-businesses-in-canada-2023-ace-plumbing-and-heating,Plumbing Services,,"Residential Plumbing and Heating Service Calgary, Alberta",Public CBRB directory listing. Verify before outreach; no email/contact person listed.
,,Ace Plumbing Services,+14167025993,,http://www.aceplumbingservices.ca,"CBRB, 1app target, Plumbing Services",https://www.thecbrb.ca/directory/plumbing-services/cbrb-best-businesses-in-canada-2023-ace-plumbing-services,Plumbing Services,,"Plumbing Services Toronto, Ontario",Public CBRB directory listing. Verify before outreach; no email/contact person listed.
,,Gazda Plumbing,+16474642932,,https://www.gazdaplumbing.com/,"CBRB, 1app target, Plumbing Services",https://www.thecbrb.ca/directory/plumbing-services/cbrb-best-businesses-in-canada-2023-gazda-plumbing,Plumbing Services,,"Plumbing Service Toronto, Ontario",Public CBRB directory listing. Verify before outreach; no email/contact person listed.
,,Jaygreen Plumbing Inc,+12507033957,,,"CBRB, 1app target, Plumbing Services",https://www.thecbrb.ca/directory/plumbing-services/cbrb-best-businesses-in-canada-2024-jaygreen-plumbing-inc,Plumbing Services,,"Plumbing Services Courtenay, British Columbia",Public CBRB directory listing. Verify before outreach; no email/contact person listed.
,,John The Plumber,+16132277465,,https://johntheplumber.ca/,"CBRB, 1app target, Plumbing Services",https://www.thecbrb.ca/directory/plumbing-services/best-businesses-in-canada-2022-john-the-plumber,Plumbing Services,,"Drain Cleaner and Plumbing Ottawa, Ontario",Public CBRB directory listing. Verify before outreach; no email/contact person listed.
,,Perfection Plumbing & Drain Cleaning,+13066529556,,,"CBRB, 1app target, Plumbing Services",https://www.thecbrb.ca/directory/plumbing-services/cbrb-best-businesses-in-canada-perfection-plumbing-drain-cleaning,Plumbing Services,,"Plumbing Services Saskatoon, Saskatchewan",Public CBRB directory listing. Verify before outreach; no email/contact person listed.
,,Revive Mechanical B.C.,+17788914356,,,"CBRB, 1app target, Plumbing Services",https://www.thecbrb.ca/directory/plumbing-services/best-businesses-in-canada-2022-revive-mechanical-b-c,Plumbing Services,,"Plumbing Contractor Abbotsford, British Columbia",Public CBRB directory listing. Verify before outreach; no email/contact person listed.
,,Water Guard Plumbing,+16478321738,,,"CBRB, 1app target, Plumbing Services",https://www.thecbrb.ca/directory/plumbing-services/best-businesses-in-canada-2021-water-guard-plumbing,Plumbing Services,,"Plumbing Service Toronto , Ontario",Public CBRB directory listing. Verify before outreach; no email/contact person listed.
,,"Vision Plumbing, Heating & Cooling",+12504709552,,,"CBRB, 1app target, Plumbing Services",https://www.thecbrb.ca/directory/plumbing-services/cbrb-best-businesses-in-canada-2022-vision-plumbing-heating-cooling,Plumbing Services,,"Plumbing & HVAC Services Kelowna, British Columbia",Public CBRB directory listing. Verify before outreach; no email/contact person listed.
,,Agape Kennel,+15195035464,,,"CBRB, 1app target, Pet Services",https://www.thecbrb.ca/directory/pet-services/cbrb-best-businesses-in-canada-agape-kennel,Pet Services,"Breeding Kennel Elmira, O ntario",,Public CBRB directory listing. Verify before outreach; no email/contact person listed.
,,All Pets,+14169017387,,,"CBRB, 1app target, Pet Services",https://www.thecbrb.ca/directory/pet-services/cbrb-best-businesses-in-canada-all-pets,Pet Services,,"Pet Specialty Store Toronto, Ontario",Public CBRB directory listing. Verify before outreach; no email/contact person listed.
,,Beinnein Kennels Ltd.,+14039313110,,,"CBRB, 1app target, Pet Services",https://www.thecbrb.ca/directory/pet-services/cbrb-best-businesses-in-canada-beinnein-kennels-ltd,Pet Services,,"Pet Boarding & Grooming Calgary , Alberta",Public CBRB directory listing. Verify before outreach; no email/contact person listed.
,,Dogs Tail Inc.,+15873518856,,,"CBRB, 1app target, Pet Services",https://www.thecbrb.ca/directory/pet-services/cbrb-best-businesses-in-canada-dogs-tail-inc,Pet Services,,"Dog Day Care Center Calgary , Alberta",Public CBRB directory listing. Verify before outreach; no email/contact person listed.
,,Kay’s Nail Parlour,+16133258121,,,"CBRB, 1app target, Pet Services",https://www.thecbrb.ca/directory/pet-services/cbrb-best-businesses-in-canada-kays-nail-parlour,Pet Services,"Pet Groomer Ottawa , O ntario",,Public CBRB directory listing. Verify before outreach; no email/contact person listed.
,,Paw & Order Inc.,+15063633011,,,"CBRB, 1app target, Pet Services",https://www.thecbrb.ca/directory/pet-services/cbrb-best-businesses-in-canada-paw-order-inc,Pet Services,,"Dog Daycare & Boarding Centre Keswick Ridge, New Brunswick",Public CBRB directory listing. Verify before outreach; no email/contact person listed.
,,Prince George & Area Pet Memorial Park,+12509637688,,,"CBRB, 1app target, Pet Services",https://www.thecbrb.ca/directory/pet-services/cbrb-best-businesses-in-canada-prince-george-area-pet-memorial-park,Pet Services,,"Pet Crematorium and Cemetery Prince George, British Columbia",Public CBRB directory listing. Verify before outreach; no email/contact person listed.
,,Sit Happens! Companion Dog Training,+14034087309,,,"CBRB, 1app target, Pet Services",https://www.thecbrb.ca/directory/pet-services/cbrb-best-businesses-in-canada-sit-happens-companion-dog-training,Pet Services,,"Dog Training Services Calgary, Alberta",Public CBRB directory listing. Verify before outreach; no email/contact person listed.
,,A Dog's Ruff,+16479886451,,,"CBRB, 1app target, Pet Services",https://www.thecbrb.ca/directory/pet-services/best-businesses-in-canada-2021-a-dogs-ruff,Pet Services,"Dog Walker Toronto, O ntario",,Public CBRB directory listing. Verify before outreach; no email/contact person listed.
,,AgapiK9,+15199421508,,,"CBRB, 1app target, Pet Services",https://www.thecbrb.ca/directory/pet-services/cbrb-best-businesses-in-canada-2024-agapik9,Pet Services,"Dog Trainer Amaranth, O ntario",,Public CBRB directory listing. Verify before outreach; no email/contact person listed.
,,Beauté Canine,+15146963838,,,"CBRB, 1app target, Pet Services",https://www.thecbrb.ca/directory/pet-services/cbrb-best-businesses-in-canada-2024-beauté-canine,Pet Services,,"Pet Groomer Montreal, Quebec",Public CBRB directory listing. Verify before outreach; no email/contact person listed.
,,B-Pro Grooming,+19054951001,,,"CBRB, 1app target, Pet Services",https://www.thecbrb.ca/directory/pet-services/cbrb-best-businesses-in-canada-2023-b-pro-grooming,Pet Services,,"Pet Groomer Brampton , Ontario",Public CBRB directory listing. Verify before outreach; no email/contact person listed.
,,Cascadia Dog Training Inc.,+17783828691,,,"CBRB, 1app target, Pet Services",https://www.thecbrb.ca/directory/pet-services/best-businesses-in-canada-2021-cascadia-dog-training-inc,Pet Services,,"Dog Trainer Vancouver, British Columbia",Public CBRB directory listing. Verify before outreach; no email/contact person listed.
,,Cat's Pajamas Feline Grooming Studio,+16138989228,,,"CBRB, 1app target, Pet Services",https://www.thecbrb.ca/directory/pet-services/cbrb-best-businesses-in-canada-2022-cats-pajamas-feline-grooming-studio,Pet Services,"Pet Groomer Ottawa , O ntario",,Public CBRB directory listing. Verify before outreach; no email/contact person listed.
,,Dankroft K9 Services,+14166536281,,https://decodingcaninestrainingcompany.com/,"CBRB, 1app target, Pet Services",https://www.thecbrb.ca/directory/pet-services/best-businesses-in-canada-2021-dankroft-k9-services,Pet Services,,"Dog Trainer Toronto , Ontario",Public CBRB directory listing. Verify before outreach; no email/contact person listed.
,,Dog Sense Day Care & Grooming,+14166305255,,,"CBRB, 1app target, Pet Services",https://www.thecbrb.ca/directory/pet-services/best-businesses-in-canada-2021-dog-sense-day-care-grooming,Pet Services,,"Dog Day Care Center Toronto , Ontario",Public CBRB directory listing. Verify before outreach; no email/contact person listed.
,,K9+ Dog Walking & Boarding,+14169994442,,,"CBRB, 1app target, Pet Services",https://www.thecbrb.ca/directory/pet-services/best-businesses-in-canada-2021-k9-dog-walking-boarding,Pet Services,,"Pet Care Toronto , Ontario",Public CBRB directory listing. Verify before outreach; no email/contact person listed.
,,Karma Dog Training,+17788002951,,,"CBRB, 1app target, Pet Services",https://www.thecbrb.ca/directory/pet-services/cbrb-best-businesses-in-canada-2023-karma-dog-training,Pet Services,"Dog and Puppy Training Vancouver , B ritish Columbia",,Public CBRB directory listing. Verify before outreach; no email/contact person listed.
,,Lovabulls Pet Care,+14164732093,,,"CBRB, 1app target, Pet Services",https://www.thecbrb.ca/directory/pet-services/best-businesses-in-canada-2022-lovabulls-pet-care,Pet Services,,"Pet Sitting Service Scarborough, Ontario",Public CBRB directory listing. Verify before outreach; no email/contact person listed.
,,Pawfect Strollers Dog Walking & Training Services,+14168894755,,,"CBRB, 1app target, Pet Services",https://www.thecbrb.ca/directory/pet-services/best-businesses-in-canada-2021-pawfect-strollers-dog-walking-training-se,Pet Services,,"Pet Service Hamilton, Ontario",Public CBRB directory listing. Verify before outreach; no email/contact person listed.
,,Pets N Groom Inc,+19053357122,,,"CBRB, 1app target, Pet Services",https://www.thecbrb.ca/directory/pet-services/cbrb-best-businesses-in-canada-2024-pets-n-groom-inc,Pet Services,,"Pet Groomer Burlington, Ontario",Public CBRB directory listing. Verify before outreach; no email/contact person listed.
,,Playful Paws Doggy Daycare & Training Facility,+19024647297,,,"CBRB, 1app target, Pet Services",https://www.thecbrb.ca/directory/pet-services/best-businesses-in-canada-2022-playful-paws-doggy-daycare-training-faci,Pet Services,,"Dog day care center Dartmouth, Nova Scotia",Public CBRB directory listing. Verify before outreach; no email/contact person listed.
,,Pooches N' The Bluffs,+14162619855,,,"CBRB, 1app target, Pet Services",https://www.thecbrb.ca/directory/pet-services/cbrb-best-businesses-in-canada-2023-pooches-n-the-bluffs,Pet Services,,"Pet Groomer Toronto , Ontario",Public CBRB directory listing. Verify before outreach; no email/contact person listed.
,,T&T Dogs Unleashed,+16132580072,,,"CBRB, 1app target, Pet Services",https://www.thecbrb.ca/directory/pet-services/best-businesses-in-canada-2022-tt-dogs-unleashed,Pet Services,,"Dog Trainer and Daycare Kemptville, Ontario",Public CBRB directory listing. Verify before outreach; no email/contact person listed.
,,Tails of Success,+14039710654,,,"CBRB, 1app target, Pet Services",https://www.thecbrb.ca/directory/pet-services/cbrb-best-businesses-in-canada-2024-tails-of-success,Pet Services,,"Obedience Dog Trainer and Mobile Groomer Calgary, Alberta",Public CBRB directory listing. Verify before outreach; no email/contact person listed.
,,The Hungry Pooch,+15199159933,,,"CBRB, 1app target, Pet Services",https://www.thecbrb.ca/directory/pet-services/best-businesses-in-canada-2022-the-hungry-pooch,Pet Services,,"Pet Supply Store Windsor , Ontario",Public CBRB directory listing. Verify before outreach; no email/contact person listed.
,,The Paw Resort & Wellness Centre,+12047299943,,,"CBRB, 1app target, Pet Services",https://www.thecbrb.ca/directory/pet-services/cbrb-best-businesses-in-canada-2024-the-paw-resort-wellness-centre,Pet Services,,"Kennel Brandon, Manitoba",Public CBRB directory listing. Verify before outreach; no email/contact person listed.
,,Foto Booth Fun,+16474711513,,,"CBRB, 1app target, Photographers/Videographers",https://www.thecbrb.ca/directory/photographersvideographers/cbrb-best-businesses-in-canada-foto-booth-fun,Photographers/Videographers,,"PhotoBooth Services Toronto , Ontario",Public CBRB directory listing. Verify before outreach; no email/contact person listed.
,,Cynthia Priest Photography,+17807073668,,,"CBRB, 1app target, Photographers/Videographers",https://www.thecbrb.ca/directory/photographersvideographers/best-businesses-in-canada-2022-cynthia-priest-photography,Photographers/Videographers,,"Wedding & Family Photography Edmonton, Alberta",Public CBRB directory listing. Verify before outreach; no email/contact person listed.
,,HarderLee Photography,+14032442153,,,"CBRB, 1app target, Photographers/Videographers",https://www.thecbrb.ca/directory/photographersvideographers/best-businesses-in-canada-2022-harderlee-photography,Photographers/Videographers,,"Photography Service Calgary, Alberta",Public CBRB directory listing. Verify before outreach; no email/contact person listed.
,,JP Media Works,+12048034841,,,"CBRB, 1app target, Photographers/Videographers",https://www.thecbrb.ca/directory/photographersvideographers/best-businesses-in-canada-2021-jp-media-works,Photographers/Videographers,,"Video Production Service Winnipeg, Manitoba",Public CBRB directory listing. Verify before outreach; no email/contact person listed.
,,Mandy Renée Photography,+13063616485,,,"CBRB, 1app target, Photographers/Videographers",https://www.thecbrb.ca/directory/photographersvideographers/best-businesses-in-canada-2022-mandy-renée-photography,Photographers/Videographers,,"Photographer Saskatoon, Saskatchewan",Public CBRB directory listing. Verify before outreach; no email/contact person listed.
,,PIC Productions,+16473913824,,https://www.picproductions.org/,"CBRB, 1app target, Photographers/Videographers",https://www.thecbrb.ca/directory/photographersvideographers/best-businesses-in-canada-2021-pic-productions,Photographers/Videographers,,"Photographer Mississauga , Ontario",Public CBRB directory listing. Verify before outreach; no email/contact person listed.
,,SHOOT ME STUDIOS,+14162012377,,,"CBRB, 1app target, Photographers/Videographers",https://www.thecbrb.ca/directory/photographersvideographers/best-businesses-in-canada-2021-shoot-me-studios,Photographers/Videographers,,"Photography studio Brampton, Ontario",Public CBRB directory listing. Verify before outreach; no email/contact person listed.
,,SugarSnap Photography by Brandis,+19024892566,,,"CBRB, 1app target, Photographers/Videographers",https://www.thecbrb.ca/directory/photographersvideographers/best-businesses-in-canada-2021-sugarsnap-photography-by-brandis,Photographers/Videographers,,"Photography service Lower Sackville, Nova Scotia",Public CBRB directory listing. Verify before outreach; no email/contact person listed.
,,Xpression Video Productions Inc,+14163209001,,,"CBRB, 1app target, Photographers/Videographers",https://www.thecbrb.ca/directory/photographersvideographers/best-businesses-in-canada-2021-xpression-video-productions-inc,Photographers/Videographers,,"Video production service Toronto , Ontario",Public CBRB directory listing. Verify before outreach; no email/contact person listed.
,,XpressYourSelf Photobooth,+14165762555,,,"CBRB, 1app target, Photographers/Videographers",https://www.thecbrb.ca/directory/photographersvideographers/best-businesses-in-canada-2021-xpressyourself-photobooth,Photographers/Videographers,,"Photobooth Rental Toronto , Ontario",Public CBRB directory listing. Verify before outreach; no email/contact person listed.
,,Clinique Physio Familiale,+18194861186,,,"CBRB, 1app target, Physiotherapy Centres",https://www.thecbrb.ca/directory/physiotherapy-centres/cbrb-best-businesses-in-canada-clinique-physio-familiale,Physiotherapy Centres,"Clinique de Physiothérapie et d’Ergothérapie Gatineau, QC",,Public CBRB directory listing. Verify before outreach; no email/contact person listed.
,,Innova Physio & Sports Rehab,+19053898772,,,"CBRB, 1app target, Physiotherapy Centres",https://www.thecbrb.ca/directory/physiotherapy-centres/cbrb-best-businesses-in-canada-innova-physio-sports-rehab,Physiotherapy Centres,"Physiotherapy and Sports Rehab Hamilton, ON",,Public CBRB directory listing. Verify before outreach; no email/contact person listed.
,,Physio Prime,+18196828118,,,"CBRB, 1app target, Physiotherapy Centres",https://www.thecbrb.ca/directory/physiotherapy-centres/cbrb-best-businesses-in-canada-physio-prime,Physiotherapy Centres,"Physiotherapy Clinic Gatineau, QC",,Public CBRB directory listing. Verify before outreach; no email/contact person listed.
,,Physiocare Physiotherapy & Rehab Centre,+16137149495,,,"CBRB, 1app target, Physiotherapy Centres",https://www.thecbrb.ca/directory/physiotherapy-centres/cbrb-best-businesses-in-canada-physiocare-physiotherapy-rehab-centre,Physiotherapy Centres,"Physiotherapy Clinic Ottawa, ON",,Public CBRB directory listing. Verify before outreach; no email/contact person listed.
,,ALPHA Health Services,+14165451881,,,"CBRB, 1app target, Physiotherapy Centres",https://www.thecbrb.ca/directory/physiotherapy-centres/best-businesses-in-canada-2021-alpha-health-services,Physiotherapy Centres,"Physiotherapy Centre Toronto , ON",,Public CBRB directory listing. Verify before outreach; no email/contact person listed.
,,Concept Physiotherapy,+12049387330,,,"CBRB, 1app target, Physiotherapy Centres",https://www.thecbrb.ca/directory/physiotherapy-centres/best-businesses-in-canada-2021-concept-physiotherapy,Physiotherapy Centres,"Physiotherapist Oakville, ON",,Public CBRB directory listing. Verify before outreach; no email/contact person listed.
,,Core Therapeutics Physiotherapy,+19058588000,,,"CBRB, 1app target, Physiotherapy Centres",https://www.thecbrb.ca/directory/physiotherapy-centres/cbrb-best-businesses-in-canada-2024-core-therapeutics-physiotherapy,Physiotherapy Centres,"Physiotherapist Mississauga , ON",,Public CBRB directory listing. Verify before outreach; no email/contact person listed.
,,Healing Touch,+19052397022,,,"CBRB, 1app target, Physiotherapy Centres",https://www.thecbrb.ca/directory/physiotherapy-centres/best-businesses-in-canada-2021-healing-touch,Physiotherapy Centres,"Physiotherapist Ajax, ON",,Public CBRB directory listing. Verify before outreach; no email/contact person listed.
,,Holistic Physiotherapy & Wellness,+13063730060,,https://www.holisticphysiowellness.ca/,"CBRB, 1app target, Physiotherapy Centres",https://www.thecbrb.ca/directory/physiotherapy-centres/best-businesses-in-canada-2021-holistic-physiotherapy-wellness,Physiotherapy Centres,"Wellness center Saskatoon, SK",,Public CBRB directory listing. Verify before outreach; no email/contact person listed.
,,I AM Physiotherapy Newmarket,+12894661140,,,"CBRB, 1app target, Physiotherapy Centres",https://www.thecbrb.ca/directory/physiotherapy-centres/best-businesses-in-canada-2022-i-am-physiotherapy-newmarket,Physiotherapy Centres,"Physiotherapist Newmarket, ON",,Public CBRB directory listing. Verify before outreach; no email/contact person listed.
,,Lakeside Health & Sport,+12898052252,,,"CBRB, 1app target, Physiotherapy Centres",https://www.thecbrb.ca/directory/physiotherapy-centres/best-businesses-in-canada-2022-lakeside-health-sport,Physiotherapy Centres,"Physical therapy clinic Oakville, ON",,Public CBRB directory listing. Verify before outreach; no email/contact person listed.
,,Lansdowne Physiotherapy Clinic,+16042704428,,,"CBRB, 1app target, Physiotherapy Centres",https://www.thecbrb.ca/directory/physiotherapy-centres/best-businesses-in-canada-2022-lansdowne-physiotherapy-clinic,Physiotherapy Centres,"Physical therapy clinic Richmond, BC",,Public CBRB directory listing. Verify before outreach; no email/contact person listed.
,,Med Wellness Centre,+19056058889,,,"CBRB, 1app target, Physiotherapy Centres",https://www.thecbrb.ca/directory/physiotherapy-centres/best-businesses-in-canada-2022-med-wellness-centre,Physiotherapy Centres,"Physiotherapy & Rehab Vaughan , ON",,Public CBRB directory listing. Verify before outreach; no email/contact person listed.
,,Midtown Physiotherapy,+14167927447,,,"CBRB, 1app target, Physiotherapy Centres",https://www.thecbrb.ca/directory/physiotherapy-centres/best-businesses-in-canada-2021-midtown-physiotherapy,Physiotherapy Centres,"Physiotherapy Centre Toronto , ON",,Public CBRB directory listing. Verify before outreach; no email/contact person listed.
,,North Park Rehab Centre,+19054972120,,,"CBRB, 1app target, Physiotherapy Centres",https://www.thecbrb.ca/directory/physiotherapy-centres/best-businesses-in-canada-2022-north-park-rehab-centre,Physiotherapy Centres,"Physiotherapist Brampton, ON",,Public CBRB directory listing. Verify before outreach; no email/contact person listed.
,,NYK Cosmetic Clinic & Physiotherapy,+19052772220,,,"CBRB, 1app target, Physiotherapy Centres",https://www.thecbrb.ca/directory/physiotherapy-centres/best-businesses-in-canada-2021-nyk-cosmetic-clinic-physiotherapy,Physiotherapy Centres,"Physical Therapy Clinic Mississauga , ON",,Public CBRB directory listing. Verify before outreach; no email/contact person listed.
,,Physio Osteo Optimum,+15144395012,,,"CBRB, 1app target, Physiotherapy Centres",https://www.thecbrb.ca/directory/physiotherapy-centres/cbrb-best-businesses-in-canada-2023-physio-osteo-optimum,Physiotherapy Centres,,"Physiotherapist Montreal, Quebec",Public CBRB directory listing. Verify before outreach; no email/contact person listed.
,,ProHealth Oshawa Physiotherapy & Rehab,+13654420216,,,"CBRB, 1app target, Physiotherapy Centres",https://www.thecbrb.ca/directory/physiotherapy-centres/best-businesses-in-canada-2022-prohealth-oshawa-physiotherapy-rehab,Physiotherapy Centres,"Multidisciplinary Physio, Chiro & Massage Therapy Clinic Oshawa, ON",,Public CBRB directory listing. Verify before outreach; no email/contact person listed.
,,Pure Life Physiotherapy,+16046703276,,,"CBRB, 1app target, Physiotherapy Centres",https://www.thecbrb.ca/directory/physiotherapy-centres/cbrb-best-businesses-in-canada-2023-pure-life-physiotherapy,Physiotherapy Centres,"Physiotherapist Surrey, BC",,Public CBRB directory listing. Verify before outreach; no email/contact person listed.
,,Right Time Rehab,+19054536799,,,"CBRB, 1app target, Physiotherapy Centres",https://www.thecbrb.ca/directory/physiotherapy-centres/best-businesses-in-canada-2022-right-time-rehab,Physiotherapy Centres,"Physical therapy clinic Brampton, ON",,Public CBRB directory listing. Verify before outreach; no email/contact person listed.
,,Sporting Edge Physiotherapy,+19054174646,,,"CBRB, 1app target, Physiotherapy Centres",https://www.thecbrb.ca/directory/physiotherapy-centres/cbrb-best-businesses-in-canada-sporting-edge-physiotherapy,Physiotherapy Centres,"Physiotherapy Clinic Vaughan, ON",,Public CBRB directory listing. Verify before outreach; no email/contact person listed.
,,Sunrise Physical Therapy,+17809608711,,,"CBRB, 1app target, Physiotherapy Centres",https://www.thecbrb.ca/directory/physiotherapy-centres/best-businesses-in-canada-2022-sunrise-physical-therapy,Physiotherapy Centres,"Physiotherapist Spruce Grove, AB",,Public CBRB directory listing. Verify before outreach; no email/contact person listed.
,,Swift Care Wellness Centre,+19052409503,,,"CBRB, 1app target, Physiotherapy Centres",https://www.thecbrb.ca/directory/physiotherapy-centres/cbrb-best-businesses-in-canada-2023-swift-care-wellness-centre,Physiotherapy Centres,"Physical Therapy Clinic Oshawa, ON",,Public CBRB directory listing. Verify before outreach; no email/contact person listed.
,,Urgence Physio,+15144883131,,,"CBRB, 1app target, Physiotherapy Centres",https://www.thecbrb.ca/directory/physiotherapy-centres/best-businesses-in-canada-2022-urgence-physio,Physiotherapy Centres,"Physical therapy clinic Montreal, QC",,Public CBRB directory listing. Verify before outreach; no email/contact person listed.
,,Veronica Rogovsky PT,+16479069064,,https://veronicarogovskypt.square.site/,"CBRB, 1app target, Physiotherapy Centres",https://www.thecbrb.ca/directory/physiotherapy-centres/best-businesses-in-canada-2021-veronica-rogovsky-pt,Physiotherapy Centres,"Registered Physiotherapist Vaughan , ON",,Public CBRB directory listing. Verify before outreach; no email/contact person listed.
,,Work-Fit Total Therapy Centre,+19058459540,,,"CBRB, 1app target, Physiotherapy Centres",https://www.thecbrb.ca/directory/physiotherapy-centres/best-businesses-in-canada-2022-work-fit-total-therapy-centre,Physiotherapy Centres,"Physiotherapy Clinic Oakville, Milton and Georgetown, ON",,Public CBRB directory listing. Verify before outreach; no email/contact person listed.
,,ZONE 4 PHYSIOTHERAPY & WELLNESS CENTER,+17789990899,,,"CBRB, 1app target, Physiotherapy Centres",https://www.thecbrb.ca/directory/physiotherapy-centres/cbrb-best-businesses-in-canada-2023-zone-4-physiotherapy-wellness,Physiotherapy Centres,"Physiotherapist North Vancouver, BC",,Public CBRB directory listing. Verify before outreach; no email/contact person listed.
,,Budget Printing and Supplies,+14032470896,,,"CBRB, 1app target, Printing Services",https://www.thecbrb.ca/directory/printing-services/cbrb-best-businesses-in-canada-budget-printing-and-supplies,Printing Services,,"Printing and Shipping Services Calgary, Alberta",Public CBRB directory listing. Verify before outreach; no email/contact person listed.
,,SSK Signs,+19052822225,,,"CBRB, 1app target, Printing Services",https://www.thecbrb.ca/directory/printing-services/cbrb-best-businesses-in-canada-ssk-signs,Printing Services,,"Sign Shop Mississauga, Ontario",Public CBRB directory listing. Verify before outreach; no email/contact person listed.
,,Aventus Investigations Inc.,+16472295820,,,"CBRB, 1app target, Private Investigators",https://www.thecbrb.ca/directory/private-investigators/cbrb-best-businesses-in-canada-aventus-investigations-inc,Private Investigators,"Private Investigator Ajax , ON",,Public CBRB directory listing. Verify before outreach; no email/contact person listed.
,,Duncan Investigations Inc,+12042333439,,,"CBRB, 1app target, Private Investigators",https://www.thecbrb.ca/directory/private-investigators/cbrb-best-businesses-in-canada-duncan-investigations-inc,Private Investigators,"Private Investigation Services Winnipeg , MB",,Public CBRB directory listing. Verify before outreach; no email/contact person listed.
,,The Smith Investigation Agency,+16474798474,,,"CBRB, 1app target, Private Investigators",https://www.thecbrb.ca/directory/private-investigators/cbrb-best-businesses-in-canada-the-smith-investigation-agency,Private Investigators,"Private Investigator Mississauga, ON",,Public CBRB directory listing. Verify before outreach; no email/contact person listed.
,,Investigations Plus Ltd.,+18887032912,,https://sqpi.ca/private-investigator-vaughan/?utm_source=google&utm_medium=organic&utm_campaign=local&utm_content=Vaughan,"CBRB, 1app target, Private Investigators",https://www.thecbrb.ca/directory/private-investigators/cbrb-best-businesses-in-canada-2023-investigations-plus-ltd,Private Investigators,"Private Investigation Agency Brampton,ON",,Public CBRB directory listing. Verify before outreach; no email/contact person listed.
,,Glen CORR Management Inc.,+15194321888,,,"CBRB, 1app target, Property Management Services",https://www.thecbrb.ca/directory/property-management-services/cbrb-best-businesses-in-canada-glen-corr-management-inc,Property Management Services,"Commercial Property Management Firm London, ON",,Public CBRB directory listing. Verify before outreach; no email/contact person listed.
,,Murphy's Property Management,+16047511773,,,"CBRB, 1app target, Property Management Services",https://www.thecbrb.ca/directory/property-management-services/cbrb-best-businesses-in-canada-murphys-property-management,Property Management Services,"Property Management Company M ission , BC",,Public CBRB directory listing. Verify before outreach; no email/contact person listed.
,,Peartree Group Property Management,+16136867575,,,"CBRB, 1app target, Property Management Services",https://www.thecbrb.ca/directory/property-management-services/cbrb-best-businesses-in-canada-peartree-group-property-management,Property Management Services,"Property Management Company Ottawa , ON",,Public CBRB directory listing. Verify before outreach; no email/contact person listed.
,,Phoenix Properties Inc.,+16137239227,,,"CBRB, 1app target, Property Management Services",https://www.thecbrb.ca/directory/property-management-services/cbrb-best-businesses-in-canada-phoenix-properties-inc,Property Management Services,"Apartment Rental Company Ottawa, ON",,Public CBRB directory listing. Verify before outreach; no email/contact person listed.
,,WEmanageURproperties Inc.,+14165783151,,,"CBRB, 1app target, Property Management Services",https://www.thecbrb.ca/directory/property-management-services/cbrb-best-businesses-in-canada-wemanageurproperties-inc,Property Management Services,"Property Management Company Toronto, ON",,Public CBRB directory listing. Verify before outreach; no email/contact person listed.
,,CALGARY HOME WATCH & CONCIERGE INC.,+14038030012,,,"CBRB, 1app target, Property Management Services",https://www.thecbrb.ca/directory/property-management-services/cbrb-best-businesses-in-canada-2023-calgary-home-watch-concierge-inc,Property Management Services,,"Personal Concierge & Home Watch Services Calgary, Alberta",Public CBRB directory listing. Verify before outreach; no email/contact person listed.
,,CANADIAN COMMERCIAL PROPERTY MANAGEMENT,+12893130888,,,"CBRB, 1app target, Property Management Services",https://www.thecbrb.ca/directory/property-management-services/best-businesses-in-canada-2021-canadian-commercial-property-management,Property Management Services,,"Property Management Burlington, Ontario",Public CBRB directory listing. Verify before outreach; no email/contact person listed.
,,Chang's Property,+19024239247,,,"CBRB, 1app target, Property Management Services",https://www.thecbrb.ca/directory/property-management-services/cbrb-best-businesses-in-canada-2023-changs-property-management,Property Management Services,,"Property Management Company Halifax, Nova Scotia",Public CBRB directory listing. Verify before outreach; no email/contact person listed.
,,Diamond Property Management Group,+16476807892,,,"CBRB, 1app target, Property Management Services",https://www.thecbrb.ca/directory/property-management-services/best-businesses-in-canada-2022-diamond-property-management-group,Property Management Services,Property Management Toronto Ontario,,Public CBRB directory listing. Verify before outreach; no email/contact person listed.
,,Home 2 Home Properties Inc,+15198905245,,,"CBRB, 1app target, Property Management Services",https://www.thecbrb.ca/directory/property-management-services/cbrb-best-businesses-in-canada-2023-home-2-home-properties-inc,Property Management Services,,"Property Management Windsor, Ontario",Public CBRB directory listing. Verify before outreach; no email/contact person listed.
,,LogisPro Mauricie Inc.,+18193711555,,,"CBRB, 1app target, Property Management Services",https://www.thecbrb.ca/directory/property-management-services/cbrb-best-businesses-in-canada-2024-logispro-mauricie-inc,Property Management Services,Property Management Company Trois-Riviè,"res, Quebec",Public CBRB directory listing. Verify before outreach; no email/contact person listed.
,,Mayfield Management Group Ltd,+17804515192,,,"CBRB, 1app target, Property Management Services",https://www.thecbrb.ca/directory/property-management-services/best-businesses-in-canada-2023-mayfield-management-group-ltd,Property Management Services,"Property Management Edmonton, AB",,Public CBRB directory listing. Verify before outreach; no email/contact person listed.
,,Shiu Pong Management Limited,+14165968885,,https://shiupong.com/index.php,"CBRB, 1app target, Property Management Services",https://www.thecbrb.ca/directory/property-management-services/cbrb-best-businesses-in-canada-2023-shiu-pong-management-limited,Property Management Services,"Property Management Toronto, ON",,Public CBRB directory listing. Verify before outreach; no email/contact person listed.
,,OrangeList Property Management,+19053290823,,,"CBRB, 1app target, Property Management Services",https://www.thecbrb.ca/directory/property-management-services/cbrb-best-businesses-in-canada-2023-orangelist-property-management,Property Management Services,"Property management company St. Catharines, ON",,Public CBRB directory listing. Verify before outreach; no email/contact person listed.
,,Paragon Property Management & Maintenance,+15193515551,,,"CBRB, 1app target, Property Management Services",https://www.thecbrb.ca/directory/property-management-services/cbrb-best-businesses-in-canada-2023-paragon-property-management,Property Management Services,"Property Management Chatham, ON",,Public CBRB directory listing. Verify before outreach; no email/contact person listed.
,,Property Hunters Inc.,+15199447368,,,"CBRB, 1app target, Property Management Services",https://www.thecbrb.ca/directory/property-management-services/cbrb-best-businesses-in-canada-2023-property-hunters-inc,Property Management Services,"Property Management Company Windsor, ON",,Public CBRB directory listing. Verify before outreach; no email/contact person listed.
,,Sunrise Estate Services,+17807220101,,,"CBRB, 1app target, Property Management Services",https://www.thecbrb.ca/directory/property-management-services/best-businesses-in-canada-2021-sunrise-estate-services,Property Management Services,"Estate liquidator Spruce Grove, AB",,Public CBRB directory listing. Verify before outreach; no email/contact person listed.
,,Upper Edge Property Management Inc.,+12044156200,,,"CBRB, 1app target, Property Management Services",https://www.thecbrb.ca/directory/property-management-services/best-businesses-in-canada-2021-upper-edge-property-management,Property Management Services,,"Property Management Winnipeg, Manitoba",Public CBRB directory listing. Verify before outreach; no email/contact person listed.
,,CEFPI SST,+14509350560,,,"CBRB, 1app target, Public Safety Services",https://www.thecbrb.ca/directory/public-safety-services/cbrb-best-businesses-in-canada-cefpi-sst,Public Safety Services,Consultation et Formation en Santé et Sécurité au Travail Québec,,Public CBRB directory listing. Verify before outreach; no email/contact person listed.
,,Durham First Aid Inc.,+19052400092,,,"CBRB, 1app target, Public Safety Services",https://www.thecbrb.ca/directory/public-safety-services/cbrb-best-businesses-in-canada-durham-first-aid-inc,Public Safety Services,,"First Aid & CPR Training Provider Durham Region, Ontario",Public CBRB directory listing. Verify before outreach; no email/contact person listed.
,,ABSA - The Pressure Equipment Safety Authority,+17804379100,,,"CBRB, 1app target, Public Safety Services",https://www.thecbrb.ca/directory/public-safety-services/best-businesses-in-canada-2021-absa-the-pressure-equipment-safety-autho,Public Safety Services,,"Public S afety O ffice Edmonton, Alberta",Public CBRB directory listing. Verify before outreach; no email/contact person listed.
,,Cascade Fire Protection,+12506426542,,,"CBRB, 1app target, Public Safety Services",https://www.thecbrb.ca/directory/public-safety-services/cbrb-best-businesses-in-canada-2024-cascade-fire-protection,Public Safety Services,,"Fire Protection Installation & Service Sooke, British Columbia",Public CBRB directory listing. Verify before outreach; no email/contact person listed.
,,FIRM FIRE & SAFETY INC,+18882391728,,http://www.firmfire.ca,"CBRB, 1app target, Public Safety Services",https://www.thecbrb.ca/directory/public-safety-services/cbrb-best-businesses-in-canada-firm-fire-safety-inc,Public Safety Services,,"Fire Alarm & Safety Services Toronto, Ontario",Public CBRB directory listing. Verify before outreach; no email/contact person listed.
,,TEAM-1 Academy Inc.,+19058270007,,,"CBRB, 1app target, Public Safety Services",https://www.thecbrb.ca/directory/public-safety-services/cbrb-best-businesses-in-canada-2024-team-1-academy-inc,Public Safety Services,,"Health and Safety Training Burlington, Ontario",Public CBRB directory listing. Verify before outreach; no email/contact person listed.
,,VIF Safety Training,+12508892074,,,"CBRB, 1app target, Public Safety Services",https://www.thecbrb.ca/directory/public-safety-services/cbrb-best-businesses-in-canada-2024-vif-safety-training,Public Safety Services,Safety Training British Columbia,,Public CBRB directory listing. Verify before outreach; no email/contact person listed.
,,WT Canadian Safety & Medic Training,+12508614357,,https://turnergroup.ca/,"CBRB, 1app target, Public Safety Services",https://www.thecbrb.ca/directory/public-safety-services/cbrb-best-businesses-in-canada-2024-wt-canadian-safety-medic-training,Public Safety Services,,"First Aid and Medic Training Kelowna, British Columbia",Public CBRB directory listing. Verify before outreach; no email/contact person listed.
,,Alberta Dynasty Exteriors Inc.,+14036308492,,,"CBRB, 1app target, Roofing Contractors",https://www.thecbrb.ca/directory/roofing-contractors/cbrb-best-businesses-in-canada-alberta-dynasty-exteriors-inc,Roofing Contractors,,"Roofing Contractor Wheatland County, Alberta",Public CBRB directory listing. Verify before outreach; no email/contact person listed.
,,JDM Roofing,+16043922910,,,"CBRB, 1app target, Roofing Contractors",https://www.thecbrb.ca/directory/roofing-contractors/cbrb-best-businesses-in-canada-jdm-roofing,Roofing Contractors,,"Roofing Contractor Chilliwack, British Columbia",Public CBRB directory listing. Verify before outreach; no email/contact person listed.
,,Mega City Roofing Inc,+14164199836,,,"CBRB, 1app target, Roofing Contractors",https://www.thecbrb.ca/directory/roofing-contractors/cbrb-best-businesses-in-canada-mega-city-roofing-inc,Roofing Contractors,,"Roofing Contractor Whitby, Ontario",Public CBRB directory listing. Verify before outreach; no email/contact person listed.
,,Stokes Roofing,+17057613875,,,"CBRB, 1app target, Roofing Contractors",https://www.thecbrb.ca/directory/roofing-contractors/cbrb-best-businesses-in-canada-stokes-roofing,Roofing Contractors,,"Roofing C ontractor Peterborough , Ontario",Public CBRB directory listing. Verify before outreach; no email/contact person listed.
,,Toiture Audet,+18195981384,,https://toitureaudet.com/,"CBRB, 1app target, Roofing Contractors",https://www.thecbrb.ca/directory/roofing-contractors/cbrb-best-businesses-in-canada-toiture-audet,Roofing Contractors,"Roofing Contractor Val-des-Monts, Q uebec",,Public CBRB directory listing. Verify before outreach; no email/contact person listed.
,,Tops Roofing & Siding,+19053120558,,,"CBRB, 1app target, Roofing Contractors",https://www.thecbrb.ca/directory/roofing-contractors/cbrb-best-businesses-in-canada-tops-roofing-siding,Roofing Contractors,"Roofing & Siding Contractor Hamilton , O ntario",,Public CBRB directory listing. Verify before outreach; no email/contact person listed.
,,Vanity Roofing,+16138514448,,,"CBRB, 1app target, Roofing Contractors",https://www.thecbrb.ca/directory/roofing-contractors/cbrb-best-businesses-in-canada-vanity-roofing,Roofing Contractors,,"Roofing Contractor Ottawa, Ontario",Public CBRB directory listing. Verify before outreach; no email/contact person listed.
,,Best Flat Roof,+14167107171,,,"CBRB, 1app target, Roofing Contractors",https://www.thecbrb.ca/directory/roofing-contractors/best-businesses-in-canada-2021-best-flat-roof,Roofing Contractors,,"Roofing Contractor Vaughan, Ontario",Public CBRB directory listing. Verify before outreach; no email/contact person listed.
,,Blue Jay Roofing,+12502583009,,,"CBRB, 1app target, Roofing Contractors",https://www.thecbrb.ca/directory/roofing-contractors/cbrb-best-businesses-in-canada-2024-blue-jay-roofing,Roofing Contractors,,"Roofing Contractor West Kelowna, British Columbia",Public CBRB directory listing. Verify before outreach; no email/contact person listed.
,,Cleroux & Sons Roofing,+15198194309,,,"CBRB, 1app target, Roofing Contractors",https://www.thecbrb.ca/directory/roofing-contractors/best-businesses-in-canada-2021-cleroux-sons-roofing,Roofing Contractors,,"Roofing Contractor Tecumseh, Ontario",Public CBRB directory listing. Verify before outreach; no email/contact person listed.
,,Club Toiture,+15149907943,,,"CBRB, 1app target, Roofing Contractors",https://www.thecbrb.ca/directory/roofing-contractors/best-businesses-in-canada-2021-club-toiture,Roofing Contractors,,"Roofing Contractor Mirabel, Quebec",Public CBRB directory listing. Verify before outreach; no email/contact person listed.
,,Elements Metal Roof,+19028005500,,,"CBRB, 1app target, Roofing Contractors",https://www.thecbrb.ca/directory/roofing-contractors/best-businesses-in-canada-2021-elements-metal-roof,Roofing Contractors,,"Roofing Contractor Halifax, Nova Scotia",Public CBRB directory listing. Verify before outreach; no email/contact person listed.
,,Erickson Roofing,+12507585440,,,"CBRB, 1app target, Roofing Contractors",https://www.thecbrb.ca/directory/roofing-contractors/cbrb-best-businesses-in-canada-2023-erickson-roofing,Roofing Contractors,,"Roofing and Waterproofing Contractor Nanaimo, British Columbia",Public CBRB directory listing. Verify before outreach; no email/contact person listed.
,,First Choice Roofing,+19058533041,,,"CBRB, 1app target, Roofing Contractors",https://www.thecbrb.ca/directory/roofing-contractors/best-businesses-in-canada-2022-first-choice-roofing,Roofing Contractors,,"Roofing Contractor Whitchurch-Stouffville, Ontario",Public CBRB directory listing. Verify before outreach; no email/contact person listed.
,,Flat Roofing BC Inc,+16043853178,,,"CBRB, 1app target, Roofing Contractors",https://www.thecbrb.ca/directory/roofing-contractors/best-businesses-in-canada-2022-flat-roofing-bc-inc,Roofing Contractors,,"Roofing Contractor Surrey, British Columbia",Public CBRB directory listing. Verify before outreach; no email/contact person listed.
,,FS ROOF SYSTEMS,+15198274638,,,"CBRB, 1app target, Roofing Contractors",https://www.thecbrb.ca/directory/roofing-contractors/best-businesses-in-canada-2021-fs-roof-systems,Roofing Contractors,,"Roofing Contractor Cambridge, Ontario",Public CBRB directory listing. Verify before outreach; no email/contact person listed.
,,Heavy Metal Roofing Ltd.,+17052208656,,,"CBRB, 1app target, Roofing Contractors",https://www.thecbrb.ca/directory/roofing-contractors/cbrb-best-businesses-in-canada-2024-heavy-metal-roofing-ltd,Roofing Contractors,,"Roofing Contractor Coldwater, Ontario",Public CBRB directory listing. Verify before outreach; no email/contact person listed.
,,JN Roofing and Contracting.,+17057342988,,,"CBRB, 1app target, Roofing Contractors",https://www.thecbrb.ca/directory/roofing-contractors/best-businesses-in-canada-2022-jn-roofing-and-contracting,Roofing Contractors,,"Roofing Contractor Barrie, Ontario",Public CBRB directory listing. Verify before outreach; no email/contact person listed.
,,Marks Roofing Ltd,+17788853347,,https://www.facebook.com/Marksroofing/photos/?ref=page_internal,"CBRB, 1app target, Roofing Contractors",https://www.thecbrb.ca/directory/roofing-contractors/best-businesses-in-canada-2021-marks-roofing-ltd,Roofing Contractors,,"Roofing Services Surrey, British Columbia",Public CBRB directory listing. Verify before outreach; no email/contact person listed.
,,Masterclass Roofing & Exteriors,+18259942028,,https://www.masterclass-roofing.com/,"CBRB, 1app target, Roofing Contractors",https://www.thecbrb.ca/directory/roofing-contractors/best-businesses-in-canada-2022-masterclass-roofing-exteriors,Roofing Contractors,,"Exterior Renovation Company Calgary, Alberta",Public CBRB directory listing. Verify before outreach; no email/contact person listed.
,,Matt’s Roofing LTD.,+17809937005,,,"CBRB, 1app target, Roofing Contractors",https://www.thecbrb.ca/directory/roofing-contractors/best-businesses-in-canada-2021-matts-roofing-ltd,Roofing Contractors,,"Roofing Contractor Edmonton, Alberta",Public CBRB directory listing. Verify before outreach; no email/contact person listed.
,,Maxim Roofing Limited,+14162454949,,,"CBRB, 1app target, Roofing Contractors",https://www.thecbrb.ca/directory/roofing-contractors/cbrb-best-businesses-in-canada-2024-maxim-roofing-limited,Roofing Contractors,,"Custom Roofing Repairs And Restorations Toronto, Ontario",Public CBRB directory listing. Verify before outreach; no email/contact person listed.
,,Metal Roof Ottawa Inc.,+16139788644,,,"CBRB, 1app target, Roofing Contractors",https://www.thecbrb.ca/directory/roofing-contractors/cbrb-best-businesses-in-canada-2023-metal-roof-ottawa-inc,Roofing Contractors,,"Roofing Contractor Ottawa, Ontario",Public CBRB directory listing. Verify before outreach; no email/contact person listed.
,,Metal-Tech Production Inc,+14383874600,,,"CBRB, 1app target, Roofing Contractors",https://www.thecbrb.ca/directory/roofing-contractors/best-businesses-in-canada-2022-metal-tech-production-inc,Roofing Contractors,,"Roofing Contractor Montreal, Quebec",Public CBRB directory listing. Verify before outreach; no email/contact person listed.
,,Northwind Roofing Ltd,+15872008517,,,"CBRB, 1app target, Roofing Contractors",https://www.thecbrb.ca/directory/roofing-contractors/best-businesses-in-canada-2021-northwind-roofing-ltd,Roofing Contractors,,"Roofing Contractor Prince George, British Columbia",Public CBRB directory listing. Verify before outreach; no email/contact person listed.
,,Ontario Tech Roofing INC.,+19056164408,,,"CBRB, 1app target, Roofing Contractors",https://www.thecbrb.ca/directory/roofing-contractors/best-businesses-in-canada-2021-ontario-tech-roofing-inc,Roofing Contractors,,"Roofing Contractor Oakville, Ontario",Public CBRB directory listing. Verify before outreach; no email/contact person listed.
,,Rainbow Gutters,+17806329301,,https://rainbowgutters.net/,"CBRB, 1app target, Roofing Contractors",https://www.thecbrb.ca/directory/roofing-contractors/cbrb-best-businesses-in-canada-rainbow-gutters,Roofing Contractors,,"Roofing Contractor Vegreville, Alberta",Public CBRB directory listing. Verify before outreach; no email/contact person listed.
,,Reid's Roofing Ltd,+17804605866,,,"CBRB, 1app target, Roofing Contractors",https://www.thecbrb.ca/directory/roofing-contractors/best-businesses-in-canada-2021-reids-roofing-ltd,Roofing Contractors,,"Roofing Contractor St. Albert, Alberta",Public CBRB directory listing. Verify before outreach; no email/contact person listed.
,,Roof Effex Inc,+17809837414,,https://roofeffex.com/,"CBRB, 1app target, Roofing Contractors",https://www.thecbrb.ca/directory/roofing-contractors/best-businesses-in-canada-2022-roof-effex-inc,Roofing Contractors,,"Roofing Company Stony Plain, Alberta",Public CBRB directory listing. Verify before outreach; no email/contact person listed.
,,Toitures Sublimes,+18192664249,,https://www.toituressublimes.com/,"CBRB, 1app target, Roofing Contractors",https://www.thecbrb.ca/directory/roofing-contractors/cbrb-best-businesses-in-canada-2023-toitures-sublimes,Roofing Contractors,"Roofing Contractor Sainte-Ursule, QC",,Public CBRB directory listing. Verify before outreach; no email/contact person listed.
,,Archer Guards,+15142515050,,,"CBRB, 1app target, Security Services",https://www.thecbrb.ca/directory/security-services/cbrb-best-businesses-in-canada-archer-guards,Security Services,"Security Services Montreal, QC",,Public CBRB directory listing. Verify before outreach; no email/contact person listed.
,,Condor Security Inc.,+14166651500,,,"CBRB, 1app target, Security Services",https://www.thecbrb.ca/directory/security-services/cbrb-best-businesses-in-canada-condor-security-inc,Security Services,"Security Guard Services Toronto, ON",,Public CBRB directory listing. Verify before outreach; no email/contact person listed.
,,H.F.H. SECURITY SERVICES. INC.,+17057152327,,,"CBRB, 1app target, Security Services",https://www.thecbrb.ca/directory/security-services/cbrb-best-businesses-in-canada-h-f-h-security-services-inc,Security Services,"Security Guard Service Angus , ON",,Public CBRB directory listing. Verify before outreach; no email/contact person listed.
,,INESA Security Services Inc.,+18333884464,,,"CBRB, 1app target, Security Services",https://www.thecbrb.ca/directory/security-services/cbrb-best-businesses-in-canada-inesa-security-services-inc,Security Services,"Security Services Hamilton , ON",,Public CBRB directory listing. Verify before outreach; no email/contact person listed.
,,JamRock Security,+12048801564,,,"CBRB, 1app target, Security Services",https://www.thecbrb.ca/directory/security-services/cbrb-best-businesses-in-canada-jamrock-security,Security Services,"Security S ystem S upplier Winnipeg, MB",,Public CBRB directory listing. Verify before outreach; no email/contact person listed.
,,Maritect Investigations & Security Ltd.,+19022703161,,,"CBRB, 1app target, Security Services",https://www.thecbrb.ca/directory/security-services/cbrb-best-businesses-in-canada-maritect-investigations-security-ltd,Security Services,"Security Services Sydney, NS",,Public CBRB directory listing. Verify before outreach; no email/contact person listed.
,,1Northwest Security Services,+18076237417,,,"CBRB, 1app target, Security Services",https://www.thecbrb.ca/directory/security-services/best-businesses-in-canada-2022-1northwest-security-services,Security Services,"Security guard service Thunder Bay, ON",,Public CBRB directory listing. Verify before outreach; no email/contact person listed.
,,Allfine Security,+14168550101,,,"CBRB, 1app target, Security Services",https://www.thecbrb.ca/directory/security-services/cbrb-best-businesses-in-canada-2024-allfine-security,Security Services,"Security System Installer Vaughan, ON",,Public CBRB directory listing. Verify before outreach; no email/contact person listed.
,,AJ-Spider Security & Investigation Services,+19055260707,,http://ajssissecurityinc.com/,"CBRB, 1app target, Security Services",https://www.thecbrb.ca/directory/security-services/best-businesses-in-canada-2021-aj-spider-security-investigation-service,Security Services,"Security guard service Hamilton, ON",,Public CBRB directory listing. Verify before outreach; no email/contact person listed.
,,Amike Fire Alarm Security Service,+15143606233,,,"CBRB, 1app target, Security Services",https://www.thecbrb.ca/directory/security-services/best-businesses-in-canada-2021-amike-fire-alarm-security-service,Security Services,"Fire alarm supplier Montreal, QC",,Public CBRB directory listing. Verify before outreach; no email/contact person listed.
,,Armoured Security Canada Inc,+19057602693,,,"CBRB, 1app target, Security Services",https://www.thecbrb.ca/directory/security-services/best-businesses-in-canada-2021-armoured-security-canada-inc,Security Services,"Armoured Security Concord, ON",,Public CBRB directory listing. Verify before outreach; no email/contact person listed.
,,Artistic Smart Homes,+19058509386,,,"CBRB, 1app target, Security Services",https://www.thecbrb.ca/directory/security-services/best-businesses-in-canada-2022-artistic-smart-homes,Security Services,"Automation/Security/Audio visual Vaughan, ON",,Public CBRB directory listing. Verify before outreach; no email/contact person listed.
,,Birdseye Security Solutions,+18442247372,,,"CBRB, 1app target, Security Services",https://www.thecbrb.ca/directory/security-services/best-businesses-in-canada-2022-birdseye-security-solutions,Security Services,Security Services North America,,Public CBRB directory listing. Verify before outreach; no email/contact person listed.
,,CAMSONICS SECURITY SYSTEM INC,+16473025748,,,"CBRB, 1app target, Security Services",https://www.thecbrb.ca/directory/security-services/best-businesses-in-canada-2021-camsonics-security-system-inc,Security Services,"Security System Installer Brampton, ON",,Public CBRB directory listing. Verify before outreach; no email/contact person listed.
,,Cancom Security,+14167630000,,,"CBRB, 1app target, Security Services",https://www.thecbrb.ca/directory/security-services/best-businesses-in-canada-2022-cancom-security,Security Services,"Security service Toronto, ON",,Public CBRB directory listing. Verify before outreach; no email/contact person listed.
,,Eagle Vision Security,+14168000706,,,"CBRB, 1app target, Security Services",https://www.thecbrb.ca/directory/security-services/cbrb-best-businesses-in-canada-2024-eagle-vision-security,Security Services,Security Service Canada,,Public CBRB directory listing. Verify before outreach; no email/contact person listed.
,,Empire Protection Inc.,+14165585142,,,"CBRB, 1app target, Security Services",https://www.thecbrb.ca/directory/security-services/best-businesses-in-canada-2022-empire-protection-inc,Security Services,"Security guard service Brampton, ON",,Public CBRB directory listing. Verify before outreach; no email/contact person listed.
,,Excellence Security & Automation,+15195736767,,,"CBRB, 1app target, Security Services",https://www.thecbrb.ca/directory/security-services/best-businesses-in-canada-2022-excellence-security-automation,Security Services,"Security System Supplier Kitchener, ON",,Public CBRB directory listing. Verify before outreach; no email/contact person listed.
,,GOLDEN ARROWS SECURITY,+18196391960,,,"CBRB, 1app target, Security Services",https://www.thecbrb.ca/directory/security-services/best-businesses-in-canada-2022-golden-arrows-security,Security Services,"Security Service Gatineau, QC",,Public CBRB directory listing. Verify before outreach; no email/contact person listed.
,,Guardian Security Solutions,+14032337454,,https://www.guardiansecurity.co/,"CBRB, 1app target, Security Services",https://www.thecbrb.ca/directory/security-services/cbrb-best-businesses-in-canada-guardian-security-solutions,Security Services,"Security System Services Calgary/Lethbridge, AB",,Public CBRB directory listing. Verify before outreach; no email/contact person listed.
,,Home N Tech Inc.,+16479620515,,,"CBRB, 1app target, Security Services",https://www.thecbrb.ca/directory/security-services/cbrb-best-businesses-in-canada-2023-home-n-tech-inc,Security Services,"Home Automation Company Toronto , ON",,Public CBRB directory listing. Verify before outreach; no email/contact person listed.
,,I-Corp Security Services Ltd,+16046878645,,,"CBRB, 1app target, Security Services",https://www.thecbrb.ca/directory/security-services/best-businesses-in-canada-2022-i-corp-security-services-ltd,Security Services,"Security guard service Burnaby, BC",,Public CBRB directory listing. Verify before outreach; no email/contact person listed.
,,IRM Consulting & Advisory,+16478002590,,,"CBRB, 1app target, Security Services",https://www.thecbrb.ca/directory/security-services/best-businesses-in-canada-2024-irm-consulting-advisory,Security Services,"Computer security service Toronto, ON",,Public CBRB directory listing. Verify before outreach; no email/contact person listed.
,,JTL Alarm and Surveillance,+17803283232,,,"CBRB, 1app target, Security Services",https://www.thecbrb.ca/directory/security-services/best-businesses-in-canada-2021-jtl-alarm-and-surveillance,Security Services,"Security Service Edmonton , AB",,Public CBRB directory listing. Verify before outreach; no email/contact person listed.
,,Logitactic Canada,+14035605185,,,"CBRB, 1app target, Security Services",https://www.thecbrb.ca/directory/security-services/best-businesses-in-canada-2021-logitactic-canada,Security Services,"Security system installer Calgary, AB",,Public CBRB directory listing. Verify before outreach; no email/contact person listed.
,,Mercury Group Security Services,+19056097878,,,"CBRB, 1app target, Security Services",https://www.thecbrb.ca/directory/security-services/best-businesses-in-canada-2022-mercury-group-security-services,Security Services,"Security guard service Vaughan, ON",,Public CBRB directory listing. Verify before outreach; no email/contact person listed.
,,OEIS Security and Investigations,+18772961112,,,"CBRB, 1app target, Security Services",https://www.thecbrb.ca/directory/security-services/cbrb-best-businesses-in-canada-2022-oeis-security-and-investigations,Security Services,"Security Guard Service Toronto, ON",,Public CBRB directory listing. Verify before outreach; no email/contact person listed.
,,Pinnacle Security Services Inc,+16474096861,,,"CBRB, 1app target, Security Services",https://www.thecbrb.ca/directory/security-services/best-businesses-in-canada-2021-pinnacle-security-services-inc,Security Services,"Security Guard Service Toronto, ON",,Public CBRB directory listing. Verify before outreach; no email/contact person listed.
,,Red Hawk Security Ltd,+17787511414,,https://www.facebook.com/silvan1222/?ref=page_internal,"CBRB, 1app target, Security Services",https://www.thecbrb.ca/directory/security-services/best-businesses-in-canada-2022-red-hawk-security-ltd,Security Services,"Security Guard Service Vancouver, BC",,Public CBRB directory listing. Verify before outreach; no email/contact person listed.
,,Stanex Inc,+15143335280,,,"CBRB, 1app target, Security Services",https://www.thecbrb.ca/directory/security-services/best-businesses-in-canada-2021-stanex-inc,Security Services,"Fire alarm supplier Montreal, QC",,Public CBRB directory listing. Verify before outreach; no email/contact person listed.
,,Titan Security and Investigative Services,+16472004823,,,"CBRB, 1app target, Security Services",https://www.thecbrb.ca/directory/security-services/cbrb-best-businesses-in-canada-2023-titan-security,Security Services,"Security Guards & Investigation Services Etobicoke, ON",,Public CBRB directory listing. Verify before outreach; no email/contact person listed.
,,Thibault Gates And Access Control,+17785521718,,https://gateaccess.systems/,"CBRB, 1app target, Security Services",https://www.thecbrb.ca/directory/security-services/cbrb-best-businesses-in-canada-2023-thibault-gates-and-access-control,Security Services,"Security Services Mission, BC",,Public CBRB directory listing. Verify before outreach; no email/contact person listed.
,,Xtreme Security Services Inc.,+17789031114,,,"CBRB, 1app target, Security Services",https://www.thecbrb.ca/directory/security-services/best-businesses-in-canada-2021-xtreme-security-services-inc,Security Services,"Security Guard Service Burnaby, BC",,Public CBRB directory listing. Verify before outreach; no email/contact person listed.
,,CAG ONE,+18005772198,,,"CBRB, 1app target, Skate Sharpening Services",https://www.thecbrb.ca/directory/skate-sharpening-services/cbrb-best-businesses-in-canada-cag-one,Skate Sharpening Services,,"Pro-Level Skate Sharpeners Quebec City, Quebec",Public CBRB directory listing. Verify before outreach; no email/contact person listed.
,,Kinnect Support Services Inc.,+14162231000,,,"CBRB, 1app target, Social Services Organizations",https://www.thecbrb.ca/directory/social-services-organization/cbrb-best-businesses-in-canada-kinnect-support-services-inc,Social Services Organizations,,"Social Services Staffing Agency Toronto, Ontario",Public CBRB directory listing. Verify before outreach; no email/contact person listed.
,,Horizons for Youth,+14167819898,,,"CBRB, 1app target, Social Services Organizations",https://www.thecbrb.ca/directory/social-services-organization/cbrb-best-businesses-in-canada-horizons-for-youth,Social Services Organizations,"Homeless Shelter Toronto, ON",,Public CBRB directory listing. Verify before outreach; no email/contact person listed.
,,"La Boussole, Centre Communautaire Francophone",+16046837337,,,"CBRB, 1app target, Social Services Organizations",https://www.thecbrb.ca/directory/social-services-organization/best-businesses-in-canada-2021-la-boussole-francophone-centre,Social Services Organizations,"Social Services Organization Vancouver, BC",,Public CBRB directory listing. Verify before outreach; no email/contact person listed.
,,DASCH - Direct Action in Support of Community Homes Inc,+12049871550,,,"CBRB, 1app target, Social Services Organizations",https://www.thecbrb.ca/directory/social-services-organization/best-businesses-in-canada-2021-dasch-inc,Social Services Organizations,"Social services organization Winnipeg, MB",,Public CBRB directory listing. Verify before outreach; no email/contact person listed.
,,The Calgary Society Of Community Opportunities,+14032533454,,,"CBRB, 1app target, Social Services Organizations",https://www.thecbrb.ca/directory/social-services-organization/best-businesses-in-canada-2021-the-calgary-society-of-community-opportuni,Social Services Organizations,,"Disability services & support organisation Calgary, Alberta",Public CBRB directory listing. Verify before outreach; no email/contact person listed.
,,Yellow Brick House,+19057090900,,,"CBRB, 1app target, Social Services Organizations",https://www.thecbrb.ca/directory/social-services-organization/best-businesses-in-canada-2021-yellow-brick-house,Social Services Organizations,"Social services organization Richmond Hill, ON",,Public CBRB directory listing. Verify before outreach; no email/contact person listed.
,,Youth Leadership Society of B.C.,+16049411317,,,"CBRB, 1app target, Social Services Organizations",https://www.thecbrb.ca/directory/social-services-organization/best-businesses-in-canada-2021-youth-leadership-society-of-b-c,Social Services Organizations,"Association or organization Coquitlam, BC",,Public CBRB directory listing. Verify before outreach; no email/contact person listed.
,,Clear View Systems Ltd.,+18883900840,,,"CBRB, 1app target, Software Companies",https://www.thecbrb.ca/directory/software-companies/cbrb-best-businesses-in-canada-clear-view-systems-ltd,Software Companies,"Currency Exchange Software Company Vancouver, BC",,Public CBRB directory listing. Verify before outreach; no email/contact person listed.
,,AikSphere Technologies,+14164521953,,,"CBRB, 1app target, Software Companies",https://www.thecbrb.ca/directory/software-companies/cbrb-best-businesses-in-canada-2023-aiksphere-technologies,Software Companies,"Software Company Mississauga , ON",,Public CBRB directory listing. Verify before outreach; no email/contact person listed.
,,CygniSoft Inc.,+19057822002,,,"CBRB, 1app target, Software Companies",https://www.thecbrb.ca/directory/software-companies/cbrb-best-businesses-in-canada-2023-cygnisoft-inc,Software Companies,"Software Company Brampton , ON",,Public CBRB directory listing. Verify before outreach; no email/contact person listed.
,,Gadget Freak Inc.,+16476869991,,,"CBRB, 1app target, Software Companies",https://www.thecbrb.ca/directory/software-companies/cbrb-best-businesses-in-canada-2024-gadget-freak-inc,Software Companies,"Software Company Brampton , ON",,Public CBRB directory listing. Verify before outreach; no email/contact person listed.
,,Group 4 Networks,+14166239677,,,"CBRB, 1app target, Software Companies",https://www.thecbrb.ca/directory/software-companies/cbrb-best-businesses-in-canada-2023-group-4-networks,Software Companies,"IT Services & Cybersecurity Richmond Hill , ON",,Public CBRB directory listing. Verify before outreach; no email/contact person listed.
,,Mele Technology Inc.,+16478128896,,,"CBRB, 1app target, Software Companies",https://www.thecbrb.ca/directory/software-companies/cbrb-best-businesses-in-canada-2024-mele-technology-inc,Software Companies,"Software Company Markham , ON",,Public CBRB directory listing. Verify before outreach; no email/contact person listed.
,,MiIT Technologies Inc,+19054874880,,,"CBRB, 1app target, Software Companies",https://www.thecbrb.ca/directory/software-companies/cbrb-best-businesses-in-canada-2024-miit-technologies-inc,Software Companies,"IT Training, Consulting and Software Development Mississauga , ON",,Public CBRB directory listing. Verify before outreach; no email/contact person listed.
,,Olsen Consulting,+15873239862,,,"CBRB, 1app target, Software Companies",https://www.thecbrb.ca/directory/software-companies/cbrb-best-businesses-in-canada-olsen-consulting,Software Companies,"ERP, Vista and Construction Technology Experts Calgary, AB",,Public CBRB directory listing. Verify before outreach; no email/contact person listed.
,,Q4 Inc.,+18775451241,,,"CBRB, 1app target, Software Companies",https://www.thecbrb.ca/directory/software-companies/cbrb-best-businesses-in-canada-2022-q4-inc,Software Companies,"Software Company Toronto , ON",,Public CBRB directory listing. Verify before outreach; no email/contact person listed.
,,Samco Software Inc.,+16045974211,,,"CBRB, 1app target, Software Companies",https://www.thecbrb.ca/directory/software-companies/cbrb-best-businesses-in-canada-2023-samco-software-inc,Software Companies,"Software Company Langley, BC",,Public CBRB directory listing. Verify before outreach; no email/contact person listed.
,,TechPOS International Corp.,+18337223663,,,"CBRB, 1app target, Software Companies",https://www.thecbrb.ca/directory/software-companies/cbrb-best-businesses-in-canada-2024-techpos-international-corp,Software Companies,"All-in-One Cannabis Retail Operations Vancouver , BC",,Public CBRB directory listing. Verify before outreach; no email/contact person listed.
,,City Soundproofing Toronto,+16478004525,,,"CBRB, 1app target, Soundproofing Services",https://www.thecbrb.ca/directory/soundproofing-services/cbrb-best-businesses-in-canada-2023-city-soundproofing-toronto,Soundproofing Services,,"Soundproofing Contractors & Acoustical Solutions Toronto, Ontario",Public CBRB directory listing. Verify before outreach; no email/contact person listed.
,,Alta RV Parking & Storage Inc.,+15876934500,,,"CBRB, 1app target, Storage Facilities/Services",https://www.thecbrb.ca/directory/storage-facilitiesservices/cbrb-best-businesses-in-canada-alta-rv-parking-storage-inc,Storage Facilities/Services,"RV Parking & Self-Storage Facility Red Deer County, AB",,Public CBRB directory listing. Verify before outreach; no email/contact person listed.
,,Store 'N Go Self Storage Inc,+15199418801,,,"CBRB, 1app target, Storage Facilities/Services",https://www.thecbrb.ca/directory/storage-facilitiesservices/cbrb-best-businesses-in-canada-store-n-go-self-storage-inc,Storage Facilities/Services,"Self-Storage Facility Mono, ON",,Public CBRB directory listing. Verify before outreach; no email/contact person listed.
,,Access Storage - Burlington Central,+12898063711,,,"CBRB, 1app target, Storage Facilities/Services",https://www.thecbrb.ca/directory/storage-facilitiesservices/cbrb-best-businesses-in-canada-2023-access-storage-burlington-central,Storage Facilities/Services,"Self-Storage Facility Burlington, ON",,Public CBRB directory listing. Verify before outreach; no email/contact person listed.
,,Lake Country Self Storage,+12507662430,,,"CBRB, 1app target, Storage Facilities/Services",https://www.thecbrb.ca/directory/storage-facilitiesservices/best-businesses-in-canada-2021-lake-country-self-storage,Storage Facilities/Services,"Self-storage facility Kelowna, BC",,Public CBRB directory listing. Verify before outreach; no email/contact person listed.
,,One Stop Storage & Rentals Ltd.,+13062298379,,,"CBRB, 1app target, Storage Facilities/Services",https://www.thecbrb.ca/directory/storage-facilitiesservices/best-businesses-in-canada-2021-one-stop-storage-rentals,Storage Facilities/Services,"Self-storage facility Hague, SK",,Public CBRB directory listing. Verify before outreach; no email/contact person listed.
,,Premier RV Storage Inc.,+17802885445,,,"CBRB, 1app target, Storage Facilities/Services",https://www.thecbrb.ca/directory/storage-facilitiesservices/cbrb-best-businesses-in-canada-2024-premier-rv-storage-inc,Storage Facilities/Services,"Outdoor Storage Facility Beaumont, AB",,Public CBRB directory listing. Verify before outreach; no email/contact person listed.
,,The Auto Loft,+18332885638,,,"CBRB, 1app target, Storage Facilities/Services",https://www.thecbrb.ca/directory/storage-facilitiesservices/cbrb-best-businesses-in-canada-2022-the-auto-loft-inc,Storage Facilities/Services,"Professional Vehicle Storage Toronto, ON",,Public CBRB directory listing. Verify before outreach; no email/contact person listed.
,,The Move Out Bin,+15195663332,,,"CBRB, 1app target, Storage Facilities/Services",https://www.thecbrb.ca/directory/storage-facilitiesservices/best-businesses-in-canada-2022-the-move-out-bin,Storage Facilities/Services,"Storage & Rental of Portable Containers Belle River, ON",,Public CBRB directory listing. Verify before outreach; no email/contact person listed.
,,Vaultra Storage,+18447812187,,,"CBRB, 1app target, Storage Facilities/Services",https://www.thecbrb.ca/directory/storage-facilitiesservices/cbrb-best-businesses-in-canada-2022-vaultra-storage,Storage Facilities/Services,Storage Solution Company Canada,,Public CBRB directory listing. Verify before outreach; no email/contact person listed.
,,Vice N Berg Cold Storage,+18774600084,,,"CBRB, 1app target, Storage Facilities/Services",https://www.thecbrb.ca/directory/storage-facilitiesservices/cbrb-best-businesses-in-canada-2024-vice-n-berg-cold-storage,Storage Facilities/Services,,"Distribution & Cold Storage Facility Toronto, Ontario",Public CBRB directory listing. Verify before outreach; no email/contact person listed.
,,Adtech Systems Inc.,+16045560221,,,"CBRB, 1app target, Telecommunications Contractors",https://www.thecbrb.ca/directory/telecommunications-contractors/cbrb-best-businesses-in-canada-2024-adtech-systems-inc,Telecommunications Contractors,"Telecommunications Contractor Abbotsford, BC",,Public CBRB directory listing. Verify before outreach; no email/contact person listed.
,,Encepta,+16042993710,,,"CBRB, 1app target, Telecommunications Contractors",https://www.thecbrb.ca/directory/telecommunications-contractors/best-businesses-in-canada-2021-encepta-corp,Telecommunications Contractors,"Telecommunications Contractor Burnaby, BC",,Public CBRB directory listing. Verify before outreach; no email/contact person listed.
,,Ultimate Car Carriers,+15145612703,,https://www.facebook.com/Ultimate-Car-Carriers-107086331638475/,"CBRB, 1app target, Towing Services",https://www.thecbrb.ca/directory/towing-services/best-businesses-in-canada-ultimate-car-carriers,Towing Services,"Luxury Towing Service Quebec, Canada",,Public CBRB directory listing. Verify before outreach; no email/contact person listed.
,,Reliable Tow & Recovery,+13066641006,,,"CBRB, 1app target, Towing Services",https://www.thecbrb.ca/directory/towing-services/cbrb-best-businesses-in-canada-2022-reliable-tow-recovery,Towing Services,,"Towing Service Warman, Saskatchewan",Public CBRB directory listing. Verify before outreach; no email/contact person listed.
,,Westshore Towing Ltd,+12504741369,,,"CBRB, 1app target, Towing Services",https://www.thecbrb.ca/directory/towing-services/best-businesses-in-canada-2021-westshore-towing-ltd,Towing Services,,"Towing Service Victoria, British Columbia",Public CBRB directory listing. Verify before outreach; no email/contact person listed.
,,China Travel Service (Canada) Inc.,+19053051111,,,"CBRB, 1app target, Travel Agencies/Services",https://www.thecbrb.ca/directory/travel-agenciesservices/cbrb-best-businesses-in-canada-china-travel-service-canada-inc,Travel Agencies/Services,,"Travel A gency Markham , Ontario",Public CBRB directory listing. Verify before outreach; no email/contact person listed.
,,Triplets Travel & Tours,+19052865000,,,"CBRB, 1app target, Travel Agencies/Services",https://www.thecbrb.ca/directory/travel-agenciesservices/cbrb-best-businesses-in-canada-triplets-travel-tours,Travel Agencies/Services,,"Travel Agency Milton, Ontario",Public CBRB directory listing. Verify before outreach; no email/contact person listed.
,,Adventures Abroad Worldwide Travel Ltd.,+18669274196,,,"CBRB, 1app target, Travel Agencies/Services",https://www.thecbrb.ca/directory/travel-agenciesservices/cbrb-best-businesses-in-canada-2024-adventures-abroad-worldwide-travel-ltd,Travel Agencies/Services,,"Tour Operator Richmond, British Columbia",Public CBRB directory listing. Verify before outreach; no email/contact person listed.
,,Adam Travel Services Inc,+12892326163,,,"CBRB, 1app target, Travel Agencies/Services",https://www.thecbrb.ca/directory/travel-agenciesservices/best-businesses-in-canada-2022-adam-travel-services-inc,Travel Agencies/Services,,"Travel agency Mississauga, Ontario",Public CBRB directory listing. Verify before outreach; no email/contact person listed.
,,Jenz Journeys,+16472418558,,,"CBRB, 1app target, Travel Agencies/Services",https://www.thecbrb.ca/directory/travel-agenciesservices/cbrb-best-businesses-in-canada-2024-jenz-journeys,Travel Agencies/Services,Travel Blog Canada,,Public CBRB directory listing. Verify before outreach; no email/contact person listed.
,,LULU TOURS LTD.,+16042855858,,,"CBRB, 1app target, Travel Agencies/Services",https://www.thecbrb.ca/directory/travel-agenciesservices/cbrb-best-businesses-in-canada-2024-lulu-tours-ltd,Travel Agencies/Services,,"Travel agency Richmond, British Columbia",Public CBRB directory listing. Verify before outreach; no email/contact person listed.
,,Maureen K Travel Ltd,+16049864404,,,"CBRB, 1app target, Travel Agencies/Services",https://www.thecbrb.ca/directory/travel-agenciesservices/cbrb-best-businesses-in-canada-2024-maureen-k-travel-ltd,Travel Agencies/Services,,"Travel Agency/Wholesaler North Vancouver, British Columbia",Public CBRB directory listing. Verify before outreach; no email/contact person listed.
,,E-Tutorpro,+16047109602,,,"CBRB, 1app target, Tutoring Services",https://www.thecbrb.ca/directory/tutoring-services/cbrb-best-businesses-in-canada-e-tutorpro,Tutoring Services,,"Private Tutor North Vancouver, British Columbia",Public CBRB directory listing. Verify before outreach; no email/contact person listed.
,,Gill Learning Centers Inc,+16132951432,,,"CBRB, 1app target, Tutoring Services",https://www.thecbrb.ca/directory/tutoring-services/cbrb-best-businesses-in-canada-gill-learning-centers-inc,Tutoring Services,,"Tutoring & Exam Preparation Services Ottawa, Ontario",Public CBRB directory listing. Verify before outreach; no email/contact person listed.
,,LIFT Learning Inc.,+14039197427,,,"CBRB, 1app target, Tutoring Services",https://www.thecbrb.ca/directory/tutoring-services/cbrb-best-businesses-in-canada-lift-learning-inc,Tutoring Services,,"Educational Services Calgary, Alberta",Public CBRB directory listing. Verify before outreach; no email/contact person listed.
,,Naijatutors Konnect Inc.,+14372188170,,,"CBRB, 1app target, Tutoring Services",https://www.thecbrb.ca/directory/tutoring-services/cbrb-best-businesses-in-canada-naijatutors-konnect-inc,Tutoring Services,,"Online Tutoring Company Hamilton, Ontario",Public CBRB directory listing. Verify before outreach; no email/contact person listed.
,,FUZE MARKETING,+15145000483,,,"CBRB, 1app target, Web Design / Marketing Services",https://www.thecbrb.ca/directory/web-design-marketing-services/cbrb-best-businesses-in-canada-fuze-marketing,Web Design / Marketing Services,"Marketing Agency Montreal, Q C",,Public CBRB directory listing. Verify before outreach; no email/contact person listed.
,,Inspired Method,+15874893743,,,"CBRB, 1app target, Web Design / Marketing Services",https://www.thecbrb.ca/directory/web-design-marketing-services/cbrb-best-businesses-in-canada-inspired-method,Web Design / Marketing Services,"Business Coaching & Marketing Edmonton, AB",,Public CBRB directory listing. Verify before outreach; no email/contact person listed.
,,LB Signs Ltd.,+13062421661,,,"CBRB, 1app target, Web Design / Marketing Services",https://www.thecbrb.ca/directory/web-design-marketing-services/cbrb-best-businesses-in-canada-lb-signs-ltd,Web Design / Marketing Services,"Sign & Graphics Services Saskatoon, SK",,Public CBRB directory listing. Verify before outreach; no email/contact person listed.
,,Perfect Promo Products,+19059516389,,,"CBRB, 1app target, Web Design / Marketing Services",https://www.thecbrb.ca/directory/web-design-marketing-services/cbrb-best-businesses-in-canada-perfect-promo-products,Web Design / Marketing Services,"Promotional Products Supplier Barrie, ON",,Public CBRB directory listing. Verify before outreach; no email/contact person listed.
,,The Mastermind Agency,+19057306874,,,"CBRB, 1app target, Web Design / Marketing Services",https://www.thecbrb.ca/directory/web-design-marketing-services/cbrb-best-businesses-in-canada-the-mastermind-agency,Web Design / Marketing Services,Digital Marketing Agency Canada,,Public CBRB directory listing. Verify before outreach; no email/contact person listed.
,,5Design,+13067169574,,,"CBRB, 1app target, Web Design / Marketing Services",https://www.thecbrb.ca/directory/web-design-marketing-services/best-businesses-in-canada-2021-5design,Web Design / Marketing Services,"Website Designer Martensville, SK",,Public CBRB directory listing. Verify before outreach; no email/contact person listed.
,,a BIG mobile SIGN company Inc,+19054567446,,,"CBRB, 1app target, Web Design / Marketing Services",https://www.thecbrb.ca/directory/web-design-marketing-services/best-businesses-in-canada-2021-a-big-mobile-sign-company-inc,Web Design / Marketing Services,"Sign shop Brampton ,ON",,Public CBRB directory listing. Verify before outreach; no email/contact person listed.
,,AvanTech Inc,+14037051198,,,"CBRB, 1app target, Web Design / Marketing Services",https://www.thecbrb.ca/directory/web-design-marketing-services/best-businesses-in-canada-2021-avantech-inc,Web Design / Marketing Services,"Software company Calgary, AB",,Public CBRB directory listing. Verify before outreach; no email/contact person listed.
,,Black Law Firm Marketing Agency,+18887255045,,,"CBRB, 1app target, Web Design / Marketing Services",https://www.thecbrb.ca/directory/web-design-marketing-services/best-businesses-in-canada-2022-black-law-firm-marketing-agency,Web Design / Marketing Services,"Marketing Agency Oakville, ON",,Public CBRB directory listing. Verify before outreach; no email/contact person listed.
,,Capital Signs Ltd.,+18679207446,,,"CBRB, 1app target, Web Design / Marketing Services",https://www.thecbrb.ca/directory/web-design-marketing-services/cbrb-best-businesses-in-canada-2023-capital-signs-ltd,Web Design / Marketing Services,"Commercial Printing Services Yellowknife, NWT",,Public CBRB directory listing. Verify before outreach; no email/contact person listed.
,,DigiHype Media Inc.,+19059013185,,,"CBRB, 1app target, Web Design / Marketing Services",https://www.thecbrb.ca/directory/web-design-marketing-services/best-businesses-in-canada-2021-digihype-media-inc,Web Design / Marketing Services,"Marketing agency Mississauga, ON",,Public CBRB directory listing. Verify before outreach; no email/contact person listed.
,,Digital Consultants,+14168852809,,,"CBRB, 1app target, Web Design / Marketing Services",https://www.thecbrb.ca/directory/web-design-marketing-services/best-businesses-in-canada-2021-digital-consultants,Web Design / Marketing Services,"Website designer Whitchurch-Stouffville, ON",,Public CBRB directory listing. Verify before outreach; no email/contact person listed.
,,DTF Prints Canada,+16136012314,,,"CBRB, 1app target, Web Design / Marketing Services",https://www.thecbrb.ca/directory/web-design-marketing-services/cbrb-best-businesses-in-canada-2022-dtf-prints-canada,Web Design / Marketing Services,"Printing Services Bourget, ON",,Public CBRB directory listing. Verify before outreach; no email/contact person listed.
,,Essential™ Digital Agency,+15066060636,,https://essentialagency.ca/,"CBRB, 1app target, Web Design / Marketing Services",https://www.thecbrb.ca/directory/web-design-marketing-services/cbrb-best-businesses-in-canada-2024-essential-digital-agency,Web Design / Marketing Services,Digital Marketing Agency New Brunswick,,Public CBRB directory listing. Verify before outreach; no email/contact person listed.
,,FinePrint & Signs,+16045031117,,,"CBRB, 1app target, Web Design / Marketing Services",https://www.thecbrb.ca/directory/web-design-marketing-services/best-businesses-in-canada-2021-fineprint-signs,Web Design / Marketing Services,"Sign shop Surrey, BC",,Public CBRB directory listing. Verify before outreach; no email/contact person listed.
,,Go West Design Group,+12503835300,,,"CBRB, 1app target, Web Design / Marketing Services",https://www.thecbrb.ca/directory/web-design-marketing-services/best-businesses-in-canada-2021-go-west-design-group,Web Design / Marketing Services,"Marketing consultant Victoria, BC",,Public CBRB directory listing. Verify before outreach; no email/contact person listed.
,,Global Trends,+14382232469,,https://globaltrends.ca,"CBRB, 1app target, Web Design / Marketing Services",https://www.thecbrb.ca/directory/web-design-marketing-services/cbrb-best-businesses-in-canada-2022-global-trends,Web Design / Marketing Services,"Digital Marketing Agency Montreal, QC",,Public CBRB directory listing. Verify before outreach; no email/contact person listed.
,,HeyTony Advertising,+16474686659,,,"CBRB, 1app target, Web Design / Marketing Services",https://www.thecbrb.ca/directory/web-design-marketing-services/cbrb-best-businesses-in-canada-2023-heytony-advertising,Web Design / Marketing Services,"Digital Marketing Agency Hamilton, ON",,Public CBRB directory listing. Verify before outreach; no email/contact person listed.
,,House Of Socials,+18887645295,,,"CBRB, 1app target, Web Design / Marketing Services",https://www.thecbrb.ca/directory/web-design-marketing-services/cbrb-best-businesses-in-canada-2022-house-of-socials,Web Design / Marketing Services,"Marketing Agency Montreal, QC",,Public CBRB directory listing. Verify before outreach; no email/contact person listed.
,,I Love To Do Websites,+16047267702,,https://ilovetodowebsites.com/,"CBRB, 1app target, Web Design / Marketing Services",https://www.thecbrb.ca/directory/web-design-marketing-services/best-businesses-in-canada-2021-i-love-to-do-websites,Web Design / Marketing Services,"Website designer Maple Ridge, BC",,Public CBRB directory listing. Verify before outreach; no email/contact person listed.
,,iSIGMA Solutions,+19054482900,,,"CBRB, 1app target, Web Design / Marketing Services",https://www.thecbrb.ca/directory/web-design-marketing-services/best-businesses-in-canada-2021-isigma-solutions,Web Design / Marketing Services,"Internet marketing service Mississauga, ON",,Public CBRB directory listing. Verify before outreach; no email/contact person listed.
,,J Baker Media,+14167085251,,,"CBRB, 1app target, Web Design / Marketing Services",https://www.thecbrb.ca/directory/web-design-marketing-services/cbrb-best-businesses-in-canada-2024-j-baker-media,Web Design / Marketing Services,"Digital Marketing Agency Vaughan, ON",,Public CBRB directory listing. Verify before outreach; no email/contact person listed.
,,Maguire Marketing Group,+16476227504,,,"CBRB, 1app target, Web Design / Marketing Services",https://www.thecbrb.ca/directory/web-design-marketing-services/best-businesses-in-canada-2021-maguire-marketing-group,Web Design / Marketing Services,"Marketing agency Toronto, ON",,Public CBRB directory listing. Verify before outreach; no email/contact person listed.
,,Marketing On Purpose,+15069771248,,,"CBRB, 1app target, Web Design / Marketing Services",https://www.thecbrb.ca/directory/web-design-marketing-services/best-businesses-in-canada-2022-marketing-on-purpose,Web Design / Marketing Services,Marketing Coach Canada,,Public CBRB directory listing. Verify before outreach; no email/contact person listed.
,,Maximum Media & PR,+14165627732,,,"CBRB, 1app target, Web Design / Marketing Services",https://www.thecbrb.ca/directory/web-design-marketing-services/cbrb-best-businesses-in-canada-2023-maximum-media-pr,Web Design / Marketing Services,"Advertising Agency Brampton, ON",,Public CBRB directory listing. Verify before outreach; no email/contact person listed.
,,MED!A96,+16136862276,,https://www.media96.ca/,"CBRB, 1app target, Web Design / Marketing Services",https://www.thecbrb.ca/directory/web-design-marketing-services/cbrb-best-businesses-in-canada-2023-meda96,Web Design / Marketing Services,"Printing & Direct Door to Door Distribution Ottawa, ON",,Public CBRB directory listing. Verify before outreach; no email/contact person listed.
,,OptiBrand Rx,+14388846279,,,"CBRB, 1app target, Web Design / Marketing Services",https://www.thecbrb.ca/directory/web-design-marketing-services/best-businesses-in-canada-2021-optibrand-rx,Web Design / Marketing Services,"Marketing consultant Montreal, QC",,Public CBRB directory listing. Verify before outreach; no email/contact person listed.
,,OptiRank SEO Agency Vancouver,+17788613740,,,"CBRB, 1app target, Web Design / Marketing Services",https://www.thecbrb.ca/directory/web-design-marketing-services/cbrb-best-businesses-in-canada-optirank-seo-agency-vancouver,Web Design / Marketing Services,"Internet Marketing Service Vancouver, BC",,Public CBRB directory listing. Verify before outreach; no email/contact person listed.
,,Proimage Graphix Inc,+12262420488,,,"CBRB, 1app target, Web Design / Marketing Services",https://www.thecbrb.ca/directory/web-design-marketing-services/cbrb-best-businesses-in-canada-proimage-graphix-inc,Web Design / Marketing Services,"Print and Digital Solutions Elmira , ON",,Public CBRB directory listing. Verify before outreach; no email/contact person listed.
,,Promo Guyz,+14372461555,,,"CBRB, 1app target, Web Design / Marketing Services",https://www.thecbrb.ca/directory/web-design-marketing-services/cbrb-best-businesses-in-canada-promo-guyz,Web Design / Marketing Services,"Promotional Products Supplier Mississauga, ON",,Public CBRB directory listing. Verify before outreach; no email/contact person listed.
,,R5 Designs,+19054922589,,,"CBRB, 1app target, Web Design / Marketing Services",https://www.thecbrb.ca/directory/web-design-marketing-services/best-businesses-in-canada-2022-r5-designs,Web Design / Marketing Services,,"Custom T-shirt store in Pickering, Ontario",Public CBRB directory listing. Verify before outreach; no email/contact person listed.
,,Refine Digital Media,+15199133101,,,"CBRB, 1app target, Web Design / Marketing Services",https://www.thecbrb.ca/directory/web-design-marketing-services/best-businesses-in-canada-2021-refine-digital-media,Web Design / Marketing Services,"Graphic & Web Design Agency London, ON",,Public CBRB directory listing. Verify before outreach; no email/contact person listed.
,,ROUTE 611 INC,+16478086914,,,"CBRB, 1app target, Web Design / Marketing Services",https://www.thecbrb.ca/directory/web-design-marketing-services/cbrb-best-businesses-in-canada-2024-route-611-inc,Web Design / Marketing Services,"Promotional Marketing Bolton, ON",,Public CBRB directory listing. Verify before outreach; no email/contact person listed.
,,Schif And The City,+17804232114,,,"CBRB, 1app target, Web Design / Marketing Services",https://www.thecbrb.ca/directory/web-design-marketing-services/cbrb-best-businesses-in-canada-2024-schif-and-the-city,Web Design / Marketing Services,"Marketing Agency Edmonton, AB",,Public CBRB directory listing. Verify before outreach; no email/contact person listed.
,,Sign Design & Graphics Ltd.,+19056689000,,,"CBRB, 1app target, Web Design / Marketing Services",https://www.thecbrb.ca/directory/web-design-marketing-services/best-businesses-in-canada-2021-sign-design-graphics-ltd,Web Design / Marketing Services,"Commercial printer Whitby, ON",,Public CBRB directory listing. Verify before outreach; no email/contact person listed.
,,Starling Social,+12049180670,,,"CBRB, 1app target, Web Design / Marketing Services",https://www.thecbrb.ca/directory/web-design-marketing-services/best-businesses-in-canada-2021-starling-social,Web Design / Marketing Services,"Digital Marketing Agency Winnipeg , MB",,Public CBRB directory listing. Verify before outreach; no email/contact person listed.
,,STELLA GRAPHIX INC.,+16472069964,,,"CBRB, 1app target, Web Design / Marketing Services",https://www.thecbrb.ca/directory/web-design-marketing-services/best-businesses-in-canada-2021-stella-graphix-inc,Web Design / Marketing Services,"Website designer Newmarket, ON",,Public CBRB directory listing. Verify before outreach; no email/contact person listed.
,,Stormy Marketing Inc.,+13062611179,,,"CBRB, 1app target, Web Design / Marketing Services",https://www.thecbrb.ca/directory/web-design-marketing-services/best-businesses-in-canada-2022-stormy-marketing-inc,Web Design / Marketing Services,"Promotional products supplier Saskatoon, SK",,Public CBRB directory listing. Verify before outreach; no email/contact person listed.
,,TEKBURG,+14168305007,,,"CBRB, 1app target, Web Design / Marketing Services",https://www.thecbrb.ca/directory/web-design-marketing-services/cbrb-best-businesses-in-canada-2023-tekburg,Web Design / Marketing Services,"Photocopiers Supplier Vaughan, ON",,Public CBRB directory listing. Verify before outreach; no email/contact person listed.
,,"The Edge, A Leaders' Magazine",+14167731077,,,"CBRB, 1app target, Web Design / Marketing Services",https://www.thecbrb.ca/directory/web-design-marketing-services/best-businesses-in-canada-2021-the-edge-a-leaders-magazine,Web Design / Marketing Services,"Magazine Toronto, ON",,Public CBRB directory listing. Verify before outreach; no email/contact person listed.
,,Tigris Events Inc,+14162839119,,,"CBRB, 1app target, Web Design / Marketing Services",https://www.thecbrb.ca/directory/web-design-marketing-services/best-businesses-in-canada-2022-tigris-events,Web Design / Marketing Services,"Marketing agency Toronto, ON",,Public CBRB directory listing. Verify before outreach; no email/contact person listed.
,,Toronto Digital Marketing Inc,+16479967389,,,"CBRB, 1app target, Web Design / Marketing Services",https://www.thecbrb.ca/directory/web-design-marketing-services/best-businesses-in-canada-2021-toronto-digital-marketing-inc,Web Design / Marketing Services,"Marketing agency Toronto , ON",,Public CBRB directory listing. Verify before outreach; no email/contact person listed.
,,Trilogy Solutions Ltd.,+16049100416,,,"CBRB, 1app target, Web Design / Marketing Services",https://www.thecbrb.ca/directory/web-design-marketing-services/best-businesses-in-canada-2022-trilogy-solutions-ltd,Web Design / Marketing Services,Digital marketing firm British Columbia,,Public CBRB directory listing. Verify before outreach; no email/contact person listed.
,,True-E Marketing,+14168780880,,,"CBRB, 1app target, Web Design / Marketing Services",https://www.thecbrb.ca/directory/web-design-marketing-services/best-businesses-in-canada-2022-true-e-marketing,Web Design / Marketing Services,"Internet marketing service Markham, ON",,Public CBRB directory listing. Verify before outreach; no email/contact person listed.
,,Umbrella Legal Marketing,+14163564672,,,"CBRB, 1app target, Web Design / Marketing Services",https://www.thecbrb.ca/directory/web-design-marketing-services/cbrb-best-businesses-in-canada-2023-umbrella-legal-marketing,Web Design / Marketing Services,"Legal Marketing Toronto, ON",,Public CBRB directory listing. Verify before outreach; no email/contact person listed.
,,Webonology Inc.,+16474949256,,,"CBRB, 1app target, Web Design / Marketing Services",https://www.thecbrb.ca/directory/web-design-marketing-services/cbrb-best-businesses-in-canada-2023-webonology-inc,Web Design / Marketing Services,"Website Designer Toronto, ON",,Public CBRB directory listing. Verify before outreach; no email/contact person listed.
,,Webmax SEO,+18004781030,,https://webmaxseo.com/,"CBRB, 1app target, Web Design / Marketing Services",https://www.thecbrb.ca/directory/web-design-marketing-services/best-businesses-in-canada-2021-webmax-seo,Web Design / Marketing Services,"Website & SEO Providers Vancouver Island, BC",,Public CBRB directory listing. Verify before outreach; no email/contact person listed.
,,WebOrka Inc.,+18559326752,,https://www.orkapromo.ca/,"CBRB, 1app target, Web Design / Marketing Services",https://www.thecbrb.ca/directory/web-design-marketing-services/cbrb-best-businesses-in-canada-2023-weborka-inc,Web Design / Marketing Services,,"Printing & Embroidery Services Montreal, Quebec",Public CBRB directory listing. Verify before outreach; no email/contact person listed.
,,Yellow House Events,+14166862550,,,"CBRB, 1app target, Web Design / Marketing Services",https://www.thecbrb.ca/directory/web-design-marketing-services/best-businesses-in-canada-2022-yellow-house-events,Web Design / Marketing Services,"Event Management Company Toronto ,ON",,Public CBRB directory listing. Verify before outreach; no email/contact person listed.
,,GTA Direct Windows & Doors,+16479664898,,,"CBRB, 1app target, Windows & Doors Contractors",https://www.thecbrb.ca/directory/windows-and-doors/cbrb-best-businesses-in-canada-gta-direct-windows-doors,Windows & Doors Contractors,"Windows & Doors Installation Services Toronto, ON",,Public CBRB directory listing. Verify before outreach; no email/contact person listed.
,,Linton Window & Door,+15196239963,,,"CBRB, 1app target, Windows & Doors Contractors",https://www.thecbrb.ca/directory/windows-and-doors/cbrb-best-businesses-in-canada-linton-window-door,Windows & Doors Contractors,"Window and Door Supplier & Installation Cambridge/Shakespeare, ON",,Public CBRB directory listing. Verify before outreach; no email/contact person listed.
,,Portes et Fenêtres Factory Direct Montréal Windows & Doors,+15143870001,,,"CBRB, 1app target, Windows & Doors Contractors",https://www.thecbrb.ca/directory/windows-and-doors/cbrb-best-businesses-in-canada-portes-et-fenêtres-factory-direct-montréal,Windows & Doors Contractors,"Fournisseur et installateur de portes et fenêtres Montreal, QC",,Public CBRB directory listing. Verify before outreach; no email/contact person listed.
,,A&G Windows and Doors,+19056736060,,,"CBRB, 1app target, Windows & Doors Contractors",https://www.thecbrb.ca/directory/windows-and-doors/cbrb-best-businesses-in-canada-2023-ag-windows-and-doors,Windows & Doors Contractors,,"Windows & Doors Contractors Mississauga, Ontario",Public CBRB directory listing. Verify before outreach; no email/contact person listed.
,,Comfort Windows & Doors,+14168001365,,,"CBRB, 1app target, Windows & Doors Contractors",https://www.thecbrb.ca/directory/windows-and-doors/best-businesses-in-canada-2021-comfort-windows-doors,Windows & Doors Contractors,"Window installation service Markham, ON",,Public CBRB directory listing. Verify before outreach; no email/contact person listed.
,,Dundas Specialty Windows & Doors,+14165344593,,,"CBRB, 1app target, Windows & Doors Contractors",https://www.thecbrb.ca/directory/windows-and-doors/cbrb-best-businesses-in-canada-2023-dundas-specialty-windows-doors,Windows & Doors Contractors,Supply & Installation of Windows & Doors Toronto. ON,,Public CBRB directory listing. Verify before outreach; no email/contact person listed.
,,Eco Choice Windows & Doors,+14166909992,,,"CBRB, 1app target, Windows & Doors Contractors",https://www.thecbrb.ca/directory/windows-and-doors/best-businesses-in-canada-2021-eco-choice-windows-doors,Windows & Doors Contractors,Window & Doors Contractor Vaughan. ON,,Public CBRB directory listing. Verify before outreach; no email/contact person listed.
,,Fortress Windows & Doors Inc.,+14162915795,,,"CBRB, 1app target, Windows & Doors Contractors",https://www.thecbrb.ca/directory/windows-and-doors/best-businesses-in-canada-2021-fortress-windows-doors-inc,Windows & Doors Contractors,"Window installation service Toronto, ON",,Public CBRB directory listing. Verify before outreach; no email/contact person listed.
,,GTA Glass,+14169003442,,http://gtaglass.ca,"CBRB, 1app target, Windows & Doors Contractors",https://www.thecbrb.ca/directory/windows-and-doors/cbrb-best-businesses-in-canada-2022-gta-glass-11119559-canada-inc,Windows & Doors Contractors,,"Window and Door Glass Repair and Replacement Services Concord, Ontario",Public CBRB directory listing. Verify before outreach; no email/contact person listed.
,,HTR Windows and Doors,+16474078101,,,"CBRB, 1app target, Windows & Doors Contractors",https://www.thecbrb.ca/directory/windows-and-doors/best-businesses-in-canada-2021-htr-windows-and-doors,Windows & Doors Contractors,"Window and Door Sales and Installation Vaughan, ON",,Public CBRB directory listing. Verify before outreach; no email/contact person listed.
,,JJ Windows Covering,+17803409182,,,"CBRB, 1app target, Windows & Doors Contractors",https://www.thecbrb.ca/directory/windows-and-doors/cbrb-best-businesses-in-canada-2022-jj-windows-covering,Windows & Doors Contractors,"Blinds Shop Edmonton, AB",,Public CBRB directory listing. Verify before outreach; no email/contact person listed.
,,Luma Doors + Windows,+19053030560,,,"CBRB, 1app target, Windows & Doors Contractors",https://www.thecbrb.ca/directory/windows-and-doors/best-businesses-in-canada-2021-luma-doors-windows,Windows & Doors Contractors,"Doors and Windows Supplier/Installation Maple, ON",,Public CBRB directory listing. Verify before outreach; no email/contact person listed.
,,Portes et Fenêtres SK3,+18733536403,,,"CBRB, 1app target, Windows & Doors Contractors",https://www.thecbrb.ca/directory/windows-and-doors/cbrb-best-businesses-in-canada-2023-portes-et-fenêtres-sk3,Windows & Doors Contractors,,"Supply & Installation of Windows & Doors Val-des-Monts, Quebec",Public CBRB directory listing. Verify before outreach; no email/contact person listed.
,,PRO-FIT Window & Door,+17053523535,,,"CBRB, 1app target, Windows & Doors Contractors",https://www.thecbrb.ca/directory/windows-and-doors/cbrb-best-businesses-in-canada-2024-pro-fit-window-door,Windows & Doors Contractors,"Supply & Installation of Windows & Doors Wasaga Beach, ON",,Public CBRB directory listing. Verify before outreach; no email/contact person listed.
,,Urban Window & Doors,+17056735285,,,"CBRB, 1app target, Windows & Doors Contractors",https://www.thecbrb.ca/directory/windows-and-doors/cbrb-best-businesses-in-canada-2024-urban-window-doors,Windows & Doors Contractors,"Sales and installations of Windows & Doors Sudbury, ON",,Public CBRB directory listing. Verify before outreach; no email/contact person listed.
,,Wiebe Windows & More,+13062273656,,,"CBRB, 1app target, Windows & Doors Contractors",https://www.thecbrb.ca/directory/windows-and-doors/cbrb-best-businesses-in-canada-wiebe-windows-more,Windows & Doors Contractors,"Window & Door Supplier & Installation Saskatoon, SK",,Public CBRB directory listing. Verify before outreach; no email/contact person listed.
,,Western Wall Windows & Glazing Inc.,+16479618637,,,"CBRB, 1app target, Windows & Doors Contractors",https://www.thecbrb.ca/directory/windows-and-doors/cbrb-best-businesses-in-canada-2022-western-wall-windows-glazing-inc,Windows & Doors Contractors,"Window/Door Repair & Installation Brampton , ON",,Public CBRB directory listing. Verify before outreach; no email/contact person listed.
,,Wolf Creek Window And Door Solutions Ltd,+12503008430,,,"CBRB, 1app target, Windows & Doors Contractors",https://www.thecbrb.ca/directory/windows-and-doors/best-businesses-in-canada-2022-wolf-creek-window-and-door-solutions-ltd,Windows & Doors Contractors,"Window installation service West Kelowna, BC",,Public CBRB directory listing. Verify before outreach; no email/contact person listed.
,,SRS Windows and Doors,+18076270055,,,"CBRB, 1app target, Windows & Doors Contractors",https://www.thecbrb.ca/directory/windows-and-doors/best-businesses-in-canada-2021-srs-windows-doors,Windows & Doors Contractors,"Windows & Doors Contractors Thunder Bay , ON",,Public CBRB directory listing. Verify before outreach; no email/contact person listed.
,,Thermos Maximum,+18199234700,,,"CBRB, 1app target, Windows & Doors Contractors",https://www.thecbrb.ca/directory/windows-and-doors/best-businesses-in-canada-2022-thermos-maximum,Windows & Doors Contractors,"Window installation service Gatineau, QC",,Public CBRB directory listing. Verify before outreach; no email/contact person listed.
,,Van Isle Windows Ltd.,+12503837128,,,"CBRB, 1app target, Windows & Doors Contractors",https://www.thecbrb.ca/directory/windows-and-doors/best-businesses-in-canada-2022-van-isle-windows-ltd,Windows & Doors Contractors,"Window and Patio Door Manufacturer/Installer Victoria, BC",,Public CBRB directory listing. Verify before outreach; no email/contact person listed.
,,Zavtech Doors and Security Ltd.,+15193779913,,,"CBRB, 1app target, Windows & Doors Contractors",https://www.thecbrb.ca/directory/windows-and-doors/cbrb-best-businesses-in-canada-2023-zavtech-doors-and-security-ltd,Windows & Doors Contractors,,"Door Supplier in Owen Sound, Ontario",Public CBRB directory listing. Verify before outreach; no email/contact person listed.
