business_name,phone,category,industry_description,location,website,source_url,source_category_url,target_for_1app,notes
9240 Corbould Village,+16043000333,Accommodation Services,"Apartment Rentals Chilliwack, B ritish Columbia",,,https://www.thecbrb.ca/directory/accommodation-services/best-businesses-in-canada-9240-corbould-village,https://www.thecbrb.ca/directory/accommodation-services,yes,CBRB directory public listing
North Star Management Inc,+19055322520,Accommodation Services,,"Condominium Management Services Oakville, Ontario",,https://www.thecbrb.ca/directory/accommodation-services/cbrb-best-businesses-in-canada-north-star-management-inc,https://www.thecbrb.ca/directory/accommodation-services,yes,CBRB directory public listing
Cosmos Properties & Developments,+19024575375,Accommodation Services,,"Condominium Rental Agency Halifax, Nova Scotia",,https://www.thecbrb.ca/directory/accommodation-services/cbrb-best-businesses-in-canada-2024-cosmos-properties-developments,https://www.thecbrb.ca/directory/accommodation-services,yes,CBRB directory public listing
Peace Property Management Company LTD (Tranquility Place),+19023146827,Accommodation Services,,"Apartment Complex Charlottetown, Prince Edward Island",,https://www.thecbrb.ca/directory/accommodation-services/best-businesses-in-canada-2023-peace-property-management-company-ltd,https://www.thecbrb.ca/directory/accommodation-services,yes,CBRB directory public listing
Harpreet Parmar Professional Corporation,+14032715100,Accountants,,"Chartered Professional Accountants Calgary, Alberta",,https://www.thecbrb.ca/directory/accountants/cbrb-best-businesses-in-canada-harpreet-parmar-professional-corporation,https://www.thecbrb.ca/directory/accountants,yes,CBRB directory public listing
Island Pacific Accounting and Tax Ltd.,+12508859515,Accountants,,"Accounting & Tax Services Victoria, British Columbia",,https://www.thecbrb.ca/directory/accountants/cbrb-best-businesses-in-canada-island-pacific-accounting-and-tax-ltd,https://www.thecbrb.ca/directory/accountants,yes,CBRB directory public listing
Karen Jakubos Professional Corporation,+17053222440,Accountants,"Accounting Firm in Elmvale, Ontario","Elmvale, Ontario",,https://www.thecbrb.ca/directory/accountants/cbrb-best-businesses-in-canada-karen-jakubos-professional-corporation,https://www.thecbrb.ca/directory/accountants,yes,CBRB directory public listing
MK Bookkeeping Inc.,+14164513811,Accountants,,"Bookkeeping & Accounting Services Vaughan, Ontario",,https://www.thecbrb.ca/directory/accountants/cbrb-best-businesses-in-canada-mk-bookkeeping-inc,https://www.thecbrb.ca/directory/accountants,yes,CBRB directory public listing
Triple J Canada Consulting Inc.,+19055073998,Accountants,,"Accounting & Tax Services Mississauga, Ontario",,https://www.thecbrb.ca/directory/accountants/cbrb-best-businesses-in-canada-triple-j-canada-consulting-inc,https://www.thecbrb.ca/directory/accountants,yes,CBRB directory public listing
Amy Jane Chartered Professional Accountant,+13066911300,Accountants,,"Accounting firm Moose Jaw, Saskatchewan",,https://www.thecbrb.ca/directory/accountants/cbrb-best-businesses-in-canada-2022-amy-jane-cpa,https://www.thecbrb.ca/directory/accountants,yes,CBRB directory public listing
Billah & Associates Inc.,+16472415126,Accountants,,"Accounting firm Mississauga, Ontario",http://www.bookkeepingbizz.com/,https://www.thecbrb.ca/directory/accountants/best-businesses-in-canada-2021-billah-associates-inc,https://www.thecbrb.ca/directory/accountants,yes,CBRB directory public listing
Bookkeeping Sense Inc.,+19059231001,Accountants,,"Bookkeeping and Accounting Services Hamilton, Ontario",,https://www.thecbrb.ca/directory/accountants/cbrb-best-businesses-in-canada-2024-bookkeeping-sense-inc,https://www.thecbrb.ca/directory/accountants,yes,CBRB directory public listing
CRP Accounting Services INC,+14164560607,Accountants,"Accounting,","Book-keeping & Tax Preparation Brampton, Ontario",,https://www.thecbrb.ca/directory/accountants/cbrb-best-businesses-in-canada-2023-crp-accounting-services-inc,https://www.thecbrb.ca/directory/accountants,yes,CBRB directory public listing
"DIAMOND K. ADATIA, Chartered Professional Accountant",+14032915617,Accountants,,"Chartered Professional Accountant Calgary, Alberta",,https://www.thecbrb.ca/directory/accountants/cbrb-best-businesses-in-canada-2024-diamond-k-adatia-cpa,https://www.thecbrb.ca/directory/accountants,yes,CBRB directory public listing
"Fareed Sheik & Co, CPA's",+19058964449,Accountants,"Public Accounting, Audit,","Accounting and Taxation Mississauga, Ontario",,https://www.thecbrb.ca/directory/accountants/cbrb-best-businesses-in-canada-2024-fareed-sheik-co-cpas,https://www.thecbrb.ca/directory/accountants,yes,CBRB directory public listing
Hamdi Accounting Services Ltd.,+17806282836,Accountants,,"Accounting firm Edmonton, Alberta",,https://www.thecbrb.ca/directory/accountants/best-businesses-in-canada-2021-hamdi-accounting-services-ltd,https://www.thecbrb.ca/directory/accountants,yes,CBRB directory public listing
Infinity For Accounting & Management Services LTD,+17806911333,Accountants,,"Accounting Firm Edmonton, Alberta",,https://www.thecbrb.ca/directory/accountants/cbrb-best-businesses-in-canada-2023-infinity-for-accounting-management,https://www.thecbrb.ca/directory/accountants,yes,CBRB directory public listing
Leonard Tam Professional Corporation,+14375006494,Accountants,,"Accounting Firm Toronto, Ontario",,https://www.thecbrb.ca/directory/accountants/cbrb-best-businesses-in-canada-2023-leonard-tam-professional-corporation,https://www.thecbrb.ca/directory/accountants,yes,CBRB directory public listing
Marsers Consulting,+16475290997,Accountants,,"Certified public accountant Mississauga, Ontario",,https://www.thecbrb.ca/directory/accountants/best-businesses-in-canada-2021-marsers-consulting,https://www.thecbrb.ca/directory/accountants,yes,CBRB directory public listing
Neahr Accounting Firm,+19054492543,Accountants,,"Accounting firm Oshawa, Ontario",,https://www.thecbrb.ca/directory/accountants/best-businesses-in-canada-2021-neahr-accounting-firm,https://www.thecbrb.ca/directory/accountants,yes,CBRB directory public listing
Pash Accounting & Tax Services,+17804633513,Accountants,,"Accountant Edmonton, Alberta",,https://www.thecbrb.ca/directory/accountants/cbrb-best-businesses-in-canada-2023-pash-accounting-tax-services,https://www.thecbrb.ca/directory/accountants,yes,CBRB directory public listing
Plugged-IN CPA Accounting and Tax,+15064555397,Accountants,,"Accounting Firm Fredericton, New Brunswick",,https://www.thecbrb.ca/directory/accountants/cbrb-best-businesses-in-canada-2024-plugged-in-cpa-accounting-and-tax,https://www.thecbrb.ca/directory/accountants,yes,CBRB directory public listing
PSB & Associate Accounting & Tax Services,+16479846708,Accountants,,"Certified Professional Accountant Brampton, Ontario",,https://www.thecbrb.ca/directory/accountants/best-businesses-in-canada-2022-psb-associate-accounting-tax-services,https://www.thecbrb.ca/directory/accountants,yes,CBRB directory public listing
Ross Professional Corporation,+14169919799,Accountants,,"Accounting firm Toronto, Ontario",,https://www.thecbrb.ca/directory/accountants/best-businesses-in-canada-2021-ross-professional-corporation,https://www.thecbrb.ca/directory/accountants,yes,CBRB directory public listing
Y&C Accounting Inc,+16043706000,Accountants,,"Accounting firm Richmond, British Columbia",,https://www.thecbrb.ca/directory/accountants/best-businesses-in-canada-2021-yc-accounting-威信会计,https://www.thecbrb.ca/directory/accountants,yes,CBRB directory public listing
Dr. Yu Acupuncture & Pro Hair Clinic,+16043365949,Acupuncture Clinics,"Acupuncture Clinic Vancouver, BC",,,https://www.thecbrb.ca/directory/acupuncture-clinic/cbrb-best-businesses-in-canada-dr-yu-acupuncture-pro-hair-clinic,https://www.thecbrb.ca/directory/acupuncture-clinic,yes,CBRB directory public listing
Full Circle Acupuncture & Wellness,+17097531013,Acupuncture Clinics,"Acupuncture Clinic St. John's, NL",,,https://www.thecbrb.ca/directory/acupuncture-clinic/cbrb-best-businesses-in-canada-2024-full-circle-acupuncture-wellness,https://www.thecbrb.ca/directory/acupuncture-clinic,yes,CBRB directory public listing
Barn Angels Composting,+16479993117,Agriculture and Farming Services,"Animal Composting Services Halton Hills, ON",,,https://www.thecbrb.ca/directory/agriculture-and-farming-services/cbrb-best-businesses-in-canada-barn-angels-composting,https://www.thecbrb.ca/directory/agriculture-and-farming-services,yes,CBRB directory public listing
Monaghan Mushrooms Limited,+19058789375,Agriculture and Farming Services,Mushroom Producer & Supplier Canada,,,https://www.thecbrb.ca/directory/agriculture-and-farming-services/cbrb-best-businesses-in-canada-monaghan-mushrooms-limited,https://www.thecbrb.ca/directory/agriculture-and-farming-services,yes,CBRB directory public listing
Best Farming Systems,+17804699066,Agriculture and Farming Services,"Agricultural and Farming Products Edmonton, AB",,,https://www.thecbrb.ca/directory/agriculture-and-farming-services/best-businesses-in-canada-2021-best-farming-systems,https://www.thecbrb.ca/directory/agriculture-and-farming-services,yes,CBRB directory public listing
Simcoe and District Humane Society,+15194289161,Animal/Pest Control Services,"Animal Shelter Simcoe , ON",,,https://www.thecbrb.ca/directory/animalpest-control-services/cbrb-best-businesses-in-canada-simcoe-and-district-humane-society,https://www.thecbrb.ca/directory/animalpest-control-services,yes,CBRB directory public listing
Truly Nolen Pest Control York Region,+12898427208,Animal/Pest Control Services,"Pest Control Services York Region, ON",,,https://www.thecbrb.ca/directory/animalpest-control-services/cbrb-best-businesses-in-canada-truly-nolen-pest-control-york-region,https://www.thecbrb.ca/directory/animalpest-control-services,yes,CBRB directory public listing
Abat Extermination,+14186666667,Animal/Pest Control Services,"Pest Control Service St-Romuald, QC",,,https://www.thecbrb.ca/directory/animalpest-control-services/best-businesses-in-canada-2021-abat-extermination,https://www.thecbrb.ca/directory/animalpest-control-services,yes,CBRB directory public listing
AS Trappeur,+15145039868,Animal/Pest Control Services,Animal Removal Service Montré,"al, Quebec",,https://www.thecbrb.ca/directory/animalpest-control-services/best-businesses-in-canada-2022-as-trappeur,https://www.thecbrb.ca/directory/animalpest-control-services,yes,CBRB directory public listing
B.B.P.P. THE BEST BUG AND PEST PROTECTION INC,+16479106315,Animal/Pest Control Services,"Pest Control Service Vaughan , ON",,,https://www.thecbrb.ca/directory/animalpest-control-services/best-businesses-in-canada-2021-b-b-p-p-the-best-bug-and-pest-protection,https://www.thecbrb.ca/directory/animalpest-control-services,yes,CBRB directory public listing
Barrier Pest Control,+16479106315,Animal/Pest Control Services,"Pest Control Service Concord , ON",,,https://www.thecbrb.ca/directory/animalpest-control-services/best-businesses-in-canada-2021-barrier-pest-control,https://www.thecbrb.ca/directory/animalpest-control-services,yes,CBRB directory public listing
Gotcha Wildlife Removal Services,+16474617632,Animal/Pest Control Services,"Animal control services Oshawa, ON",,https://www.gotchawildlife.com/,https://www.thecbrb.ca/directory/animalpest-control-services/best-businesses-in-canada-2021-gotcha-wildlife-removal-services,https://www.thecbrb.ca/directory/animalpest-control-services,yes,CBRB directory public listing
Knutts Pest and Wildlife Control,+16049973706,Animal/Pest Control Services,,"Pest Control Service Chilliwack, British Columbia",,https://www.thecbrb.ca/directory/animalpest-control-services/best-businesses-in-canada-2022-knutts-pest-and-wildlife-control,https://www.thecbrb.ca/directory/animalpest-control-services,yes,CBRB directory public listing
NuTech Pest Services,+15192469783,Animal/Pest Control Services,,"Pest Control Service Alvinston , Ontario",,https://www.thecbrb.ca/directory/animalpest-control-services/cbrb-best-businesses-in-canada-2023-nutech-pest-services,https://www.thecbrb.ca/directory/animalpest-control-services,yes,CBRB directory public listing
Pestagon Ltd,+14168222590,Animal/Pest Control Services,,"Pest and Wildlife Control Services Brampton, Ontario",,https://www.thecbrb.ca/directory/animalpest-control-services/cbrb-best-businesses-in-canada-2023-pestagon-ltd,https://www.thecbrb.ca/directory/animalpest-control-services,yes,CBRB directory public listing
Pest-RX,+17059577378,Animal/Pest Control Services,,"Pest Control & Exterminator Services Apsley, Ontario",,https://www.thecbrb.ca/directory/animalpest-control-services/cbrb-best-businesses-in-canada-2023-pest-rx,https://www.thecbrb.ca/directory/animalpest-control-services,yes,CBRB directory public listing
Raider Wildlife Control,+18444827243,Animal/Pest Control Services,,"Pest Control Service Hamilton , Ontario",,https://www.thecbrb.ca/directory/animalpest-control-services/best-businesses-in-canada-2021-raider-wildlife-control,https://www.thecbrb.ca/directory/animalpest-control-services,yes,CBRB directory public listing
Simply Bed Bugs,+16474727793,Animal/Pest Control Services,"Pest Control & Preparation Services Toronto , ON",,,https://www.thecbrb.ca/directory/animalpest-control-services/cbrb-best-businesses-in-canada-2024-simply-bed-bugs,https://www.thecbrb.ca/directory/animalpest-control-services,yes,CBRB directory public listing
Architalcan Design Inc.,+16476546898,Architectural Services,"Residential - Commercial - Industrial Design and Building Permit Services Toronto, ON",,,https://www.thecbrb.ca/directory/architectural-services/cbrb-best-businesses-in-canada-architalcan-design-inc,https://www.thecbrb.ca/directory/architectural-services,yes,CBRB directory public listing
DJ Design Einstein Inc.,+16047604858,Architectural Services,"Architecture & Interior Design Services Langley, BC",,,https://www.thecbrb.ca/directory/architectural-services/cbrb-best-businesses-in-canada-dj-design-einstein-inc,https://www.thecbrb.ca/directory/architectural-services,yes,CBRB directory public listing
3DS Technologies Inc,+15197665885,Architectural Services,"3D Laser Scanning and LiDAR Service Provider Guelph, ON",,,https://www.thecbrb.ca/directory/architectural-services/cbrb-best-businesses-in-canada-2023-3ds-technologies-inc,https://www.thecbrb.ca/directory/architectural-services,yes,CBRB directory public listing
Lucid Homes,+14165666588,Architectural Services,"Architecture Firm Oakville , ON",,,https://www.thecbrb.ca/directory/architectural-services/best-businesses-in-canada-2021-lucid-homes,https://www.thecbrb.ca/directory/architectural-services,yes,CBRB directory public listing
J - CAD Inc.,+18882022052,Architectural Services,"Drafting service Toronto, ON",,,https://www.thecbrb.ca/directory/architectural-services/best-businesses-in-canada-2022-j-cad-inc,https://www.thecbrb.ca/directory/architectural-services,yes,CBRB directory public listing
Maggee Gibson Design Inc.,+14167228801,Architectural Services,"Architectural designer Toronto, ON",,,https://www.thecbrb.ca/directory/architectural-services/best-businesses-in-canada-2022-maggee-gibson-design-inc,https://www.thecbrb.ca/directory/architectural-services,yes,CBRB directory public listing
Mc2Design,+14036174908,Architectural Services,"Drafting service Calgary, AB",,,https://www.thecbrb.ca/directory/architectural-services/best-businesses-in-canada-2021-mc2design,https://www.thecbrb.ca/directory/architectural-services,yes,CBRB directory public listing
Pinnacle Decision Design Associates Ltd,+17782330737,Architectural Services,"Architectural Designer Vancouver , BC",,https://pinnacledecision.ca/,https://www.thecbrb.ca/directory/architectural-services/best-businesses-in-canada-2021-pinnacle-decision-design-associates-ltd,https://www.thecbrb.ca/directory/architectural-services,yes,CBRB directory public listing
RADEFF Architect Ltd.,+14164814087,Architectural Services,"Architecture and Interior Design Toronto ,ON",,,https://www.thecbrb.ca/directory/architectural-services/cbrb-best-businesses-in-canada-2023-radeff-architect-ltd,https://www.thecbrb.ca/directory/architectural-services,yes,CBRB directory public listing
Rojas Empire of Design Inc,+16472619708,Architectural Services,"Architectural designer Mississauga ,ON",,,https://www.thecbrb.ca/directory/architectural-services/best-businesses-in-canada-2021-rojas-empire-of-design-inc,https://www.thecbrb.ca/directory/architectural-services,yes,CBRB directory public listing
TAES Architects Inc.,+14168003284,Architectural Services,"Architectural Practice Toronto ,ON",,,https://www.thecbrb.ca/directory/architectural-services/cbrb-best-businesses-in-canada-2024-taes-architects-inc,https://www.thecbrb.ca/directory/architectural-services,yes,CBRB directory public listing
Zanjani Architect Inc.,+14169178285,Architectural Services,"Architect Markham, ON",,,https://www.thecbrb.ca/directory/architectural-services/cbrb-best-businesses-in-canada-2024-zanjani-architect-inc,https://www.thecbrb.ca/directory/architectural-services,yes,CBRB directory public listing
AurisCare Hearing,+15199772299,Audiologists/Hearing Clinics,,"Audiology Clinic Kitchener, Ontario",,https://www.thecbrb.ca/directory/audiologistshearing-clinics/cbrb-best-businesses-in-canada-auriscare-hearing,https://www.thecbrb.ca/directory/audiologistshearing-clinics,yes,CBRB directory public listing
Art of Hearing,+19055034545,Audiologists/Hearing Clinics,,"Hearing aid store Aurora, Ontario",,https://www.thecbrb.ca/directory/audiologistshearing-clinics/best-businesses-in-canada-2022-art-of-hearing,https://www.thecbrb.ca/directory/audiologistshearing-clinics,yes,CBRB directory public listing
Dunlop Hearing,+13068081889,Audiologists/Hearing Clinics,,"Hearing Care Provider Estevan, Saskatchewan",,https://www.thecbrb.ca/directory/audiologistshearing-clinics/cbrb-best-businesses-in-canada-2024-dunlop-hearing,https://www.thecbrb.ca/directory/audiologistshearing-clinics,yes,CBRB directory public listing
Ear Architects Hearing Care,+12044167455,Audiologists/Hearing Clinics,,"Hearing Aid Store Winnipeg, Manitoba",,https://www.thecbrb.ca/directory/audiologistshearing-clinics/best-businesses-in-canada-2022-ear-architects-hearing-care,https://www.thecbrb.ca/directory/audiologistshearing-clinics,yes,CBRB directory public listing
Hearing Excellence,+19053335061,Audiologists/Hearing Clinics,"Audiology Clinic Ontario, Canada",,,https://www.thecbrb.ca/directory/audiologistshearing-clinics/best-businesses-in-canada-2021-hearing-excellence,https://www.thecbrb.ca/directory/audiologistshearing-clinics,yes,CBRB directory public listing
Hearing Wellness Centre,+18446639433,Audiologists/Hearing Clinics,,"Audiology /Hearing Loss Treatment Clinic Tecumseh, Ontario",,https://www.thecbrb.ca/directory/audiologistshearing-clinics/cbrb-best-businesses-in-canada-2024-hearing-wellness-centre,https://www.thecbrb.ca/directory/audiologistshearing-clinics,yes,CBRB directory public listing
Melody Audiology & Hearing Clinic,+17808091349,Audiologists/Hearing Clinics,,"Audiologist Edmonton, Alberta",,https://www.thecbrb.ca/directory/audiologistshearing-clinics/best-businesses-in-canada-2021-melody-audiology-hearing-clinic,https://www.thecbrb.ca/directory/audiologistshearing-clinics,yes,CBRB directory public listing
Quantum Hearing Clinic,+16049730214,Audiologists/Hearing Clinics,,"Hearing aid store North Vancouver, British Columbia",,https://www.thecbrb.ca/directory/audiologistshearing-clinics/cbrb-best-businesses-in-canada-2023-quantum-hearing-clinic,https://www.thecbrb.ca/directory/audiologistshearing-clinics,yes,CBRB directory public listing
Art In Motion Auto Care LTD,+16479902461,Auto Body/Repair Shops,"Auto Repair Shop Etobicoke ,ON",,,https://www.thecbrb.ca/directory/auto-bodyrepair-shop/cbrb-best-businesses-in-canada-art-in-motion-auto-care-ltd,https://www.thecbrb.ca/directory/auto-bodyrepair-shop,yes,CBRB directory public listing
ASC Autobody & Sales,+19055291390,Auto Body/Repair Shops,"Auto Body Shop Hamilton , ON",,,https://www.thecbrb.ca/directory/auto-bodyrepair-shop/cbrb-best-businesses-in-canada-asc-autobody-sales,https://www.thecbrb.ca/directory/auto-bodyrepair-shop,yes,CBRB directory public listing
Aurora Auto Collision & Repairs,+19057131235,Auto Body/Repair Shops,"Auto Body Shop Aurora, ON",,,https://www.thecbrb.ca/directory/auto-bodyrepair-shop/cbrb-best-businesses-in-canada-aurora-auto-collision-repairs,https://www.thecbrb.ca/directory/auto-bodyrepair-shop,yes,CBRB directory public listing
Breakaway Auto Glass Ltd,+19055775120,Auto Body/Repair Shops,"Auto Glass Shop Hamilton, ON",,,https://www.thecbrb.ca/directory/auto-bodyrepair-shop/cbrb-best-businesses-in-canada-breakaway-auto-glass-ltd,https://www.thecbrb.ca/directory/auto-bodyrepair-shop,yes,CBRB directory public listing
Crimson Automotive & Offroad,+15878841003,Auto Body/Repair Shops,"Automotive Repair and Offroad Accessories Fort McMurray, AB",,,https://www.thecbrb.ca/directory/auto-bodyrepair-shop/cbrb-best-businesses-in-canada-crimson-automotive-offroad,https://www.thecbrb.ca/directory/auto-bodyrepair-shop,yes,CBRB directory public listing
Force Performance & Repair,+14035987132,Auto Body/Repair Shops,"Mechanic Eckville, AB",,,https://www.thecbrb.ca/directory/auto-bodyrepair-shop/cbrb-best-businesses-in-canada-force-performance-repair,https://www.thecbrb.ca/directory/auto-bodyrepair-shop,yes,CBRB directory public listing
Honest Autocenter LTD,+15874357722,Auto Body/Repair Shops,"Auto Repair Center Airdrie, AB",,,https://www.thecbrb.ca/directory/auto-bodyrepair-shop/cbrb-best-businesses-in-canada-honest-autocenter-ltd,https://www.thecbrb.ca/directory/auto-bodyrepair-shop,yes,CBRB directory public listing
MacGyver Auto Body & Collision,+19055055858,Auto Body/Repair Shops,"Auto Body Shop Richmond Hill , ON",,,https://www.thecbrb.ca/directory/auto-bodyrepair-shop/cbrb-best-businesses-in-canada-macgyver-auto-body-collision,https://www.thecbrb.ca/directory/auto-bodyrepair-shop,yes,CBRB directory public listing
Mechatronic Diagnostics,+14167463456,Auto Body/Repair Shops,"Car Repair and Maintenance Toronto, ON",,,https://www.thecbrb.ca/directory/auto-bodyrepair-shop/cbrb-best-businesses-in-canada-mechatronic-diagnostics,https://www.thecbrb.ca/directory/auto-bodyrepair-shop,yes,CBRB directory public listing
Motion Machinery Ltd.,+17804527747,Auto Body/Repair Shops,"Truck & Heavy Equipment Repair Services Stony Plain, AB",,,https://www.thecbrb.ca/directory/auto-bodyrepair-shop/cbrb-best-businesses-in-canada-motion-machinery-ltd,https://www.thecbrb.ca/directory/auto-bodyrepair-shop,yes,CBRB directory public listing
Muscle Mouse Auto Spa,+17052592900,Auto Body/Repair Shops,"Auto Detailing Shop Orillia, ON",,,https://www.thecbrb.ca/directory/auto-bodyrepair-shop/cbrb-best-businesses-in-canada-muscle-mouse-auto-spa,https://www.thecbrb.ca/directory/auto-bodyrepair-shop,yes,CBRB directory public listing
Pro-Active Automotive Inc,+14032912470,Auto Body/Repair Shops,"Automotive Repair and Services Calgary, AB",,,https://www.thecbrb.ca/directory/auto-bodyrepair-shop/cbrb-best-businesses-in-canada-pro-active-automotive-inc,https://www.thecbrb.ca/directory/auto-bodyrepair-shop,yes,CBRB directory public listing
SLM AUTO INC,+15146422828,Auto Body/Repair Shops,"Meilleur atelier de carrosserie Montréal, QC",,,https://www.thecbrb.ca/directory/auto-bodyrepair-shop/cbrb-best-businesses-in-canada-slm-auto-inc,https://www.thecbrb.ca/directory/auto-bodyrepair-shop,yes,CBRB directory public listing
SPARTAN COLLISION CENTRE,+19056027299,Auto Body/Repair Shops,"Auto Body Shop Mississauga, ON",,,https://www.thecbrb.ca/directory/auto-bodyrepair-shop/cbrb-best-businesses-in-canada-spartan-collision-centre,https://www.thecbrb.ca/directory/auto-bodyrepair-shop,yes,CBRB directory public listing
Sudden Impact Auto Body & Repair Ltd.,+16045072247,Auto Body/Repair Shops,"Auto B ody S hop Surrey, BC",,,https://www.thecbrb.ca/directory/auto-bodyrepair-shop/cbrb-best-businesses-in-canada-sudden-impact-auto-body-repair-ltd,https://www.thecbrb.ca/directory/auto-bodyrepair-shop,yes,CBRB directory public listing
Transmission Depot & Full Auto Service,+19057611616,Auto Body/Repair Shops,"Auto Repair Shop Vaughan, ON",,,https://www.thecbrb.ca/directory/auto-bodyrepair-shop/best-businesses-in-canada-transmission-depot-full-auto-service,https://www.thecbrb.ca/directory/auto-bodyrepair-shop,yes,CBRB directory public listing
Wraptors Inc,+16476209727,Auto Body/Repair Shops,"Vehicle Wrapping Service Mississauga, ON",,,https://www.thecbrb.ca/directory/auto-bodyrepair-shop/cbrb-best-businesses-in-canada-wraptors-inc,https://www.thecbrb.ca/directory/auto-bodyrepair-shop,yes,CBRB directory public listing
2 Brothers Advanced Auto Diagnostics,+15196088691,Auto Body/Repair Shops,"Automotive Diagnostic and Repair London ,ON",,,https://www.thecbrb.ca/directory/auto-bodyrepair-shop/best-businesses-in-canada-2022-2-brothers-advanced-auto-diagnostics,https://www.thecbrb.ca/directory/auto-bodyrepair-shop,yes,CBRB directory public listing
2 Clean Inc.,+14036402050,Auto Body/Repair Shops,"Auto Detailing Calgary, AB",,,https://www.thecbrb.ca/directory/auto-bodyrepair-shop/cbrb-best-businesses-in-canada-2024-2-clean-inc,https://www.thecbrb.ca/directory/auto-bodyrepair-shop,yes,CBRB directory public listing
4x4 shop Canada,+19056044294,Auto Body/Repair Shops,"Car Infotainment Markham ,ON",,,https://www.thecbrb.ca/directory/auto-bodyrepair-shop/best-businesses-in-canada-2021-4x4-shop-canada,https://www.thecbrb.ca/directory/auto-bodyrepair-shop,yes,CBRB directory public listing
A Class Collision,+19054576000,Auto Body/Repair Shops,"Truck Repair Shop Mississauga , ON",,,https://www.thecbrb.ca/directory/auto-bodyrepair-shop/cbrb-best-businesses-in-canada-a-class-collision,https://www.thecbrb.ca/directory/auto-bodyrepair-shop,yes,CBRB directory public listing
AFFORDABLE RIMS AND TIRES,+19058028668,Auto Body/Repair Shops,"Tire and Rim Shop Hamilton ,ON",,,https://www.thecbrb.ca/directory/auto-bodyrepair-shop/cbrb-best-businesses-in-canada-2024-affordable-rims-and-tires,https://www.thecbrb.ca/directory/auto-bodyrepair-shop,yes,CBRB directory public listing
Amūn Mechanical,+14032142686,Auto Body/Repair Shops,"Truck & Fleet Maintenance and Repair Calgary, AB",,,https://www.thecbrb.ca/directory/auto-bodyrepair-shop/cbrb-best-businesses-in-canada-2024-amūn-mechanical,https://www.thecbrb.ca/directory/auto-bodyrepair-shop,yes,CBRB directory public listing
Assurance Collision Repair,+14167801415,Auto Body/Repair Shops,"Auto body shop Toronto ,ON",,,https://www.thecbrb.ca/directory/auto-bodyrepair-shop/best-businesses-in-canada-2021-assurance-collision-repair,https://www.thecbrb.ca/directory/auto-bodyrepair-shop,yes,CBRB directory public listing
AVOTTO,+16472361355,Auto Body/Repair Shops,"Ceramic Coating and Paint Protection Film Services Pickering, ON",,,https://www.thecbrb.ca/directory/auto-bodyrepair-shop/cbrb-best-businesses-in-canada-2024-avotto,https://www.thecbrb.ca/directory/auto-bodyrepair-shop,yes,CBRB directory public listing
Bob Lawrence Truck & Equipment Services Ltd,+12508072960,Auto Body/Repair Shops,"Commercial Vehicle & Equipment Repair Kelowna, BC",,,https://www.thecbrb.ca/directory/auto-bodyrepair-shop/cbrb-best-businesses-in-canada-2022-bob-lawrence-truck-equipment,https://www.thecbrb.ca/directory/auto-bodyrepair-shop,yes,CBRB directory public listing
Car Doc,+16475017625,Auto Body/Repair Shops,"Auto Repair Service Pickering , ON",,,https://www.thecbrb.ca/directory/auto-bodyrepair-shop/cbrb-best-businesses-in-canada-2024-car-doc,https://www.thecbrb.ca/directory/auto-bodyrepair-shop,yes,CBRB directory public listing
CarrXpert Vision Plus,+14505651038,Auto Body/Repair Shops,"Auto Repair Shop Sainte-Sophie, QC",,,https://www.thecbrb.ca/directory/auto-bodyrepair-shop/cbrb-best-businesses-in-canada-carrxpert-vision-plus,https://www.thecbrb.ca/directory/auto-bodyrepair-shop,yes,CBRB directory public listing
Clarence's Service Centre Ltd,+19058923652,Auto Body/Repair Shops,"Automotive Repair Shop Pelham, ON",,,https://www.thecbrb.ca/directory/auto-bodyrepair-shop/cbrb-best-businesses-in-canada-2024-clarences-service-centre-ltd,https://www.thecbrb.ca/directory/auto-bodyrepair-shop,yes,CBRB directory public listing
Courtney Automotive & Exchange Service Ltd,+14032284265,Auto Body/Repair Shops,"Auto repair shop Calgary, AB",,,https://www.thecbrb.ca/directory/auto-bodyrepair-shop/best-businesses-in-canada-2024-courtney-automotive-exchange-service-ltd,https://www.thecbrb.ca/directory/auto-bodyrepair-shop,yes,CBRB directory public listing
CSN Bongard Collision,+19054278787,Auto Body/Repair Shops,"Auto repair shop Ajax, ON",,,https://www.thecbrb.ca/directory/auto-bodyrepair-shop/best-businesses-in-canada-2022-csn-bongard-collision,https://www.thecbrb.ca/directory/auto-bodyrepair-shop,yes,CBRB directory public listing
D'Babs AutoWorks,+14032669313,Auto Body/Repair Shops,"Auto Repair Shop Calgary, AB",,,https://www.thecbrb.ca/directory/auto-bodyrepair-shop/cbrb-best-businesses-in-canada-2023-dbabs-autoworks,https://www.thecbrb.ca/directory/auto-bodyrepair-shop,yes,CBRB directory public listing
Express Lube & Tire,+15878944100,Auto Body/Repair Shops,"Oil change service Calgary, AB",,,https://www.thecbrb.ca/directory/auto-bodyrepair-shop/best-businesses-in-canada-2021-express-lube-tire,https://www.thecbrb.ca/directory/auto-bodyrepair-shop,yes,CBRB directory public listing
Extreme Garage,+19057607676,Auto Body/Repair Shops,"Auto Repair Shop Vaughan, ON",,,https://www.thecbrb.ca/directory/auto-bodyrepair-shop/cbrb-best-businesses-in-canada-2022-extreme-garage,https://www.thecbrb.ca/directory/auto-bodyrepair-shop,yes,CBRB directory public listing
FIX AUTO,+19052273311,Auto Body/Repair Shops,"Auto body shop St. Catharines, ON",,,https://www.thecbrb.ca/directory/auto-bodyrepair-shop/best-businesses-in-canada-2021-fix-auto,https://www.thecbrb.ca/directory/auto-bodyrepair-shop,yes,CBRB directory public listing
Galib's Auto Repair Shop,+16049866777,Auto Body/Repair Shops,"Car repair and maintenance Vancouver, BC",,,https://www.thecbrb.ca/directory/auto-bodyrepair-shop/best-businesses-in-canada-2021-galibs-auto-repair-shop,https://www.thecbrb.ca/directory/auto-bodyrepair-shop,yes,CBRB directory public listing
Garage16,+19056128089,Auto Body/Repair Shops,"Auto parts store Mississauga, ON",,,https://www.thecbrb.ca/directory/auto-bodyrepair-shop/best-businesses-in-canada-2022-garage16,https://www.thecbrb.ca/directory/auto-bodyrepair-shop,yes,CBRB directory public listing
Global Hybrid Batteries,+18775492743,Auto Body/Repair Shops,"Auto parts store Mississauga, ON",,,https://www.thecbrb.ca/directory/auto-bodyrepair-shop/cbrb-best-businesses-in-canada-2022-global-hybrid-batteries,https://www.thecbrb.ca/directory/auto-bodyrepair-shop,yes,CBRB directory public listing
G.P. Coatings Inc,+17808145600,Auto Body/Repair Shops,"Protective Polyurethane Coatings Service Grande Prairie, AB",,,https://www.thecbrb.ca/directory/auto-bodyrepair-shop/cbrb-best-businesses-in-canada-g-p-coatings-inc,https://www.thecbrb.ca/directory/auto-bodyrepair-shop,yes,CBRB directory public listing
InterCity Autobody,+12046632227,Auto Body/Repair Shops,"Auto Body Shop Winnipeg, MB",,,https://www.thecbrb.ca/directory/auto-bodyrepair-shop/cbrb-best-businesses-in-canada-2023-intercity-autobody,https://www.thecbrb.ca/directory/auto-bodyrepair-shop,yes,CBRB directory public listing
Jim Dickinson Auto Tech,+16137216244,Auto Body/Repair Shops,"Auto Body Shop Ottawa, ON",,,https://www.thecbrb.ca/directory/auto-bodyrepair-shop/best-businesses-in-canada-2021-jim-dickinson-auto-tech,https://www.thecbrb.ca/directory/auto-bodyrepair-shop,yes,CBRB directory public listing
Krown Kingston,+16135497878,Auto Body/Repair Shops,"Auto Body Shop Kingston, ON",,,https://www.thecbrb.ca/directory/auto-bodyrepair-shop/best-businesses-in-canada-2022-krown-kingston,https://www.thecbrb.ca/directory/auto-bodyrepair-shop,yes,CBRB directory public listing
Langley Brake Shop & Auto Repair,+16045304311,Auto Body/Repair Shops,"Automotive Repair Facility Langley City, BC",,,https://www.thecbrb.ca/directory/auto-bodyrepair-shop/cbrb-best-businesses-in-canada-2023-langley-brake-shop-auto-repair,https://www.thecbrb.ca/directory/auto-bodyrepair-shop,yes,CBRB directory public listing
LONE WOLF MECHANICAL,+15876439653,Auto Body/Repair Shops,"Auto repair shop Thorsby, AB",,,https://www.thecbrb.ca/directory/auto-bodyrepair-shop/best-businesses-in-canada-2021-lone-wolf-mechanical,https://www.thecbrb.ca/directory/auto-bodyrepair-shop,yes,CBRB directory public listing
Lucky Eight Auto Repair and Tires Ltd.,+19052375383,Auto Body/Repair Shops,"Automotive Repair Facility Richmond Hill, ON",,http://www.luckyeightauto.com/,https://www.thecbrb.ca/directory/auto-bodyrepair-shop/best-businesses-in-canada-2021-lucky-8-auto-repairs-and-tires-ltd,https://www.thecbrb.ca/directory/auto-bodyrepair-shop,yes,CBRB directory public listing
M & M Auto,+16047441033,Auto Body/Repair Shops,"Auto repair shop Abbotsford, BC",,,https://www.thecbrb.ca/directory/auto-bodyrepair-shop/best-businesses-in-canada-2022-m-m-auto,https://www.thecbrb.ca/directory/auto-bodyrepair-shop,yes,CBRB directory public listing
Maranello Auto Refinishing Ltd.,+14032308900,Auto Body/Repair Shops,"Auto repair shop Calgary, AB",,,https://www.thecbrb.ca/directory/auto-bodyrepair-shop/best-businesses-in-canada-2021-maranello-auto-refinishing-ltd,https://www.thecbrb.ca/directory/auto-bodyrepair-shop,yes,CBRB directory public listing
Marvel Auto Collision,+19056141010,Auto Body/Repair Shops,"Auto Body Shop Mississauga, ON",,,https://www.thecbrb.ca/directory/auto-bodyrepair-shop/cbrb-best-businesses-in-canada-2024-marvel-auto-collision,https://www.thecbrb.ca/directory/auto-bodyrepair-shop,yes,CBRB directory public listing
Mobile Tire Repair Service Toronto - Wheels on Wheels,+16474786760,Auto Body/Repair Shops,"Tire shop Markham, ON",,,https://www.thecbrb.ca/directory/auto-bodyrepair-shop/best-businesses-in-canada-2021-mobile-tire-repair-service-toronto-wheel,https://www.thecbrb.ca/directory/auto-bodyrepair-shop,yes,CBRB directory public listing
Modern Motors,+13066510606,Auto Body/Repair Shops,"Automotive Performance & Fleet Service Saskatoon, SK",,,https://www.thecbrb.ca/directory/auto-bodyrepair-shop/cbrb-best-businesses-in-canada-2024-modern-motors,https://www.thecbrb.ca/directory/auto-bodyrepair-shop,yes,CBRB directory public listing
Mo’s Auto Body and Restoration Ltd,+19058375183,Auto Body/Repair Shops,"Auto Restoration Service Pickering, ON",,,https://www.thecbrb.ca/directory/auto-bodyrepair-shop/cbrb-best-businesses-in-canada-2023-mos-auto-body-and-restoration-ltd,https://www.thecbrb.ca/directory/auto-bodyrepair-shop,yes,CBRB directory public listing
Polar Teinte,+15142449979,Auto Body/Repair Shops,,"Window Tinting & Car Wrapping Services Montreal, Quebec",,https://www.thecbrb.ca/directory/auto-bodyrepair-shop/best-businesses-in-canada-2022-polar-teinte,https://www.thecbrb.ca/directory/auto-bodyrepair-shop,yes,CBRB directory public listing
Pro Smith Customs Ltd,+16043082764,Auto Body/Repair Shops,"Car detailing service Langley Township, BC",,,https://www.thecbrb.ca/directory/auto-bodyrepair-shop/best-businesses-in-canada-2021-pro-smith-customs-ltd,https://www.thecbrb.ca/directory/auto-bodyrepair-shop,yes,CBRB directory public listing
Prestige Collision Repairs Ltd.,+19054544446,Auto Body/Repair Shops,"Auto Body Shop Brampton, ON",,,https://www.thecbrb.ca/directory/auto-bodyrepair-shop/cbrb-best-businesses-in-canada-2023-prestige-collision-repairs-ltd,https://www.thecbrb.ca/directory/auto-bodyrepair-shop,yes,CBRB directory public listing
R.A. Mécanique,+15146580903,Auto Body/Repair Shops,"Auto Repair Shop Montreal, QC",,,https://www.thecbrb.ca/directory/auto-bodyrepair-shop/cbrb-best-businesses-in-canada-r-a-mécanique,https://www.thecbrb.ca/directory/auto-bodyrepair-shop,yes,CBRB directory public listing
Reaper Customs,+17785515567,Auto Body/Repair Shops,"Vehicle Wrapping Service Abbotsford, BC",,,https://www.thecbrb.ca/directory/auto-bodyrepair-shop/cbrb-best-businesses-in-canada-2023-reaper-customs,https://www.thecbrb.ca/directory/auto-bodyrepair-shop,yes,CBRB directory public listing
Red Line Custom Autobody Ltd,+17804586883,Auto Body/Repair Shops,"Auto repair shop St. Albert, AB",,https://www.facebook.com/Redline-Custom-Autobody-LTD-174647585597/,https://www.thecbrb.ca/directory/auto-bodyrepair-shop/best-businesses-in-canada-2021-red-line-custom-autobody-ltd,https://www.thecbrb.ca/directory/auto-bodyrepair-shop,yes,CBRB directory public listing
Renown Auto Center & Car Rental,+16475040794,Auto Body/Repair Shops,"Auto Body Shop/Car Rental Service Markham , ON",,,https://www.thecbrb.ca/directory/auto-bodyrepair-shop/cbrb-best-businesses-in-canada-2022-renown-auto-center-car-rental,https://www.thecbrb.ca/directory/auto-bodyrepair-shop,yes,CBRB directory public listing
Secure Ride Systems,+16475294267,Auto Body/Repair Shops,"Security and Anti-hijack Solutions Vaughan , ON",,,https://www.thecbrb.ca/directory/auto-bodyrepair-shop/cbrb-best-businesses-in-canada-2023-secure-ride-systems,https://www.thecbrb.ca/directory/auto-bodyrepair-shop,yes,CBRB directory public listing
Shinez Auto Detailing,+17808144256,Auto Body/Repair Shops,"Car wash Grande Prairie, AB",,,https://www.thecbrb.ca/directory/auto-bodyrepair-shop/cbrb-best-businesses-in-canada-2023-shinez-auto-detailing,https://www.thecbrb.ca/directory/auto-bodyrepair-shop,yes,CBRB directory public listing
SMART Repair Centre,+19058405002,Auto Body/Repair Shops,"Auto Body Shop Burlington , ON",,,https://www.thecbrb.ca/directory/auto-bodyrepair-shop/best-businesses-in-canada-2021-smart-repair-centre,https://www.thecbrb.ca/directory/auto-bodyrepair-shop,yes,CBRB directory public listing
The Change Auto Detailing,+19052371112,Auto Body/Repair Shops,"Car Detailing Service Richmond Hill, ON",,,https://www.thecbrb.ca/directory/auto-bodyrepair-shop/best-businesses-in-canada-2022-the-change-auto-detailing,https://www.thecbrb.ca/directory/auto-bodyrepair-shop,yes,CBRB directory public listing
Those Guys Garage,+15874560164,Auto Body/Repair Shops,"Auto repair shop Sherwood Park, AB",,,https://www.thecbrb.ca/directory/auto-bodyrepair-shop/best-businesses-in-canada-2021-those-guys-garage,https://www.thecbrb.ca/directory/auto-bodyrepair-shop,yes,CBRB directory public listing
Titan Truck & Trailer Repairs,+19057959938,Auto Body/Repair Shops,"Truck, Trailer & Coach Repairs Mississauga, ON",,,https://www.thecbrb.ca/directory/auto-bodyrepair-shop/cbrb-best-businesses-in-canada-2024-titan-truck-trailer-repairs,https://www.thecbrb.ca/directory/auto-bodyrepair-shop,yes,CBRB directory public listing
TKT Detailing Services & Truck Accessories,+14168850910,Auto Body/Repair Shops,"Car Detailing Service Port Perry, ON",,,https://www.thecbrb.ca/directory/auto-bodyrepair-shop/cbrb-best-businesses-in-canada-2022-tkt-detailing-services,https://www.thecbrb.ca/directory/auto-bodyrepair-shop,yes,CBRB directory public listing
Unique Collision Auto Glass & Line-x Coatings,+13066682100,Auto Body/Repair Shops,"Auto Body Shop Saskatoon, SK",,,https://www.thecbrb.ca/directory/auto-bodyrepair-shop/best-businesses-in-canada-2021-unique-collision-auto-glass-line-x-coatin,https://www.thecbrb.ca/directory/auto-bodyrepair-shop,yes,CBRB directory public listing
Urban Automotive,+19058453531,Auto Body/Repair Shops,"Auto repair shop Oakville, ON",,https://www.urbanautomotive.ca/,https://www.thecbrb.ca/directory/auto-bodyrepair-shop/best-businesses-in-canada-2021-urban-automotive,https://www.thecbrb.ca/directory/auto-bodyrepair-shop,yes,CBRB directory public listing
Valley 1-Stop Auto Service,+12047345308,Auto Body/Repair Shops,,"Auto Repair Shop Swan River, Manitoba",,https://www.thecbrb.ca/directory/auto-bodyrepair-shop/cbrb-best-businesses-in-canada-2024-valley-1-stop-auto-service,https://www.thecbrb.ca/directory/auto-bodyrepair-shop,yes,CBRB directory public listing
VIP Glass Services,+14032852000,Auto Body/Repair Shops,"Auto Glass Shop Calgary, AB",,,https://www.thecbrb.ca/directory/auto-bodyrepair-shop/best-businesses-in-canada-2022-vip-glass-services,https://www.thecbrb.ca/directory/auto-bodyrepair-shop,yes,CBRB directory public listing
VitrXpert Ste-Sophie,+14505651038,Auto Body/Repair Shops,"Auto Glass Shop Sainte-Sophie, QC",,,https://www.thecbrb.ca/directory/auto-bodyrepair-shop/cbrb-best-businesses-in-canada-vitrxpert-ste-sophie,https://www.thecbrb.ca/directory/auto-bodyrepair-shop,yes,CBRB directory public listing
Washnwax Auto Detailing,+19022098006,Auto Body/Repair Shops,"Car detailing service Bedford, NS",,https://www.westechautomotive.ca/,https://www.thecbrb.ca/directory/auto-bodyrepair-shop/best-businesses-in-canada-2021-washnwax-auto-detailing,https://www.thecbrb.ca/directory/auto-bodyrepair-shop,yes,CBRB directory public listing
A-Protect Warranty Corporation,+14166617444,Auto Warranty/Insurance Companies,,"Extended Auto Warranty Vaughan, Ontario",,https://www.thecbrb.ca/directory/auto-warrantyinsurance-companies/cbrb-best-businesses-in-canada-a-protect-warranty-corporation,https://www.thecbrb.ca/directory/auto-warrantyinsurance-companies,yes,CBRB directory public listing
OWG,+18665683694,Aviation Services,,"Airline Mirabel, Quebec",,https://www.thecbrb.ca/directory/aviation-services/best-businesses-in-canada-2021-owg,https://www.thecbrb.ca/directory/aviation-services,yes,CBRB directory public listing
Experlogix,+14509619111,B2B Services,,"Business Software Solutions Terrebonne, Quebec",,https://www.thecbrb.ca/directory/b2b-services/cbrb-best-businesses-in-canada-experlogix,https://www.thecbrb.ca/directory/b2b-services,yes,CBRB directory public listing
"BNA Smart Payment Systems, LTD.",+18663247585,B2B Services,,"POS Business Services Aurora, Ontario",https://bnasmartpayment.com/,https://www.thecbrb.ca/directory/b2b-services/cbrb-best-businesses-in-canada-2024-bna-smart-payment-systems-ltd,https://www.thecbrb.ca/directory/b2b-services,yes,CBRB directory public listing
Condor Concierge,+14166651500,B2B Services,,"Business to business service Toronto, Ontario",,https://www.thecbrb.ca/directory/b2b-services/best-businesses-in-canada-2022-condor-concierge,https://www.thecbrb.ca/directory/b2b-services,yes,CBRB directory public listing
DigiCommerce,+19175240445,B2B Services,,"E-commerce service Montreal, Quebec",,https://www.thecbrb.ca/directory/b2b-services/best-businesses-in-canada-2021-digicommerce,https://www.thecbrb.ca/directory/b2b-services,yes,CBRB directory public listing
G4 SOLUTIONS & Stratégies d'entrepris,+15148154444,B2B Services,,"Business Management Consultant Laval, Quebec",,https://www.thecbrb.ca/directory/b2b-services/cbrb-best-businesses-in-canada-2023-g4-solutions-stratégies-dentrepris,https://www.thecbrb.ca/directory/b2b-services,yes,CBRB directory public listing
MSP Teambuilding,+18336772825,B2B Services,B2B Service Canada,,,https://www.thecbrb.ca/directory/b2b-services/cbrb-best-businesses-in-canada-2023-msp-teambuilding,https://www.thecbrb.ca/directory/b2b-services,yes,CBRB directory public listing
Precision E-Business Group,+19053157808,B2B Services,B2,"B Service Burlington, Ontario",,https://www.thecbrb.ca/directory/b2b-services/cbrb-best-businesses-in-canada-2023-precision-e-business-group,https://www.thecbrb.ca/directory/b2b-services,yes,CBRB directory public listing
Rainmakers Business Solutions,+14036152333,B2B Services,,"Business Management Consultant Calgary, Alberta",,https://www.thecbrb.ca/directory/b2b-services/best-businesses-in-canada-2021-rainmakers-business-solutions,https://www.thecbrb.ca/directory/b2b-services,yes,CBRB directory public listing
Valenta,+18772896197,B2B Services,B2,"B Services Toronto, Ontario",,https://www.thecbrb.ca/directory/b2b-services/cbrb-best-businesses-in-canada-2024-valenta,https://www.thecbrb.ca/directory/b2b-services,yes,CBRB directory public listing
Crown Upholstery & Window Coverings,+17054350122,Blinds Shop/Upholstery Services,"Custom Window Coverings and Upholstery New Tecumseth, ON",,,https://www.thecbrb.ca/directory/blinds-shopupholstery-services/cbrb-best-businesses-in-canada-crown-upholstery-window-coverings,https://www.thecbrb.ca/directory/blinds-shopupholstery-services,yes,CBRB directory public listing
Canada Custom Shutters,+19059530801,Blinds Shop/Upholstery Services,"Blinds Shop East Gwillimbury, ON",,,https://www.thecbrb.ca/directory/blinds-shopupholstery-services/cbrb-best-businesses-in-canada-2024-canada-custom-shutters,https://www.thecbrb.ca/directory/blinds-shopupholstery-services,yes,CBRB directory public listing
Avid Business Performance Group Powered by ActionCOACH,+12503058828,Business Development Services,Business Coaching Services British Columbia,,,https://www.thecbrb.ca/directory/business-development-services/cbrb-best-businesses-in-canada-avid-business-performance-group-powered-by,https://www.thecbrb.ca/directory/business-development-services,yes,CBRB directory public listing
Coast Guard Detailing,+17059946108,Car Detailing Services,,"Car Detailing Services Collingwood, Ontario",,https://www.thecbrb.ca/directory/car-detailing-services/cbrb-best-businesses-in-canada-coast-guard-detailing,https://www.thecbrb.ca/directory/car-detailing-services,yes,CBRB directory public listing
New Shine Car Care,+19059327111,Car Detailing Services,"Car Detailing Service St. Catharines, ON",,,https://www.thecbrb.ca/directory/car-detailing-services/cbrb-best-businesses-in-canada-new-shine-car-care,https://www.thecbrb.ca/directory/car-detailing-services,yes,CBRB directory public listing
Coudicar,+15145077117,Car Rental Agencies,,"Car Rental Agency Montreal, Quebec",,https://www.thecbrb.ca/directory/car-rental-agencies/cbrb-best-businesses-in-canada-coudicar,https://www.thecbrb.ca/directory/car-rental-agencies,yes,CBRB directory public listing
Town Car Rental,+12044211313,Car Rental Agencies,,"Car Rental Agency Winnipeg, Manitoba",,https://www.thecbrb.ca/directory/car-rental-agencies/cbrb-best-businesses-in-canada-town-car-rental,https://www.thecbrb.ca/directory/car-rental-agencies,yes,CBRB directory public listing
City Car & Truck Rental,+14168001222,Car Rental Agencies,,"Car Rental Agency Toronto , Ontario",,https://www.thecbrb.ca/directory/car-rental-agencies/best-businesses-in-canada-2021-city-car-truck-rental,https://www.thecbrb.ca/directory/car-rental-agencies,yes,CBRB directory public listing
FarOut Wilderness,+17788870396,Car Rental Agencies,,"Truck Rental Agency Vancouver, British Columbia",,https://www.thecbrb.ca/directory/car-rental-agencies/cbrb-best-businesses-in-canada-2024-farout-wilderness,https://www.thecbrb.ca/directory/car-rental-agencies,yes,CBRB directory public listing
Doyle It In Inc.,+12269738745,Coaching Services,,"Consulting & Coaching Services London, Ontario",https://doyleitin.com/,https://www.thecbrb.ca/directory/coaching-services/cbrb-best-businesses-in-canada-doyle-it-in-inc,https://www.thecbrb.ca/directory/coaching-services,yes,CBRB directory public listing
Ingbrigtson Life Services LTD,+17806864254,Coaching Services,,"Life Coaching and Mentoring Edmonton , Alberta",,https://www.thecbrb.ca/directory/coaching-services/cbrb-best-businesses-in-canada-ingbrigtson-life-services-ltd,https://www.thecbrb.ca/directory/coaching-services,yes,CBRB directory public listing
Top Prospects Goaltending,+14038055928,Coaching Services,,"Goaltender Development Programs Calgary, Alberta",,https://www.thecbrb.ca/directory/coaching-services/cbrb-best-businesses-in-canada-top-prospects-goaltending,https://www.thecbrb.ca/directory/coaching-services,yes,CBRB directory public listing
EB Solution,+18333330018,Computer Services/Phone Repair,,"IT Services Toronto , Ontario",https://ebsolution.ca/,https://www.thecbrb.ca/directory/computer-servicesphone-repair/cbrb-best-businesses-in-canada-eb-solution,https://www.thecbrb.ca/directory/computer-servicesphone-repair,yes,CBRB directory public listing
Foresight for IT Corp.,+17804862860,Computer Services/Phone Repair,,"Managed Cybersecurity & IT Services Edmonton, Alberta",,https://www.thecbrb.ca/directory/computer-servicesphone-repair/cbrb-best-businesses-in-canada-foresight-for-it-corp,https://www.thecbrb.ca/directory/computer-servicesphone-repair,yes,CBRB directory public listing
NetSentri,+15879055436,Computer Services/Phone Repair,IT Support Services North America,,,https://www.thecbrb.ca/directory/computer-servicesphone-repair/cbrb-best-businesses-in-canada-netsentri,https://www.thecbrb.ca/directory/computer-servicesphone-repair,yes,CBRB directory public listing
PAX Technology Services Inc.,+14168335219,Computer Services/Phone Repair,,"IT Services & Technology Solutions Toronto, Ontario",,https://www.thecbrb.ca/directory/computer-servicesphone-repair/cbrb-best-businesses-in-canada-pax-technology-services-inc,https://www.thecbrb.ca/directory/computer-servicesphone-repair,yes,CBRB directory public listing
TeckPath,+14034535854,Computer Services/Phone Repair,,"Computer Support and Services Calgary, Alberta",,https://www.thecbrb.ca/directory/computer-servicesphone-repair/cbrb-best-businesses-in-canada-teckpath,https://www.thecbrb.ca/directory/computer-servicesphone-repair,yes,CBRB directory public listing
TL Skynet Inc.,+19052680421,Computer Services/Phone Repair,,"Computer Support and Services Mississauga, Ontario",,https://www.thecbrb.ca/directory/computer-servicesphone-repair/cbrb-best-businesses-in-canada-tl-skynet-inc,https://www.thecbrb.ca/directory/computer-servicesphone-repair,yes,CBRB directory public listing
UNMETERED,+18884206321,Computer Services/Phone Repair,,"Global Infrastructure Services Burnaby, British Columbia",https://unmetered.management/,https://www.thecbrb.ca/directory/computer-servicesphone-repair/cbrb-best-businesses-in-canada-unmetered,https://www.thecbrb.ca/directory/computer-servicesphone-repair,yes,CBRB directory public listing
Binarium Corp,+18552746899,Computer Services/Phone Repair,,"Computer support and services Mississauga, Ontario",,https://www.thecbrb.ca/directory/computer-servicesphone-repair/best-businesses-in-canada-2021-binarium-corp,https://www.thecbrb.ca/directory/computer-servicesphone-repair,yes,CBRB directory public listing
Calgary PC Medic,+14038616575,Computer Services/Phone Repair,,"Computer Repair Services Calgary, Alberta",,https://www.thecbrb.ca/directory/computer-servicesphone-repair/cbrb-best-businesses-in-canada-2023-calgary-pc-medic,https://www.thecbrb.ca/directory/computer-servicesphone-repair,yes,CBRB directory public listing
C Computers Inc,+19052962020,Computer Services/Phone Repair,,"Computer Repair and IT Solutions Hamilton, Ontario",,https://www.thecbrb.ca/directory/computer-servicesphone-repair/best-businesses-in-canada-2022-c-computers-inc,https://www.thecbrb.ca/directory/computer-servicesphone-repair,yes,CBRB directory public listing
Creative POS Ltd.,+14168940446,Computer Services/Phone Repair,,"Point-Of-Sale Systems Store Mississauga, Ontario",,https://www.thecbrb.ca/directory/computer-servicesphone-repair/cbrb-best-businesses-in-canada-2023-creative-pos-ltd,https://www.thecbrb.ca/directory/computer-servicesphone-repair,yes,CBRB directory public listing
Droplet Lab,+16474904644,Computer Services/Phone Repair,,"Software company Markham , Ontario",,https://www.thecbrb.ca/directory/computer-servicesphone-repair/best-businesses-in-canada-2022-droplet-lab,https://www.thecbrb.ca/directory/computer-servicesphone-repair,yes,CBRB directory public listing
Edmonton Tech Support,+17802468580,Computer Services/Phone Repair,,"Computer repair service Edmonton, Alberta",,https://www.thecbrb.ca/directory/computer-servicesphone-repair/best-businesses-in-canada-2021-edmonton-tech-support,https://www.thecbrb.ca/directory/computer-servicesphone-repair,yes,CBRB directory public listing
Ezee Computer Training,+15194731391,Computer Services/Phone Repair,,"Training Centre London, Ontario",,https://www.thecbrb.ca/directory/computer-servicesphone-repair/best-businesses-in-canada-2022-ezee-computer-training,https://www.thecbrb.ca/directory/computer-servicesphone-repair,yes,CBRB directory public listing
Fix Factory Canada,+18883493349,Computer Services/Phone Repair,,"Mobile phone repair shop Calgary, Alberta",,https://www.thecbrb.ca/directory/computer-servicesphone-repair/best-businesses-in-canada-2021-fix-factory-canada,https://www.thecbrb.ca/directory/computer-servicesphone-repair,yes,CBRB directory public listing
GA Systems Inc.,+17806802635,Computer Services/Phone Repair,,"Computer Support and Services Edmonton, Alberta",,https://www.thecbrb.ca/directory/computer-servicesphone-repair/cbrb-best-businesses-in-canada-2023-ga-systems-inc,https://www.thecbrb.ca/directory/computer-servicesphone-repair,yes,CBRB directory public listing
Green Bee 3,+14168553300,Computer Services/Phone Repair,,"Computer support and Services Vaughan, Ontario",,https://www.thecbrb.ca/directory/computer-servicesphone-repair/cbrb-best-businesses-in-canada-2024-green-bee-3,https://www.thecbrb.ca/directory/computer-servicesphone-repair,yes,CBRB directory public listing
Infusion Edutainment VR Learning,+12505339487,Computer Services/Phone Repair,,"Software Company Victoria, British Columbia",,https://www.thecbrb.ca/directory/computer-servicesphone-repair/best-businesses-in-canada-2021-infusion-edutainment,https://www.thecbrb.ca/directory/computer-servicesphone-repair,yes,CBRB directory public listing
Integrated Communication Consultants,+15199334285,Computer Services/Phone Repair,,"Telecommunications Service Provider London, Ontario",,https://www.thecbrb.ca/directory/computer-servicesphone-repair/best-businesses-in-canada-2021-integrated-communication-consultants,https://www.thecbrb.ca/directory/computer-servicesphone-repair,yes,CBRB directory public listing
ITopia Corp,+14034418134,Computer Services/Phone Repair,,"IT Services Calgary, Alberta",,https://www.thecbrb.ca/directory/computer-servicesphone-repair/cbrb-best-businesses-in-canada-2022-itopia-corp,https://www.thecbrb.ca/directory/computer-servicesphone-repair,yes,CBRB directory public listing
I.T. Ideas Inc.,+16049868568,Computer Services/Phone Repair,Computer support and services British Columbia,,,https://www.thecbrb.ca/directory/computer-servicesphone-repair/cbrb-best-businesses-in-canada-2024-i-t-ideas-inc,https://www.thecbrb.ca/directory/computer-servicesphone-repair,yes,CBRB directory public listing
Konverge Digital Solutions Corporation,+14166402345,Computer Services/Phone Repair,,"Software company Toronto, Ontario",https://www.konverge.com/,https://www.thecbrb.ca/directory/computer-servicesphone-repair/best-businesses-in-canada-2021-konverge-digital-solutions-corporation,https://www.thecbrb.ca/directory/computer-servicesphone-repair,yes,CBRB directory public listing
Mycondolink,+18884165055,Computer Services/Phone Repair,,"Computer software store Toronto, Ontario",,https://www.thecbrb.ca/directory/computer-servicesphone-repair/best-businesses-in-canada-2022-mycondolink,https://www.thecbrb.ca/directory/computer-servicesphone-repair,yes,CBRB directory public listing
"Power & Tel of Canada, Ltd.",+18003695086,Computer Services/Phone Repair,,"Telecommunications service provider Burlington, Ontario",,https://www.thecbrb.ca/directory/computer-servicesphone-repair/best-businesses-in-canada-2022-power-tel-of-canada-ltd,https://www.thecbrb.ca/directory/computer-servicesphone-repair,yes,CBRB directory public listing
Proof It Document Editing,+17802248120,Computer Services/Phone Repair,,"Document Editing and Proofreading Services Edmonton, Alberta",,https://www.thecbrb.ca/directory/computer-servicesphone-repair/cbrb-best-businesses-in-canada-2022-proof-it-document-editing,https://www.thecbrb.ca/directory/computer-servicesphone-repair,yes,CBRB directory public listing
Red Leaf,+14372157446,Computer Services/Phone Repair,,"Mobile phone repair shop Toronto, Ontario",,https://www.thecbrb.ca/directory/computer-servicesphone-repair/best-businesses-in-canada-2021-red-leaf,https://www.thecbrb.ca/directory/computer-servicesphone-repair,yes,CBRB directory public listing
Sazan Consulting,+16473131970,Computer Services/Phone Repair,,"Consultant Toronto, Ontario",,https://www.thecbrb.ca/directory/computer-servicesphone-repair/best-businesses-in-canada-2021-sazan-consulting,https://www.thecbrb.ca/directory/computer-servicesphone-repair,yes,CBRB directory public listing
Soft-L Ltd.,+14164281130,Computer Services/Phone Repair,,"Software Company Barrie, Ontario",,https://www.thecbrb.ca/directory/computer-servicesphone-repair/best-businesses-in-canada-2022-soft-l-ltd,https://www.thecbrb.ca/directory/computer-servicesphone-repair,yes,CBRB directory public listing
Tesla Computers,+15199743700,Computer Services/Phone Repair,,"Computer repair service Windsor, Ontario",,https://www.thecbrb.ca/directory/computer-servicesphone-repair/best-businesses-in-canada-2022-tesla-computers,https://www.thecbrb.ca/directory/computer-servicesphone-repair,yes,CBRB directory public listing
The Tec Fixer,+14166841234,Computer Services/Phone Repair,,"Computer service Toronto, Ontario",http://www.thetecfixer.com/,https://www.thecbrb.ca/directory/computer-servicesphone-repair/best-businesses-in-canada-2021-the-tec-fixer,https://www.thecbrb.ca/directory/computer-servicesphone-repair,yes,CBRB directory public listing
Voice2Net,+16137131555,Computer Services/Phone Repair,,"Telephone company Prescott, Ontario",,https://www.thecbrb.ca/directory/computer-servicesphone-repair/best-businesses-in-canada-2022-voice2net,https://www.thecbrb.ca/directory/computer-servicesphone-repair,yes,CBRB directory public listing
ZODHA SOLUTIONS Inc.,+14385237715,Computer Services/Phone Repair,,"Software Training Institute Montreal, Quebec",,https://www.thecbrb.ca/directory/computer-servicesphone-repair/cbrb-best-businesses-in-canada-2023-zodha-solutions-inc,https://www.thecbrb.ca/directory/computer-servicesphone-repair,yes,CBRB directory public listing
By The Bay Cottages,+19026722307,Cottage Rentals,,"Cottage Stanhope , Prince Edward Island",https://bythebaycottages.ca/,https://www.thecbrb.ca/directory/cottage-rentals/cbrb-best-businesses-in-canada-2024-by-the-bay-cottages,https://www.thecbrb.ca/directory/cottage-rentals,yes,CBRB directory public listing
VACATION RENTALS,+14168318956,Cottage Rentals,,"Vacation Rentals Properties Toronto , Ontario",https://vrentalhome.com/,https://www.thecbrb.ca/directory/cottage-rentals/cbrb-best-businesses-in-canada-2023-vacation-rentals,https://www.thecbrb.ca/directory/cottage-rentals,yes,CBRB directory public listing
Bessant Pelech Associates Inc.,+14165745978,Consultants,,"Long-Term Care & Gerontology Consulting Services Mississauga, Ontario",,https://www.thecbrb.ca/directory/consultants/cbrb-best-businesses-in-canada-bessant-pelech-associates-inc,https://www.thecbrb.ca/directory/consultants,yes,CBRB directory public listing
Conseil KAD-KAD Consultancy,+15146387965,Consultants,,"Business & Management Consultant Montreal, Quebec",,https://www.thecbrb.ca/directory/consultants/cbrb-best-businesses-in-canada-conseil-kad-kad-consultancy,https://www.thecbrb.ca/directory/consultants,yes,CBRB directory public listing
Perite PharmaSys Inc.,+13303303090,Consultants,,"Pharmaceutical Consultants Brampton, Ontario",,https://www.thecbrb.ca/directory/consultants/cbrb-best-businesses-in-canada-perite-pharmasys-inc,https://www.thecbrb.ca/directory/consultants,yes,CBRB directory public listing
Planning Protocol,+14037031726,Consultants,,"Land Development Consulting Calgary, Alberta",,https://www.thecbrb.ca/directory/consultants/cbrb-best-businesses-in-canada-planning-protocol,https://www.thecbrb.ca/directory/consultants,yes,CBRB directory public listing
Cannabis License Experts,+18006516280,Consultants,,"Consultant Burlington, Ontario",,https://www.thecbrb.ca/directory/consultants/best-businesses-in-canada-2021-cannabis-license-experts,https://www.thecbrb.ca/directory/consultants,yes,CBRB directory public listing
CanBenefits,+18889100780,Consultants,,"Disability Services Toronto, Ontario",,https://www.thecbrb.ca/directory/consultants/cbrb-best-businesses-in-canada-2023-canbenefits,https://www.thecbrb.ca/directory/consultants,yes,CBRB directory public listing
Dana PharMed Inc.,+14164184890,Consultants,,"Business Management Consultant Toronto, Ontario",,https://www.thecbrb.ca/directory/consultants/cbrb-best-businesses-in-canada-dana-pharmed-inc,https://www.thecbrb.ca/directory/consultants,yes,CBRB directory public listing
Divonify Incorporated,+12262412617,Consultants,,"Consultants Kitchener, Ontario",,https://www.thecbrb.ca/directory/consultants/cbrb-best-businesses-in-canada-2023-divonify-incorporated,https://www.thecbrb.ca/directory/consultants,yes,CBRB directory public listing
ECC CONSULTING,+14034548278,Consultants,,"Education consulting Calgary, Alberta",https://ecc-consulting.ca/,https://www.thecbrb.ca/directory/consultants/best-businesses-in-canada-2022-ecc-consulting,https://www.thecbrb.ca/directory/consultants,yes,CBRB directory public listing
LSA Education,+15145695008,Consultants,,"Education Consulting Company Montreal, Quebec",,https://www.thecbrb.ca/directory/consultants/cbrb-best-businesses-in-canada-2023-lsa-education,https://www.thecbrb.ca/directory/consultants,yes,CBRB directory public listing
NECI The Procurement School Inc,+12503700041,Consultants,,"Training and consulting organization Victoria, British Columbia",,https://www.thecbrb.ca/directory/consultants/best-businesses-in-canada-2022-neci-the-procurement-school-inc,https://www.thecbrb.ca/directory/consultants,yes,CBRB directory public listing
Nordland Business Solutions Inc.,+16476896073,Consultants,,"Business Management Consulting Toronto, Ontario",,https://www.thecbrb.ca/directory/consultants/cbrb-best-businesses-in-canada-2023-nordland-business-solutions-inc,https://www.thecbrb.ca/directory/consultants,yes,CBRB directory public listing
Solnor Environnement Inc.,+15143602032,Consultants,,"Environmental Consultant Sainte-Julienne, Quebec",https://www.solnorenvironnement.com/,https://www.thecbrb.ca/directory/consultants/cbrb-best-businesses-in-canada-solnor-environnement-inc,https://www.thecbrb.ca/directory/consultants,yes,CBRB directory public listing
Stamped Engineering Corporation,+17803283875,Consultants,,"Engineering Consultant Edmonton, Alberta",,https://www.thecbrb.ca/directory/consultants/best-businesses-in-canada-2022-stamped-engineering-corporation,https://www.thecbrb.ca/directory/consultants,yes,CBRB directory public listing
Structura Vision Engineering Inc.,+17808075074,Consultants,,"Engineering Design & Consulting Firm Edmonton, Alberta",,https://www.thecbrb.ca/directory/consultants/cbrb-best-businesses-in-canada-structura-vision-engineering-inc,https://www.thecbrb.ca/directory/consultants,yes,CBRB directory public listing
Workplaces,+17808506957,Consultants,"Business Management Consultant Edmonton, AB",,,https://www.thecbrb.ca/directory/consultants/best-businesses-in-canada-2021-workplaces,https://www.thecbrb.ca/directory/consultants,yes,CBRB directory public listing
Qualimet,+17804695870,Consultants,"Engineering consultant Edmonton, AB",,,https://www.thecbrb.ca/directory/consultants/best-businesses-in-canada-2022-qualimet,https://www.thecbrb.ca/directory/consultants,yes,CBRB directory public listing
YYC Tech Consulting,+15873183355,Consultants,"Business management consultant Calgary, AB",,,https://www.thecbrb.ca/directory/consultants/best-businesses-in-canada-2022-yyc-tech-consulting,https://www.thecbrb.ca/directory/consultants,yes,CBRB directory public listing
Alterna Cremation Ltd.,+12048084490,Cremation Services,,"Cremation Service Winnipeg, Manitoba",,https://www.thecbrb.ca/directory/cremation-services/cbrb-best-businesses-in-canada-2024-alterna-cremation-ltd,https://www.thecbrb.ca/directory/cremation-services,yes,CBRB directory public listing
Flambé @ Home,+17785156128,Delivery Services,,"Meal Delivery Service Kaleden, British Columbia",,https://www.thecbrb.ca/directory/delivery-services/cbrb-best-businesses-in-canada-2022-flambé-home,https://www.thecbrb.ca/directory/delivery-services,yes,CBRB directory public listing
Appleday Dental Care,+19057853439,Dental Clinics,"Dental Clinic Mississauga, ON",,,https://www.thecbrb.ca/directory/dental-clinics/cbrb-best-businesses-in-canada-appleday-dental-care,https://www.thecbrb.ca/directory/dental-clinics,yes,CBRB directory public listing
Bourquin Dental Centre,+16048596555,Dental Clinics,"Dental Centre Abbotsford, BC",,,https://www.thecbrb.ca/directory/dental-clinics/cbrb-best-businesses-in-canada-bourquin-dental-centre,https://www.thecbrb.ca/directory/dental-clinics,yes,CBRB directory public listing
DentalIS,+14167408887,Dental Clinics,"Dental Clinic Etobicoke , ON",,,https://www.thecbrb.ca/directory/dental-clinics/cbrb-best-businesses-in-canada-dentalis,https://www.thecbrb.ca/directory/dental-clinics,yes,CBRB directory public listing
Dr. David Farkouh and Friends,+14164894425,Dental Clinics,"Pediatric Dentist Toronto, ON",,,https://www.thecbrb.ca/directory/dental-clinics/cbrb-best-businesses-in-canada-dr-david-farkouh-and-friends,https://www.thecbrb.ca/directory/dental-clinics,yes,CBRB directory public listing
Dr.Kohli Dental Clinic,+17095962550,Dental Clinics,"Dental Clinic Carbonear, NL",,,https://www.thecbrb.ca/directory/dental-clinics/cbrb-best-businesses-in-canada-dr-kohli-dental-clinic,https://www.thecbrb.ca/directory/dental-clinics,yes,CBRB directory public listing
Edge Dental,+16049880377,Dental Clinics,"General & Family Dentistry North Vancouver, BC",,,https://www.thecbrb.ca/directory/dental-clinics/cbrb-best-businesses-in-canada-edge-dental,https://www.thecbrb.ca/directory/dental-clinics,yes,CBRB directory public listing
Hyland Dental Centre,+15196790808,Dental Clinics,"Dental Clinic London , ON",,,https://www.thecbrb.ca/directory/dental-clinics/cbrb-best-businesses-in-canada-hyland-dental-centre,https://www.thecbrb.ca/directory/dental-clinics,yes,CBRB directory public listing
Lougheed Family Dental,+16045537070,Dental Clinics,"Dental C linic Coquitlam, BC",,,https://www.thecbrb.ca/directory/dental-clinics/cbrb-best-businesses-in-canada-lougheed-family-dental,https://www.thecbrb.ca/directory/dental-clinics,yes,CBRB directory public listing
Oshawa Dentist,+19057256060,Dental Clinics,"Dental Clinic Oshawa, ON",,,https://www.thecbrb.ca/directory/dental-clinics/cbrb-best-businesses-in-canada-oshawa-dentist,https://www.thecbrb.ca/directory/dental-clinics,yes,CBRB directory public listing
Smilee Dental Centre,+19052270303,Dental Clinics,"Dental Clinic Thorold, ON",,,https://www.thecbrb.ca/directory/dental-clinics/cbrb-best-businesses-in-canada-smilee-dental-centre,https://www.thecbrb.ca/directory/dental-clinics,yes,CBRB directory public listing
Solo Dental Centre,+16042997656,Dental Clinics,"Dental Clinic Burnaby, BC",,,https://www.thecbrb.ca/directory/dental-clinics/cbrb-best-businesses-in-canada-solo-dental-centre,https://www.thecbrb.ca/directory/dental-clinics,yes,CBRB directory public listing
Stonegate Dental,+15198220800,Dental Clinics,"Dental Clinic Guelph , ON",,,https://www.thecbrb.ca/directory/dental-clinics/cbrb-best-businesses-in-canada-stonegate-dental,https://www.thecbrb.ca/directory/dental-clinics,yes,CBRB directory public listing
Westoak Dental Centre,+19058253336,Dental Clinics,,"Dental Clinic Oakville, Ontario",,https://www.thecbrb.ca/directory/dental-clinics/cbrb-best-businesses-in-canada-westoak-dental-centre,https://www.thecbrb.ca/directory/dental-clinics,yes,CBRB directory public listing
Alba Dental Centre,+15197772020,Dental Clinics,"Dental Clinic London , ON",,,https://www.thecbrb.ca/directory/dental-clinics/cbrb-best-businesses-in-canada-2024-alba-dental-centre,https://www.thecbrb.ca/directory/dental-clinics,yes,CBRB directory public listing
Apple Tree Dental,+15196411411,Dental Clinics,"Dental Clinic London , ON",,,https://www.thecbrb.ca/directory/dental-clinics/cbrb-best-businesses-in-canada-2022-apple-tree-dental,https://www.thecbrb.ca/directory/dental-clinics,yes,CBRB directory public listing
Aqua Dental,+16138255000,Dental Clinics,"General Dentist Ottawa , ON",,,https://www.thecbrb.ca/directory/dental-clinics/best-businesses-in-canada-2021-aqua-dental,https://www.thecbrb.ca/directory/dental-clinics,yes,CBRB directory public listing
Aqua Dental Wellness,+12046633423,Dental Clinics,"Dental Clinic Winnipeg , MB",,,https://www.thecbrb.ca/directory/dental-clinics/best-businesses-in-canada-2021-aqua-dental-wellness,https://www.thecbrb.ca/directory/dental-clinics,yes,CBRB directory public listing
Aurora Dental Clinic,+17807917737,Dental Clinics,"Dentist Fort McMurray, AB",,,https://www.thecbrb.ca/directory/dental-clinics/cbrb-best-businesses-in-canada-2023-aurora-dental-clinic,https://www.thecbrb.ca/directory/dental-clinics,yes,CBRB directory public listing
Beddington Dental Clinic,+14032754000,Dental Clinics,"Dentist Calgary, AB",,,https://www.thecbrb.ca/directory/dental-clinics/best-businesses-in-canada-2022-beddington-dental-clinic,https://www.thecbrb.ca/directory/dental-clinics,yes,CBRB directory public listing
Bisson Dentistry,+15198213561,Dental Clinics,"Dentist Guelph , ON",,,https://www.thecbrb.ca/directory/dental-clinics/best-businesses-in-canada-2022-bisson-dentistry,https://www.thecbrb.ca/directory/dental-clinics,yes,CBRB directory public listing
Champion Dental Hygiene,+15195751455,Dental Clinics,"Dental hygienist Kitchener, ON",,,https://www.thecbrb.ca/directory/dental-clinics/best-businesses-in-canada-2022-champion-dental-hygiene,https://www.thecbrb.ca/directory/dental-clinics,yes,CBRB directory public listing
Crystalline Dental,+19053030700,Dental Clinics,"Dental Clinic Vaughan, ON",,,https://www.thecbrb.ca/directory/dental-clinics/cbrb-best-businesses-in-canada-2024-crystalline-dental,https://www.thecbrb.ca/directory/dental-clinics,yes,CBRB directory public listing
Dental Centre @ The Royal Bank Plaza,+14163627400,Dental Clinics,"Dental Centre Toronto, ON",,,https://www.thecbrb.ca/directory/dental-clinics/cbrb-best-businesses-in-canada-2023-dental-centre-the-royal-bank-plaza,https://www.thecbrb.ca/directory/dental-clinics,yes,CBRB directory public listing
Dentistry@Cornwall,+16139330030,Dental Clinics,"Dental Office Cornwall, ON",,,https://www.thecbrb.ca/directory/dental-clinics/cbrb-best-businesses-in-canada-2024-dentistrycornwall,https://www.thecbrb.ca/directory/dental-clinics,yes,CBRB directory public listing
Dentist At False Creek Olympic Village,+16045597270,Dental Clinics,"Dentist Vancouver, BC",,,https://www.thecbrb.ca/directory/dental-clinics/best-businesses-in-canada-2022-dentist-at-false-creek-olympic-village,https://www.thecbrb.ca/directory/dental-clinics,yes,CBRB directory public listing
Dentistry While You Dream,+15194742400,Dental Clinics,"Dentist London , ON",,,https://www.thecbrb.ca/directory/dental-clinics/best-businesses-in-canada-2022-dentistry-while-you-dream,https://www.thecbrb.ca/directory/dental-clinics,yes,CBRB directory public listing
Dr. Andrew Tsandelis,+15197489200,Dental Clinics,"Dentist Kitchener, ON",,,https://www.thecbrb.ca/directory/dental-clinics/best-businesses-in-canada-2021-dr-andrew-tsandelis,https://www.thecbrb.ca/directory/dental-clinics,yes,CBRB directory public listing
Dr. Jacques L. Cormier Professional Corp.,+15065329546,Dental Clinics,"General Dentistry Shediac, NB",,,https://www.thecbrb.ca/directory/dental-clinics/cbrb-best-businesses-in-canada-2024-dr-jacques-l-cormier,https://www.thecbrb.ca/directory/dental-clinics,yes,CBRB directory public listing
Dr. Mark Richardson Dental,+15194731955,Dental Clinics,"Dentist London, ON",,,https://www.thecbrb.ca/directory/dental-clinics/cbrb-best-businesses-in-canada-2023-dr-mark-richardson-dental,https://www.thecbrb.ca/directory/dental-clinics,yes,CBRB directory public listing
Eid Dental Clinic,+15196670777,Dental Clinics,"Dental Clinic London , ON",,,https://www.thecbrb.ca/directory/dental-clinics/cbrb-best-businesses-in-canada-2023-eid-dental-clinic,https://www.thecbrb.ca/directory/dental-clinics,yes,CBRB directory public listing
Glenwood Dental Care,+17807842481,Dental Clinics,"Dental Clinic Edmonton , AB",,,https://www.thecbrb.ca/directory/dental-clinics/cbrb-best-businesses-in-canada-2023-glenwood-dental-care,https://www.thecbrb.ca/directory/dental-clinics,yes,CBRB directory public listing
Huntington Family Dental,+15873162994,Dental Clinics,"Family Dentistry Calgary , AB",,,https://www.thecbrb.ca/directory/dental-clinics/cbrb-best-businesses-in-canada-2023-huntington-family-dental,https://www.thecbrb.ca/directory/dental-clinics,yes,CBRB directory public listing
Image Dental,+14032173100,Dental Clinics,"Dentist Calgary , AB",,https://imagedentalcalgary.ca/,https://www.thecbrb.ca/directory/dental-clinics/best-businesses-in-canada-2022-image-dental,https://www.thecbrb.ca/directory/dental-clinics,yes,CBRB directory public listing
Ivory Dental Laboratory,+16132161111,Dental Clinics,"Dental Laboratory Ottawa, ON",,,https://www.thecbrb.ca/directory/dental-clinics/cbrb-best-businesses-in-canada-ivory-dental-laboratory,https://www.thecbrb.ca/directory/dental-clinics,yes,CBRB directory public listing
KMA Dental,+16135487963,Dental Clinics,"Dentist Kingston, ON",,,https://www.thecbrb.ca/directory/dental-clinics/cbrb-best-businesses-in-canada-2022-kma-dental,https://www.thecbrb.ca/directory/dental-clinics,yes,CBRB directory public listing
Krystal Dental Hygiene,+17788557790,Dental Clinics,"Dental Hygienist Vancouver, BC",,,https://www.thecbrb.ca/directory/dental-clinics/cbrb-best-businesses-in-canada-2023-krystal-dental-hygiene,https://www.thecbrb.ca/directory/dental-clinics,yes,CBRB directory public listing
Lumi’s Dental Hygiene Care,+12264445001,Dental Clinics,Dental Hygienist Kitchener . ON,,,https://www.thecbrb.ca/directory/dental-clinics/best-businesses-in-canada-2021-lumis-dental-hygiene-care,https://www.thecbrb.ca/directory/dental-clinics,yes,CBRB directory public listing
Love It Dental,+17787384088,Dental Clinics,"Dental Clinic Kelowna, BC",,,https://www.thecbrb.ca/directory/dental-clinics/cbrb-best-businesses-in-canada-2023-love-it-dental,https://www.thecbrb.ca/directory/dental-clinics,yes,CBRB directory public listing
Mehan Dental,+15196225444,Dental Clinics,"Dentist Cambridge, ON",,,https://www.thecbrb.ca/directory/dental-clinics/cbrb-best-businesses-in-canada-2023-mehan-dental,https://www.thecbrb.ca/directory/dental-clinics,yes,CBRB directory public listing
OTTAWA SEDATION DENTAL,+16132253564,Dental Clinics,"General and Sedation Dentistry Ottawa, ON",,,https://www.thecbrb.ca/directory/dental-clinics/cbrb-best-businesses-in-canada-2024-ottawa-sedation-dental,https://www.thecbrb.ca/directory/dental-clinics,yes,CBRB directory public listing
Oxford Oral & Maxillofacial Surgery Centre,+15192042080,Dental Clinics,"Dental clinic London, ON",,,https://www.thecbrb.ca/directory/dental-clinics/cbrb-best-businesses-in-canada-2024-oxford-oral-maxillofacial-surgery-c,https://www.thecbrb.ca/directory/dental-clinics,yes,CBRB directory public listing
Parkview Dental & Dental Implant Centre,+16044381555,Dental Clinics,"Dentist Vancouver, BC",,,https://www.thecbrb.ca/directory/dental-clinics/best-businesses-in-canada-2022-parkview-dental-dental-implant-centre,https://www.thecbrb.ca/directory/dental-clinics,yes,CBRB directory public listing
Park Lawn Smiles Dental,+16476975701,Dental Clinics,"Dental Clinic Toronto, ON",,,https://www.thecbrb.ca/directory/dental-clinics/cbrb-best-businesses-in-canada-park-lawn-smiles-dental,https://www.thecbrb.ca/directory/dental-clinics,yes,CBRB directory public listing
Retter Dental Care,+15144889579,Dental Clinics,,"Dentist Montreal, Quebec",,https://www.thecbrb.ca/directory/dental-clinics/cbrb-best-businesses-in-canada-2023-retter-dental-care,https://www.thecbrb.ca/directory/dental-clinics,yes,CBRB directory public listing
Sharing Smiles Dental,+14165007250,Dental Clinics,"Dental Clinic Mississauga, ON",,,https://www.thecbrb.ca/directory/dental-clinics/best-businesses-in-canada-2022-sharing-smiles-dental,https://www.thecbrb.ca/directory/dental-clinics,yes,CBRB directory public listing
Sundance Dental,+14032562727,Dental Clinics,"Dentist Calgary, AB",,,https://www.thecbrb.ca/directory/dental-clinics/cbrb-best-businesses-in-canada-2024-sundance-dental,https://www.thecbrb.ca/directory/dental-clinics,yes,CBRB directory public listing
Sunny Dental Clinic,+16473507869,Dental Clinics,"Dental Clinic Toronto , ON",,,https://www.thecbrb.ca/directory/dental-clinics/best-businesses-in-canada-2022-sunny-dental-clinic,https://www.thecbrb.ca/directory/dental-clinics,yes,CBRB directory public listing
West Airdrie Dental,+14039800404,Dental Clinics,"Dentist Airdrie, AB",,,https://www.thecbrb.ca/directory/dental-clinics/best-businesses-in-canada-2022-west-airdrie-dental,https://www.thecbrb.ca/directory/dental-clinics,yes,CBRB directory public listing
Yukon Denture Clinic,+18676682510,Dental Clinics,"Denture Care Center Whitehorse, YT",,,https://www.thecbrb.ca/directory/dental-clinics/cbrb-best-businesses-in-canada-2023-yukon-denture-clinic,https://www.thecbrb.ca/directory/dental-clinics,yes,CBRB directory public listing
Adamo Import Limited,+14162425575,Distribution Services,,"Import & Distribution Company Toronto, Ontario",,https://www.thecbrb.ca/directory/distribution-services/cbrb-best-businesses-in-canada-2023-adamo-import-limited,https://www.thecbrb.ca/directory/distribution-services,yes,CBRB directory public listing
Distributions Marie-Jeanne,+14186190541,Distribution Services,Distribution Services Lé,"vis, Quebec",,https://www.thecbrb.ca/directory/distribution-services/cbrb-best-businesses-in-canada-2023-distributions-marie-jeanne,https://www.thecbrb.ca/directory/distribution-services,yes,CBRB directory public listing
Disco Mobile P.G. Party,+18196790732,DJ Services,,"Services de DJ Sherbrooke, Québec",,https://www.thecbrb.ca/directory/dj-services/cbrb-best-businesses-in-canada-disco-mobile-p-g-party,https://www.thecbrb.ca/directory/dj-services,yes,CBRB directory public listing
DJ Vixen,+14165607397,DJ Services,DJ service GTA and Surrounding Areas,,https://www.facebook.com/DJ-Vixen,https://www.thecbrb.ca/directory/dj-services/best-businesses-in-canada-2021-dj-vixen,https://www.thecbrb.ca/directory/dj-services,yes,CBRB directory public listing
JASON'S DJ SERVICE,+19055447903,DJ Services,"DJ service Hamilton, ON",,,https://www.thecbrb.ca/directory/dj-services/best-businesses-in-canada-2021-jasons-dj-service,https://www.thecbrb.ca/directory/dj-services,yes,CBRB directory public listing
Mobile Vibe Productions,+17058901849,DJ Services,,"DJ Services & Photobooths New Tecumseth, Ontario",,https://www.thecbrb.ca/directory/dj-services/cbrb-best-businesses-in-canada-mobile-vibe-productions,https://www.thecbrb.ca/directory/dj-services,yes,CBRB directory public listing
Roadshow Collectibles,+14168939027,E-Commerce Services,,"E-commerce Service Toronto, Ontario",,https://www.thecbrb.ca/directory/e-commerce-services/best-businesses-in-canada-2021-roadshow-collectibles,https://www.thecbrb.ca/directory/e-commerce-services,yes,CBRB directory public listing
David Lopinski Electric LTD.,+19056438800,Electricians,"Electrician Hamilton, ON",,http://dlopinskielectric.com/,https://www.thecbrb.ca/directory/electricians/cbrb-best-businesses-in-canada-david-lopinski-electric-ltd,https://www.thecbrb.ca/directory/electricians,yes,CBRB directory public listing
G.T. Mobile Electric Ltd.,+14167175878,Electricians,"Electrical Contractor Scarborough, ON",,,https://www.thecbrb.ca/directory/electricians/cbrb-best-businesses-in-canada-g-t-mobile-electric-ltd,https://www.thecbrb.ca/directory/electricians,yes,CBRB directory public listing
iElectrik,+15145742228,Electricians,"Electrician Laval, QC",,,https://www.thecbrb.ca/directory/electricians/cbrb-best-businesses-in-canada-ielectrik,https://www.thecbrb.ca/directory/electricians,yes,CBRB directory public listing
Ontario Electrical Group Inc.,+14168996600,Electricians,"Electrician Toronto, ON",,,https://www.thecbrb.ca/directory/electricians/cbrb-best-businesses-in-canada-ontario-electrical-group-inc,https://www.thecbrb.ca/directory/electricians,yes,CBRB directory public listing
SKS Electrical Ltd,+14038698890,Electricians,,"Electrical Contractor Calgary, Alberta",,https://www.thecbrb.ca/directory/electricians/cbrb-best-businesses-in-canada-sks-electrical-ltd,https://www.thecbrb.ca/directory/electricians,yes,CBRB directory public listing
Absolutely Electrical,+12507046808,Electricians,"Electrician Victoria, BC",,,https://www.thecbrb.ca/directory/electricians/best-businesses-in-canada-2021-absolutely-electrical,https://www.thecbrb.ca/directory/electricians,yes,CBRB directory public listing
Brisk Electric Ltd,+16138756216,Electricians,"Electrical Contractor Ottawa, ON",,,https://www.thecbrb.ca/directory/electricians/cbrb-best-businesses-in-canada-2023-brisk-electric-ltd,https://www.thecbrb.ca/directory/electricians,yes,CBRB directory public listing
Crown Electric Ltd.,+19058472804,Electricians,"Electrician Oakville, ON",,,https://www.thecbrb.ca/directory/electricians/cbrb-best-businesses-in-canada-2024-crown-electric-ltd,https://www.thecbrb.ca/directory/electricians,yes,CBRB directory public listing
Cox Electric,+14035630428,Electricians,"Electrician Coleman ,AB",,,https://www.thecbrb.ca/directory/electricians/best-businesses-in-canada-2021-cox-electric,https://www.thecbrb.ca/directory/electricians,yes,CBRB directory public listing
Dion Électrique,+15147783711,Electricians,"Electrician Saint-Philippe, QC",,,https://www.thecbrb.ca/directory/electricians/cbrb-best-businesses-in-canada-2024-dion-électrique,https://www.thecbrb.ca/directory/electricians,yes,CBRB directory public listing
Eclipse Electrical Services LTD,+14168387519,Electricians,"Electrician Mississauga, ON",,,https://www.thecbrb.ca/directory/electricians/best-businesses-in-canada-2021-eclipse-electrical-services-ltd,https://www.thecbrb.ca/directory/electricians,yes,CBRB directory public listing
Evolta Electric,+16139022386,Electricians,"Electrical Contractor Ottawa, ON",,,https://www.thecbrb.ca/directory/electricians/cbrb-best-businesses-in-canada-2022-evolta-electric,https://www.thecbrb.ca/directory/electricians,yes,CBRB directory public listing
Expert Electric Ltd.,+16046818338,Electricians,Electrical Services & Repair Company British Columbia,,https://www.expertelectric.ca/,https://www.thecbrb.ca/directory/electricians/cbrb-best-businesses-in-canada-2023-expert-electric-ltd,https://www.thecbrb.ca/directory/electricians,yes,CBRB directory public listing
Hotwire Power Group,+14165535533,Electricians,"Electrician Richmond Hill, ON",,,https://www.thecbrb.ca/directory/electricians/best-businesses-in-canada-2022-hotwire-power-group,https://www.thecbrb.ca/directory/electricians,yes,CBRB directory public listing
Ivy League Electric Inc.,+19056353919,Electricians,"Electrician Burlington, ON",,,https://www.thecbrb.ca/directory/electricians/best-businesses-in-canada-2021-ivy-league-electric-inc,https://www.thecbrb.ca/directory/electricians,yes,CBRB directory public listing
Jeannot Electric,+13064349112,Electricians,"Electrician Moosomin, SK",,,https://www.thecbrb.ca/directory/electricians/best-businesses-in-canada-2022-jeannot-electric,https://www.thecbrb.ca/directory/electricians,yes,CBRB directory public listing
Klos Concepts Ltd.,+14162747076,Electricians,,"Electrician Toronto, Ontario",,https://www.thecbrb.ca/directory/electricians/best-businesses-in-canada-2021-klos-concepts-ltd,https://www.thecbrb.ca/directory/electricians,yes,CBRB directory public listing
Les entreprises Keb Inc.,+14186557481,Electricians,Electrician Lé,"vis, Quebec",,https://www.thecbrb.ca/directory/electricians/best-businesses-in-canada-2022-les-entreprises-keb-inc,https://www.thecbrb.ca/directory/electricians,yes,CBRB directory public listing
New Age Electrical Services,+19028176243,Electricians,"Electrical Service Halifax, NS",,,https://www.thecbrb.ca/directory/electricians/best-businesses-in-canada-2021-new-age-electrical-services,https://www.thecbrb.ca/directory/electricians,yes,CBRB directory public listing
Master In Electric,+19059512709,Electricians,"Electrician Bolton ,ON",,,https://www.thecbrb.ca/directory/electricians/best-businesses-in-canada-2022-master-in-electric,https://www.thecbrb.ca/directory/electricians,yes,CBRB directory public listing
Mr. Electric of GTA West,+18664324865,Electricians,"Electrician Mississauga ,ON",,,https://www.thecbrb.ca/directory/electricians/best-businesses-in-canada-2021-mr-electric-of-gta-west,https://www.thecbrb.ca/directory/electricians,yes,CBRB directory public listing
Raymond Electrical Solutions Ltd.,+17787102558,Electricians,"Electrical Contractor Maple Ridge, BC",,,https://www.thecbrb.ca/directory/electricians/cbrb-best-businesses-in-canada-2023-raymond-electrical-solutions-ltd,https://www.thecbrb.ca/directory/electricians,yes,CBRB directory public listing
R&H Electric,+16472589557,Electricians,"Electrical Services Mississauga, ON",,,https://www.thecbrb.ca/directory/electricians/cbrb-best-businesses-in-canada-2023-rh-electric,https://www.thecbrb.ca/directory/electricians,yes,CBRB directory public listing
Salco Lighting & Electrical Inc,+14162209983,Electricians,"Electrician Vaughan, ON",,,https://www.thecbrb.ca/directory/electricians/best-businesses-in-canada-2021-salco-lighting-electrical-inc,https://www.thecbrb.ca/directory/electricians,yes,CBRB directory public listing
Metalmark Engraving Services,+17804306355,Engraving Services,,"Engraving Services Edmonton, Alberta",,https://www.thecbrb.ca/directory/engraving-services/cbrb-best-businesses-in-canada-metalmark-engraving-services,https://www.thecbrb.ca/directory/engraving-services,yes,CBRB directory public listing
Bassett Events Inc,+14166164660,Event Planners,,"Event Planner Toronto , Ontario",,https://www.thecbrb.ca/directory/event-planners/best-businesses-in-canada-2021-bassett-events-inc,https://www.thecbrb.ca/directory/event-planners,yes,CBRB directory public listing
Creative Mind Box Weddings and Events,+14164718242,Event Planners,,"Event Planner Oakville , Ontario",,https://www.thecbrb.ca/directory/event-planners/cbrb-best-businesses-in-canada-2023-creative-mind-box-weddings-and-events,https://www.thecbrb.ca/directory/event-planners,yes,CBRB directory public listing
Event Shoppe by Alyssa & Co.,+19057609098,Event Planners,"Event Planning,","Design and Rentals Concord, Ontario",,https://www.thecbrb.ca/directory/event-planners/cbrb-best-businesses-in-canada-2023-event-shoppe-by-alyssa-co,https://www.thecbrb.ca/directory/event-planners,yes,CBRB directory public listing
High Style Events,+14035125171,Event Planners,,"Event Planner Calgary, Alberta",,https://www.thecbrb.ca/directory/event-planners/best-businesses-in-canada-2021-high-style-events,https://www.thecbrb.ca/directory/event-planners,yes,CBRB directory public listing
LUX GROUP CORP,+14039300175,Excavation Contractors,,"Maintenance Services/Snow Removal in Calgary, Alberta",,https://www.thecbrb.ca/directory/excavation-contractors/cbrb-best-businesses-in-canada-2024-lux-group-corp,https://www.thecbrb.ca/directory/excavation-contractors,yes,CBRB directory public listing
Rough Rock Contracting,+12502687871,Excavation Contractors,"Excavations Contractor and Rock Specialist Nanoose Bay, BC",,,https://www.thecbrb.ca/directory/excavation-contractors/best-businesses-in-canada-2022-rough-rock-contracting,https://www.thecbrb.ca/directory/excavation-contractors,yes,CBRB directory public listing
Bisti Money Service,+15142843030,Financial Services Providers,,"Foreign Exchange & International Payment Services Montreal, Quebec",,https://www.thecbrb.ca/directory/financial-services-providers/cbrb-best-businesses-in-canada-bisti-money-service,https://www.thecbrb.ca/directory/financial-services-providers,yes,CBRB directory public listing
Capital Direct Lending Corp,+16044301498,Financial Services Providers,,"Investments & Financial Services Vancouver, British Columbia",,https://www.thecbrb.ca/directory/financial-services-providers/cbrb-best-businesses-in-canada-capital-direct-lending-corp,https://www.thecbrb.ca/directory/financial-services-providers,yes,CBRB directory public listing
Credit Club Inc.,+18668251164,Financial Services Providers,,"Direct Online Lender Ottawa, Ontario",,https://www.thecbrb.ca/directory/financial-services-providers/cbrb-best-businesses-in-canada-credit-club-inc,https://www.thecbrb.ca/directory/financial-services-providers,yes,CBRB directory public listing
Experior Financial Group Inc.,+18889090696,Financial Services Providers,,"Financial Services Guelph, Ontario",,https://www.thecbrb.ca/directory/financial-services-providers/cbrb-best-businesses-in-canada-experior-financial-group-inc,https://www.thecbrb.ca/directory/financial-services-providers,yes,CBRB directory public listing
Equis Capital Finance,+19053057804,Financial Services Providers,,"Commercial Finance Firm Markham , Ontario",,https://www.thecbrb.ca/directory/financial-services-providers/cbrb-best-businesses-in-canada-equis-capital-finance,https://www.thecbrb.ca/directory/financial-services-providers,yes,CBRB directory public listing
Flip My Life Inc.,+19057707350,Financial Services Providers,,"Financial Planner Richmond Hill, Ontario",,https://www.thecbrb.ca/directory/financial-services-providers/cbrb-best-businesses-in-canada-flip-my-life-inc,https://www.thecbrb.ca/directory/financial-services-providers,yes,CBRB directory public listing
Groupe Financier Stratège,+14186284500,Financial Services Providers,Firme de Services Financiers Qué,"bec City, Québec",,https://www.thecbrb.ca/directory/financial-services-providers/cbrb-best-businesses-in-canada-groupe-financier-stratège,https://www.thecbrb.ca/directory/financial-services-providers,yes,CBRB directory public listing
Stellar Wealth Group,+18883092309,Financial Services Providers,Financial Planning Firm Canada,,,https://www.thecbrb.ca/directory/financial-services-providers/cbrb-best-businesses-in-canada-stellar-wealth-group,https://www.thecbrb.ca/directory/financial-services-providers,yes,CBRB directory public listing
Usolve Financial,+19054532274,Financial Services Providers,,"Loan Agency Brampton, Ontario",,https://www.thecbrb.ca/directory/financial-services-providers/cbrb-best-businesses-in-canada-usolve-financial,https://www.thecbrb.ca/directory/financial-services-providers,yes,CBRB directory public listing
Wealth & Estate Financial Canada Inc.,+19052329332,Financial Services Providers,,"Financial Planning Firm Mississauga, Ontario",,https://www.thecbrb.ca/directory/financial-services-providers/cbrb-best-businesses-in-canada-wealth-estate-financial-canada-inc,https://www.thecbrb.ca/directory/financial-services-providers,yes,CBRB directory public listing
123 Tax Pro,+14167630037,Financial Services Providers,"Tax Preparation,","Bookkeeping and Accounting North York, Ontario",,https://www.thecbrb.ca/directory/financial-services-providers/cbrb-best-businesses-in-canada-123-tax-pro,https://www.thecbrb.ca/directory/financial-services-providers,yes,CBRB directory public listing
A. Fisher & Associates,+14168420040,Financial Services Providers,,"Financial Institution Toronto, Ontario",,https://www.thecbrb.ca/directory/financial-services-providers/cbrb-best-businesses-in-canada-2023-a-fisher-associates,https://www.thecbrb.ca/directory/financial-services-providers,yes,CBRB directory public listing
Advantage Financial Services,+14033819195,Financial Services Providers,,"Financial Services/Portfolio Management Lethbridge, Alberta",,https://www.thecbrb.ca/directory/financial-services-providers/cbrb-best-businesses-in-canada-2023-advantage-financial-services,https://www.thecbrb.ca/directory/financial-services-providers,yes,CBRB directory public listing
Affordable Accounting Solutions,+14035613697,Financial Services Providers,,"Tax preparation service Calgary, Alberta",http://gettaxes.ca/,https://www.thecbrb.ca/directory/financial-services-providers/best-businesses-in-canada-2021-affordable-accounting-solutions,https://www.thecbrb.ca/directory/financial-services-providers,yes,CBRB directory public listing
AvoidProbate.ca,+18446677628,Financial Services Providers,,"Estate planning attorney East Gwillimbury, Ontario",,https://www.thecbrb.ca/directory/financial-services-providers/best-businesses-in-canada-2021-avoidprobate-ca,https://www.thecbrb.ca/directory/financial-services-providers,yes,CBRB directory public listing
Better Financial,+15194381889,Financial Services Providers,,"Financial consultant London, Ontario",,https://www.thecbrb.ca/directory/financial-services-providers/best-businesses-in-canada-2021-better-financial,https://www.thecbrb.ca/directory/financial-services-providers,yes,CBRB directory public listing
Blue Umbrella Financial Services,+16472774433,Financial Services Providers,,"Life insurance agency Toronto, Ontario",,https://www.thecbrb.ca/directory/financial-services-providers/best-businesses-in-canada-2022-blue-umbrella-financial-services,https://www.thecbrb.ca/directory/financial-services-providers,yes,CBRB directory public listing
Bookkeeping Bizz,+16478660733,Financial Services Providers,,"Accounting firm Toronto, Ontario",http://www.bookkeepingbizz.com/,https://www.thecbrb.ca/directory/financial-services-providers/best-businesses-in-canada-2021-bookkeeping-bizz,https://www.thecbrb.ca/directory/financial-services-providers,yes,CBRB directory public listing
Book Nerds Bookkeeping & Business Solutions,+17803800085,Financial Services Providers,,"Bookkeeping and Office Solutions Grande Prairie, Alberta",,https://www.thecbrb.ca/directory/financial-services-providers/best-businesses-in-canada-2022-book-nerds-bookkeeping-business-solutions,https://www.thecbrb.ca/directory/financial-services-providers,yes,CBRB directory public listing
CG Accounting & Bookkeeping Inc,+12893891749,Financial Services Providers,,"Bookkeeping service Hamilton, Ontario",,https://www.thecbrb.ca/directory/financial-services-providers/best-businesses-in-canada-2022-cg-accounting-bookkeeping-inc,https://www.thecbrb.ca/directory/financial-services-providers,yes,CBRB directory public listing
CIK Capital Corp,+19055985626,Financial Services Providers,,"Financial I nstitution Toronto, Ontario",,https://www.thecbrb.ca/directory/financial-services-providers/cbrb-best-businesses-in-canada-cik-capital-corp,https://www.thecbrb.ca/directory/financial-services-providers,yes,CBRB directory public listing
Financial Services - Serguei Totrov,+14162220533,Financial Services Providers,"Mortgage, Insurance, Investment, RRSP,","RESP Services Toronto, Ontario",,https://www.thecbrb.ca/directory/financial-services-providers/cbrb-best-businesses-in-canada-2024-financial-services-serguei-totrov,https://www.thecbrb.ca/directory/financial-services-providers,yes,CBRB directory public listing
Ghion Tax and Accounting,+16047154659,Financial Services Providers,,"Tax preparation Surrey, British Columbia",https://www.ghionaccounting.com/,https://www.thecbrb.ca/directory/financial-services-providers/best-businesses-in-canada-2022-ghion-tax-and-accounting,https://www.thecbrb.ca/directory/financial-services-providers,yes,CBRB directory public listing
iCapital Financial Services,+14162517070,Financial Services Providers,,"Loan agency Toronto, Ontario",,https://www.thecbrb.ca/directory/financial-services-providers/best-businesses-in-canada-2021-icapital-financial-services,https://www.thecbrb.ca/directory/financial-services-providers,yes,CBRB directory public listing
iFinance Canada \ Medicard by iFinance,+18886899876,Financial Services Providers,,"Finance Company Toronto, Ontario",https://ifinancecanada.com/,https://www.thecbrb.ca/directory/financial-services-providers/cbrb-best-businesses-in-canada-2024-ifinance-canada-medicard-by-ifinance,https://www.thecbrb.ca/directory/financial-services-providers,yes,CBRB directory public listing
Keeping the Books Inc.,+12898387481,Financial Services Providers,,"Bookkeeping Service Cambridge, Ontario",,https://www.thecbrb.ca/directory/financial-services-providers/best-businesses-in-canada-2022-keeping-the-books-inc,https://www.thecbrb.ca/directory/financial-services-providers,yes,CBRB directory public listing
Kalos LLP I Transactions Diligence Advisory,+14034540807,Financial Services Providers,,"Chartered Professional Accountants Calgary, Alberta",,https://www.thecbrb.ca/directory/financial-services-providers/best-businesses-in-canada-2021-kalos-llp-i-transactions-diligence-advisor,https://www.thecbrb.ca/directory/financial-services-providers,yes,CBRB directory public listing
K.K. CPA - Chartered Professional Accountant,+19056671727,Financial Services Providers,,"Certified Public Accountant Hamilton, Ontario",,https://www.thecbrb.ca/directory/financial-services-providers/cbrb-best-businesses-in-canada-2023-k-k-cpa,https://www.thecbrb.ca/directory/financial-services-providers,yes,CBRB directory public listing
KNN Financial Corporation,+14164943334,Financial Services Providers,,"Financial Firm Toronto, Ontario",,https://www.thecbrb.ca/directory/financial-services-providers/cbrb-best-businesses-in-canada-2023-knn-financial-corporation,https://www.thecbrb.ca/directory/financial-services-providers,yes,CBRB directory public listing
LaBrie Professional Services,+17804694402,Financial Services Providers,,"Bookkeeping service Edmonton, Alberta",,https://www.thecbrb.ca/directory/financial-services-providers/best-businesses-in-canada-2022-labrie-professional-services,https://www.thecbrb.ca/directory/financial-services-providers,yes,CBRB directory public listing
Magic Accounting & Tax Services,+16478474909,Financial Services Providers,,"Accounting firm Richmond Hill, Ontario",,https://www.thecbrb.ca/directory/financial-services-providers/best-businesses-in-canada-2021-magic-accounting-tax-services,https://www.thecbrb.ca/directory/financial-services-providers,yes,CBRB directory public listing
Mandy's Accounting & Income Tax,+12505543415,Financial Services Providers,,"Accounting and Personal Income Tax Preparation Kamloops, British Columbia",,https://www.thecbrb.ca/directory/financial-services-providers/cbrb-best-businesses-in-canada-mandys-accounting-income-tax,https://www.thecbrb.ca/directory/financial-services-providers,yes,CBRB directory public listing
MNM Bookkeeping Services Inc,+19052380779,Financial Services Providers,,"Bookkeeping service Mississauga, Ontario",,https://www.thecbrb.ca/directory/financial-services-providers/best-businesses-in-canada-2021-mnm-bookkeeping-services-inc,https://www.thecbrb.ca/directory/financial-services-providers,yes,CBRB directory public listing
MPCPA Professional Corporation,+19052461267,Financial Services Providers,,"Accounting Firm Brampton, Ontario",,https://www.thecbrb.ca/directory/financial-services-providers/cbrb-best-businesses-in-canada-2024-mpcpa-professional-corporation,https://www.thecbrb.ca/directory/financial-services-providers,yes,CBRB directory public listing
Noah Belcher - iA Private Wealth,+16045350547,Financial Services Providers,,"Financial Consultant Surrey, British Columbia",,https://www.thecbrb.ca/directory/financial-services-providers/cbrb-best-businesses-in-canada-2023-noah-belcher-ia-private-wealth,https://www.thecbrb.ca/directory/financial-services-providers,yes,CBRB directory public listing
Northlake Financial,+18886525320,Financial Services Providers,,"Financial Institution Barrie , Ontario",,https://www.thecbrb.ca/directory/financial-services-providers/cbrb-best-businesses-in-canada-2023-northlake-financial,https://www.thecbrb.ca/directory/financial-services-providers,yes,CBRB directory public listing
NXT Accounting & Tax Services,+17807501190,Financial Services Providers,,"Accounting Firm Fort McMurray, Alberta",,https://www.thecbrb.ca/directory/financial-services-providers/cbrb-best-businesses-in-canada-2023-nxt-accounting-tax-services,https://www.thecbrb.ca/directory/financial-services-providers,yes,CBRB directory public listing
Onpoint Financial Tutors,+14373411177,Financial Services Providers,,"Financial License Coaching Vaughan, Ontario",https://opft.ca/,https://www.thecbrb.ca/directory/financial-services-providers/cbrb-best-businesses-in-canada-2022-onpoint-financial-tutors,https://www.thecbrb.ca/directory/financial-services-providers,yes,CBRB directory public listing
Outline Unicorn,+16138547844,Financial Services Providers,,"Bookkeeping Service Ottawa, Ontario",,https://www.thecbrb.ca/directory/financial-services-providers/cbrb-best-businesses-in-canada-2024-outline-unicorn,https://www.thecbrb.ca/directory/financial-services-providers,yes,CBRB directory public listing
Patncat Co Inc.,+19055318102,Financial Services Providers,,"Bookkeeping Service Hamilton, Ontario",,https://www.thecbrb.ca/directory/financial-services-providers/cbrb-best-businesses-in-canada-2023-patncat-co-inc,https://www.thecbrb.ca/directory/financial-services-providers,yes,CBRB directory public listing
QUEEN FINANCIAL GROUP INC.,+14168480288,Financial Services Providers,,"Financial Planner Markham, Ontario",,https://www.thecbrb.ca/directory/financial-services-providers/cbrb-best-businesses-in-canada-2022-queen-financial-group-inc,https://www.thecbrb.ca/directory/financial-services-providers,yes,CBRB directory public listing
Rubach Wealth,+16478087700,Financial Services Providers,,"Financial Planner Toronto, Ontario",,https://www.thecbrb.ca/directory/financial-services-providers/cbrb-best-businesses-in-canada-2022-rubach-wealth,https://www.thecbrb.ca/directory/financial-services-providers,yes,CBRB directory public listing
Solid Financial Solutions Inc,+14035051882,Financial Services Providers,,"Financial Consultant Red Deer, Alberta",https://solidfinancialsolutions.ca/,https://www.thecbrb.ca/directory/financial-services-providers/cbrb-best-businesses-in-canada-2022-solid-financial-solutions-inc,https://www.thecbrb.ca/directory/financial-services-providers,yes,CBRB directory public listing
ST Accounting CPA Professional Corp,+16479270672,Financial Services Providers,,"Accountant Aurora, Ontario",,https://www.thecbrb.ca/directory/financial-services-providers/best-businesses-in-canada-2023-financial-services-st-accounting-cpa-pro,https://www.thecbrb.ca/directory/financial-services-providers,yes,CBRB directory public listing
Sun Life Financial- Serena Rohrer,+14036000300,Financial Services Providers,,"Life Insurance Agency & Mutual Fund Advisor Red Deer, Alberta",,https://www.thecbrb.ca/directory/financial-services-providers/best-businesses-in-canada-2021-sun-life-financial-serena-rohrer,https://www.thecbrb.ca/directory/financial-services-providers,yes,CBRB directory public listing
Tax Eagles,+16478774546,Financial Services Providers,Tax Preparation Service Ontario,,,https://www.thecbrb.ca/directory/financial-services-providers/cbrb-best-businesses-in-canada-2023-tax-eagles,https://www.thecbrb.ca/directory/financial-services-providers,yes,CBRB directory public listing
Tax Partners,+19058368755,Financial Services Providers,,"Tax Preparation Service Newmarket, Ontario",,https://www.thecbrb.ca/directory/financial-services-providers/best-businesses-in-canada-2021-tax-partners,https://www.thecbrb.ca/directory/financial-services-providers,yes,CBRB directory public listing
Taxsmart,+15196016401,Financial Services Providers,,"Tax Preparation Service London, Ontario",,https://www.thecbrb.ca/directory/financial-services-providers/cbrb-best-businesses-in-canada-2022-taxsmart,https://www.thecbrb.ca/directory/financial-services-providers,yes,CBRB directory public listing
Volpe Financial Solutions,+14167021017,Financial Services Providers,,"Financial Advisor Oakville, Ontario",,https://www.thecbrb.ca/directory/financial-services-providers/best-businesses-in-canada-2021-volpe-financial-solutions,https://www.thecbrb.ca/directory/financial-services-providers,yes,CBRB directory public listing
Warkentin Group Private Wealth Management,+12044142479,Financial Services Providers,,"Financial Planner Winnipeg, Manitoba",,https://www.thecbrb.ca/directory/financial-services-providers/best-businesses-in-canada-2021-warkentin-group-private-wealth-management,https://www.thecbrb.ca/directory/financial-services-providers,yes,CBRB directory public listing
Zuleta Associates Inc,+15196500559,Financial Services Providers,,"Financial and Business Services Cambridge, Ontario",,https://www.thecbrb.ca/directory/financial-services-providers/cbrb-best-businesses-in-canada-2023-zuleta-associates-inc,https://www.thecbrb.ca/directory/financial-services-providers,yes,CBRB directory public listing
Agence d'Empreintes Électroniques,+15143527774,Fingerprinting Services,,"Fingerprinting service Montreal, Quebec",,https://www.thecbrb.ca/directory/fingerprinting-services/best-businesses-in-canada-2021-agence-dempreintes-électroniques-digital,https://www.thecbrb.ca/directory/fingerprinting-services,yes,CBRB directory public listing
PDQ Notary & Process Services Inc.,+17805051187,Fingerprinting Services,,"Notary and Fingerprinting Services Grande Prairie, Alberta",,https://www.thecbrb.ca/directory/fingerprinting-services/cbrb-best-businesses-in-canada-2024-pdq-notary-process-services-inc,https://www.thecbrb.ca/directory/fingerprinting-services,yes,CBRB directory public listing
Global Golden Gate Corp.,+19057388383,Freight & Logistics Services,,"Global Freight Forwarding and Logistics Service Vaughan, Ontario",,https://www.thecbrb.ca/directory/freight-logistics-services/cbrb-best-businesses-in-canada-global-golden-gate-corp,https://www.thecbrb.ca/directory/freight-logistics-services,yes,CBRB directory public listing
SPARX Logistics Canada Limited,+19057608001,Freight & Logistics Services,,"Logistics Servic es Vaughan, Ontario",,https://www.thecbrb.ca/directory/freight-logistics-services/cbrb-best-businesses-in-canada-sparx-logistics-canada-limited,https://www.thecbrb.ca/directory/freight-logistics-services,yes,CBRB directory public listing
Sprinter Emergency Transport Inc.,+19059709229,Freight & Logistics Services,,"Expedite and Air Delivery Service Mississauga, Ontario",,https://www.thecbrb.ca/directory/freight-logistics-services/cbrb-best-businesses-in-canada-sprinter-emergency-transport-inc,https://www.thecbrb.ca/directory/freight-logistics-services,yes,CBRB directory public listing
VelocityEX Limited,+16475548359,Freight & Logistics Services,,"Pharmaceutical Transportation Solutions Burlington, Ontario",,https://www.thecbrb.ca/directory/freight-logistics-services/cbrb-best-businesses-in-canada-velocityex-limited,https://www.thecbrb.ca/directory/freight-logistics-services,yes,CBRB directory public listing
911 logistics ltd,+17786000911,Freight & Logistics Services,,"Logistics service Surrey, British Columbia",,https://www.thecbrb.ca/directory/freight-logistics-services/best-businesses-in-canada-2021-911-logistics-ltd,https://www.thecbrb.ca/directory/freight-logistics-services,yes,CBRB directory public listing
Ace Final Mile,+16472712761,Freight & Logistics Services,,"Parcel Delivery and Logistics Services London, Ontario",,https://www.thecbrb.ca/directory/freight-logistics-services/cbrb-best-businesses-in-canada-ace-final-mile,https://www.thecbrb.ca/directory/freight-logistics-services,yes,CBRB directory public listing
ACUMEN LOGISTICS LTD,+16045032912,Freight & Logistics Services,,"Logistics service Surrey, British Columbia",,https://www.thecbrb.ca/directory/freight-logistics-services/best-businesses-in-canada-2022-acumen-logistics-ltd,https://www.thecbrb.ca/directory/freight-logistics-services,yes,CBRB directory public listing
A G Logistics/www.roro.ca,+18194245141,Freight & Logistics Services,Logistics Service Québec,,,https://www.thecbrb.ca/directory/freight-logistics-services/cbrb-best-businesses-in-canada-2023-a-g-logisticswww-roro-ca,https://www.thecbrb.ca/directory/freight-logistics-services,yes,CBRB directory public listing
Antares Marine Consultants Inc.,+15142419944,Freight & Logistics Services,"Marine & Cargo Surveyors, Ship Inspection, Safety,","Security and MLC Audit Brossard, Quebec",,https://www.thecbrb.ca/directory/freight-logistics-services/best-businesses-in-canada-2022-antares-marine-consultants-inc,https://www.thecbrb.ca/directory/freight-logistics-services,yes,CBRB directory public listing
CANCS (Canada Courier Systems),+16476174500,Freight & Logistics Services,"Dedicated Courier,","Freight & Logistics Services Toronto, Ontario",https://cancs.ca/,https://www.thecbrb.ca/directory/freight-logistics-services/best-businesses-in-canada-2021-cancs-canada-courier-systems,https://www.thecbrb.ca/directory/freight-logistics-services,yes,CBRB directory public listing
CVC Sling Shot Transportation Inc.,+16045159462,Freight & Logistics Services,,"Trucking Company Delta, British Columbia",,https://www.thecbrb.ca/directory/freight-logistics-services/cbrb-best-businesses-in-canada-2024-cvc-sling-shot-transportation-inc,https://www.thecbrb.ca/directory/freight-logistics-services,yes,CBRB directory public listing
Elite Logix Inc.,+19053330400,Freight & Logistics Services,,"Logistics service Burlington, Ontario",,https://www.thecbrb.ca/directory/freight-logistics-services/best-businesses-in-canada-2021-elite-logix-inc,https://www.thecbrb.ca/directory/freight-logistics-services,yes,CBRB directory public listing
Fortuna Transport,+14502334177,Freight & Logistics Services,,"Transportation Service Laval, Quebec",,https://www.thecbrb.ca/directory/freight-logistics-services/best-businesses-in-canada-2022-fortuna-transport,https://www.thecbrb.ca/directory/freight-logistics-services,yes,CBRB directory public listing
Loneridge Services Ltd.,+13062298490,Freight & Logistics Services,,"Trucking Company Saskatoon, Saskatchewan",,https://www.thecbrb.ca/directory/freight-logistics-services/cbrb-best-businesses-in-canada-2023-loneridge-services-ltd,https://www.thecbrb.ca/directory/freight-logistics-services,yes,CBRB directory public listing
National Transport,+15146335444,Freight & Logistics Services,,"Transportation Services Dorval, Quebec",https://www.nationaltrans.ca/index.php,https://www.thecbrb.ca/directory/freight-logistics-services/cbrb-best-businesses-in-canada-2024-national-transport,https://www.thecbrb.ca/directory/freight-logistics-services,yes,CBRB directory public listing
Phantom Logistics,+19024030112,Freight & Logistics Services,,"Logistics and Transportation Halifax, Nova Scotia",,https://www.thecbrb.ca/directory/freight-logistics-services/cbrb-best-businesses-in-canada-2024-phantom-logistics,https://www.thecbrb.ca/directory/freight-logistics-services,yes,CBRB directory public listing
Reliance Logistics Group Inc.,+14165485626,Freight & Logistics Services,,"Logistics service Richmond Hill, Ontario",,https://www.thecbrb.ca/directory/freight-logistics-services/best-businesses-in-canada-2021-reliance-logistics-group-inc,https://www.thecbrb.ca/directory/freight-logistics-services,yes,CBRB directory public listing
The Shipping Shop,+18888607447,Freight & Logistics Services,"Logistics Service Woodstock, ON",,https://theshippingshop.ca/,https://www.thecbrb.ca/directory/freight-logistics-services/cbrb-best-businesses-in-canada-2024-the-shipping-shop,https://www.thecbrb.ca/directory/freight-logistics-services,yes,CBRB directory public listing
Virdi Trucking,+19056720071,Freight & Logistics Services,,"Trucking Company Mississauga, Ontario",,https://www.thecbrb.ca/directory/freight-logistics-services/cbrb-best-businesses-in-canada-2023-virdi-trucking,https://www.thecbrb.ca/directory/freight-logistics-services,yes,CBRB directory public listing
Everlasting Memorials,+12043344721,Funeral Homes,,"Monument maker West Saint Paul, Manitoba",,https://www.thecbrb.ca/directory/funeral-homes/best-businesses-in-canada-2021-everlasting-memorials,https://www.thecbrb.ca/directory/funeral-homes,yes,CBRB directory public listing
Prince George Funeral Service (2008) Ltd,+12505643880,Funeral Homes,,"Funeral Home Prince George, British Columbia",,https://www.thecbrb.ca/directory/funeral-homes/best-businesses-in-canada-2021-prince-george-funeral-service-2008-ltd,https://www.thecbrb.ca/directory/funeral-homes,yes,CBRB directory public listing
Voyage Funeral Home and Crematorium,+12046683151,Funeral Homes,,"Funeral Home Winnipeg, Manitoba",https://voyagefuneralhomes.com/,https://www.thecbrb.ca/directory/funeral-homes/cbrb-best-businesses-in-canada-2024-voyage-funeral-home,https://www.thecbrb.ca/directory/funeral-homes,yes,CBRB directory public listing
Toronto Golf Lessons,+14163979850,Golf Instructors,,"Golf instructor Toronto, Ontario",,https://www.thecbrb.ca/directory/golf-instructors/best-businesses-in-canada-2021-toronto-golf-lessons,https://www.thecbrb.ca/directory/golf-instructors,yes,CBRB directory public listing
No Limits Fitness,+17784705550,Gyms,,"Gym Kamloops, British Columbia",,https://www.thecbrb.ca/directory/gyms/cbrb-best-businesses-in-canada-no-limits-fitness,https://www.thecbrb.ca/directory/gyms,yes,CBRB directory public listing
Physi-K Inc.,+14504904299,Gyms,,"Centre de gymnastique Laval, Québec",,https://www.thecbrb.ca/directory/gyms/cbrb-best-businesses-in-canada-physi-k-inc,https://www.thecbrb.ca/directory/gyms,yes,CBRB directory public listing
Crossfit South Surrey,+16048894091,Gyms,,"Gym Surrey, British Columbia",,https://www.thecbrb.ca/directory/gyms/cbrb-best-businesses-in-canada-2023-crossfit-south-surrey,https://www.thecbrb.ca/directory/gyms,yes,CBRB directory public listing
L'ÉCURIE,+15142731222,Gyms,,"Strength and Conditioning Facility Montreal, Quebec",,https://www.thecbrb.ca/directory/gyms/cbrb-best-businesses-in-canada-lécurie,https://www.thecbrb.ca/directory/gyms,yes,CBRB directory public listing
LOST CYCLE,+12269985678,Gyms,,"Indoor Cycling and Pilates Studio London, Ontario",,https://www.thecbrb.ca/directory/gyms/cbrb-best-businesses-in-canada-2024-lost-cycle,https://www.thecbrb.ca/directory/gyms,yes,CBRB directory public listing
Ora Fitness & Yoga,+16042185292,Gyms,,"Best Fitness Services Surrey, British Columbia",,https://www.thecbrb.ca/directory/gyms/cbrb-best-businesses-in-canada-ora-fitness-yoga,https://www.thecbrb.ca/directory/gyms,yes,CBRB directory public listing
Suka Fit,+17787547155,Gyms,,"Group Fitness/Yoga/Pilates Westbank, British Columbia",,https://www.thecbrb.ca/directory/gyms/cbrb-best-businesses-in-canada-2024-suka-fit,https://www.thecbrb.ca/directory/gyms,yes,CBRB directory public listing
Columbia Helicopters Inc,+12508251900,Helicopter Services,,"Commercial Helicopter Charter and Aircraft Maintenance Nelson, British Columbia",,https://www.thecbrb.ca/directory/helicopter-services/cbrb-best-businesses-in-canada-columbia-helicopters-inc,https://www.thecbrb.ca/directory/helicopter-services,yes,CBRB directory public listing
No Limits Heli Adventures,+17788208888,Helicopter Services,,"Helicopter Tour Agency Whistler, British Columbia",,https://www.thecbrb.ca/directory/helicopter-services/cbrb-best-businesses-in-canada-2024-no-limits-heli-adventures,https://www.thecbrb.ca/directory/helicopter-services,yes,CBRB directory public listing
Cheresh Homes Inc.,+17053215981,Home Builders,"Home Builder Gravenhurst, ON",,,https://www.thecbrb.ca/directory/home-builders/cbrb-best-businesses-in-canada-cheresh-homes-inc,https://www.thecbrb.ca/directory/home-builders,yes,CBRB directory public listing
Custom Quality Build Ltd.,+15873234499,Home Builders,"Construction Company Lethbridge, AB",,,https://www.thecbrb.ca/directory/home-builders/cbrb-best-businesses-in-canada-custom-quality-build-ltd,https://www.thecbrb.ca/directory/home-builders,yes,CBRB directory public listing
DaCosta Construction Ltd,+16048451092,Home Builders,"Residential Home Builder Chilliwack, BC",,,https://www.thecbrb.ca/directory/home-builders/cbrb-best-businesses-in-canada-dacosta-construction-ltd,https://www.thecbrb.ca/directory/home-builders,yes,CBRB directory public listing
KingsGate Luxury Homes Inc.,+14168882288,Home Builders,"Luxury Custom Home Builder and Renovation Toronto, ON",,,https://www.thecbrb.ca/directory/home-builders/cbrb-best-businesses-in-canada-kingsgate-luxury-homes-inc,https://www.thecbrb.ca/directory/home-builders,yes,CBRB directory public listing
Lawrence Park Development,+14166292982,Home Builders,"Custom Home Builder & Developer Toronto, ON",,,https://www.thecbrb.ca/directory/home-builders/cbrb-best-businesses-in-canada-lawrence-park-development,https://www.thecbrb.ca/directory/home-builders,yes,CBRB directory public listing
Marvel Homes,+14169100808,Home Builders,"Custom Home Builder Toronto, ON",,,https://www.thecbrb.ca/directory/home-builders/cbrb-best-businesses-in-canada-marvel-homes,https://www.thecbrb.ca/directory/home-builders,yes,CBRB directory public listing
Nauss Homes,+15062278392,Home Builders,,"Custom Home Builder Moncton, New Brunswick",,https://www.thecbrb.ca/directory/home-builders/cbrb-best-businesses-in-canada-nauss-homes,https://www.thecbrb.ca/directory/home-builders,yes,CBRB directory public listing
Abstract Homes and Renovations,+16042405306,Home Builders,"Home Builder Vancouver, BC",,https://www.abstracthomes.com/,https://www.thecbrb.ca/directory/home-builders/best-businesses-in-canada-2021-abstract-homes-and-renovations-inc,https://www.thecbrb.ca/directory/home-builders,yes,CBRB directory public listing
AlleyLane Homes,+17783205471,Home Builders,"Home Builder Delta, BC",,,https://www.thecbrb.ca/directory/home-builders/cbrb-best-businesses-in-canada-2023-alleylane-homes,https://www.thecbrb.ca/directory/home-builders,yes,CBRB directory public listing
AM Pro Builders,+14165247055,Home Builders,"Home Builder Toronto, ON",,,https://www.thecbrb.ca/directory/home-builders/cbrb-best-businesses-in-canada-2023-am-pro-builders,https://www.thecbrb.ca/directory/home-builders,yes,CBRB directory public listing
Arc1 Design Build,+14038796711,Home Builders,"Building Design and Construction Company Calgary, AB",,,https://www.thecbrb.ca/directory/home-builders/best-businesses-in-canada-2021-arc1-design-build,https://www.thecbrb.ca/directory/home-builders,yes,CBRB directory public listing
Berry Homes LTD,+17804731800,Home Builders,"Home Builder Edmonton, AB",,,https://www.thecbrb.ca/directory/home-builders/best-businesses-in-canada-2021-berry-homes-ltd,https://www.thecbrb.ca/directory/home-builders,yes,CBRB directory public listing
Brabo Green Building Inc.,+14168397463,Home Builders,"Custom Home Builder Mississauga, ON",,,https://www.thecbrb.ca/directory/home-builders/cbrb-best-businesses-in-canada-2023-brabo-green-building-inc,https://www.thecbrb.ca/directory/home-builders,yes,CBRB directory public listing
Digreen Homes,+19055137999,Home Builders,"Home Builder Markham, ON",,,https://www.thecbrb.ca/directory/home-builders/best-businesses-in-canada-2021-digreen-homes,https://www.thecbrb.ca/directory/home-builders,yes,CBRB directory public listing
Elite Developments,+12898161024,Home Builders,"Home Builder Burlington, ON",,,https://www.thecbrb.ca/directory/home-builders/best-businesses-in-canada-2024-elite-developments,https://www.thecbrb.ca/directory/home-builders,yes,CBRB directory public listing
Hosseini Homes Corporation,+14167206673,Home Builders,"Custom home builder Toronto, ON",,,https://www.thecbrb.ca/directory/home-builders/best-businesses-in-canada-2021-hosseini-homes-corporation,https://www.thecbrb.ca/directory/home-builders,yes,CBRB directory public listing
Jii Fine Homes,+14166693779,Home Builders,"Custom Home Builder & Renovations Vaughan, ON",,,https://www.thecbrb.ca/directory/home-builders/cbrb-best-businesses-in-canada-2023-jii-fine-homes,https://www.thecbrb.ca/directory/home-builders,yes,CBRB directory public listing
Kingdom Builders,+16049245464,Home Builders,"Custom Home Builder North Vancouver, BC",,,https://www.thecbrb.ca/directory/home-builders/best-businesses-in-canada-2021-kingdom-builders,https://www.thecbrb.ca/directory/home-builders,yes,CBRB directory public listing
Lawrence Park Development,+18332409040,Home Builders,"Custom Home Builder & Developer Toronto, ON",,,https://www.thecbrb.ca/directory/home-builders/cbrb-best-businesses-in-canada-lawrence-park-development,https://www.thecbrb.ca/directory/home-builders,yes,CBRB directory public listing
Kingsview Management,+14163656885,Home Builders,,"Construction and Property Management Services Markham, Ontario",,https://www.thecbrb.ca/directory/home-builders/cbrb-best-businesses-in-canada-2023-kingsview-management,https://www.thecbrb.ca/directory/home-builders,yes,CBRB directory public listing
M & D Builders,+19055930909,Home Builders,"Custom Home Builder Mississauga, ON",,,https://www.thecbrb.ca/directory/home-builders/best-businesses-in-canada-2021-m-d-builders,https://www.thecbrb.ca/directory/home-builders,yes,CBRB directory public listing
Mann Pacific Homes LTD,+17789956021,Home Builders,"Construction company Surrey, BC",,,https://www.thecbrb.ca/directory/home-builders/best-businesses-in-canada-2021-mann-pacific-homes-ltd,https://www.thecbrb.ca/directory/home-builders,yes,CBRB directory public listing
New Valley Homes,+17808501100,Home Builders,,"Custom Home Builder Beaumont, Alberta",,https://www.thecbrb.ca/directory/home-builders/best-businesses-in-canada-2022-new-valley-homes,https://www.thecbrb.ca/directory/home-builders,yes,CBRB directory public listing
Platinum Signature Homes,+17809939787,Home Builders,"Custom Home Builder Edmonton, AB",,,https://www.thecbrb.ca/directory/home-builders/best-businesses-in-canada-2021-platinum-signature-homes,https://www.thecbrb.ca/directory/home-builders,yes,CBRB directory public listing
Prestige Build & Design Group Ltd,+16473884298,Home Builders,"Luxury Custom Home Builder Richmond Hill, ON",,,https://www.thecbrb.ca/directory/home-builders/cbrb-best-businesses-in-canada-2023-prestige-build-design-group-ltd,https://www.thecbrb.ca/directory/home-builders,yes,CBRB directory public listing
Skylight Homes,+15194539351,Home Builders,"Construction Company London , ON",,,https://www.thecbrb.ca/directory/home-builders/best-businesses-in-canada-2021-skylight-homes,https://www.thecbrb.ca/directory/home-builders,yes,CBRB directory public listing
Struktäll,+14387930791,Home Builders,"Home Builder Montreal, QC",,https://struktall.com/en/,https://www.thecbrb.ca/directory/home-builders/cbrb-best-businesses-in-canada-struktäll,https://www.thecbrb.ca/directory/home-builders,yes,CBRB directory public listing
Sunlight Heritage Homes,+15196535036,Home Builders,"New Home Builder Cambridge , ON",,https://www.sunlighthomes.ca/index.html,https://www.thecbrb.ca/directory/home-builders/cbrb-best-businesses-in-canada-2023-sunlight-heritage-homes,https://www.thecbrb.ca/directory/home-builders,yes,CBRB directory public listing
Valley Ridge Homes Ltd,+16048253954,Home Builders,"Custom Home Builder Abbotsford, BC",,,https://www.thecbrb.ca/directory/home-builders/best-businesses-in-canada-2022-valley-ridge-homes-ltd,https://www.thecbrb.ca/directory/home-builders,yes,CBRB directory public listing
Virtual Homes Inc.,+16475337690,Home Builders,"Custom Home Builder Toronto , ON",,https://virtualhomez.ca/,https://www.thecbrb.ca/directory/home-builders/best-businesses-in-canada-2021-virtual-homes-inc,https://www.thecbrb.ca/directory/home-builders,yes,CBRB directory public listing
Vithu Developments LTD,+16047673036,Home Builders,"Custom Home Builder Vancouver , BC",,,https://www.thecbrb.ca/directory/home-builders/best-businesses-in-canada-2021-vithu-developments-ltd,https://www.thecbrb.ca/directory/home-builders,yes,CBRB directory public listing
Begin Inspections Ltd.,+14038031596,Home & Building Inspectors,"Home Inspector Calgary, AB",,,https://www.thecbrb.ca/directory/home-building-inspectors/cbrb-best-businesses-in-canada-begin-inspections-ltd,https://www.thecbrb.ca/directory/home-building-inspectors,yes,CBRB directory public listing
Inspectech Outaouais,+18195938674,Home & Building Inspectors,"Inspecteurs en Bâtiment Gatineau, QC",,,https://www.thecbrb.ca/directory/home-building-inspectors/cbrb-best-businesses-in-canada-inspectech-outaouais,https://www.thecbrb.ca/directory/home-building-inspectors,yes,CBRB directory public listing
Access Home Inspection Services Inc,+17808683152,Home & Building Inspectors,"Home Inspection Services Edmonton, AB",,https://accesshomeinspection.ca/,https://www.thecbrb.ca/directory/home-building-inspectors/best-businesses-in-canada-2022-access-home-inspection-services-inc,https://www.thecbrb.ca/directory/home-building-inspectors,yes,CBRB directory public listing
AL Inspection,+15149167079,Home & Building Inspectors,,"Home Inspector Montreal, Quebec",,https://www.thecbrb.ca/directory/home-building-inspectors/cbrb-best-businesses-in-canada-2024-al-inspection,https://www.thecbrb.ca/directory/home-building-inspectors,yes,CBRB directory public listing
Axxonlab Inc.,+18886755226,Home & Building Inspectors,"Environmental Analyses Services Mont-Royal, QC",,,https://www.thecbrb.ca/directory/home-building-inspectors/cbrb-best-businesses-in-canada-2022-axxonlab-inc,https://www.thecbrb.ca/directory/home-building-inspectors,yes,CBRB directory public listing
CTI Home and Septic Inspection,+19057460431,Home & Building Inspectors,"Home and Septic System Inspector Hamilton, ON",,https://www.ctiforensics.ca/,https://www.thecbrb.ca/directory/home-building-inspectors/best-businesses-in-canada-2021-cti-home-and-septic-inspection,https://www.thecbrb.ca/directory/home-building-inspectors,yes,CBRB directory public listing
Home Proof Inspections Inc,+16472243390,Home & Building Inspectors,"Home inspector Brampton, ON",,,https://www.thecbrb.ca/directory/home-building-inspectors/best-businesses-in-canada-2022-home-proof-inspections-inc,https://www.thecbrb.ca/directory/home-building-inspectors,yes,CBRB directory public listing
PIN Property Inspection Network Ltd.,+16132343000,Home & Building Inspectors,"Home inspector Ottawa, ON",,,https://www.thecbrb.ca/directory/home-building-inspectors/best-businesses-in-canada-2022-pin-property-inspection-network-ltd,https://www.thecbrb.ca/directory/home-building-inspectors,yes,CBRB directory public listing
TD Inspections,+15873490902,Home & Building Inspectors,"Home Inspection Services Calgary, AB",,,https://www.thecbrb.ca/directory/home-building-inspectors/cbrb-best-businesses-in-canada-2023-td-inspections,https://www.thecbrb.ca/directory/home-building-inspectors,yes,CBRB directory public listing
24 Seven Talent,+14165832555,Human Resources/Employment Agencies,,"Employment agency Toronto, Ontario",,https://www.thecbrb.ca/directory/human-resourcesemployment-agencies/cbrb-best-businesses-in-canada-24-seven-talent,https://www.thecbrb.ca/directory/human-resourcesemployment-agencies,yes,CBRB directory public listing
Nimbus HR Solutions Group Inc.,+19054674725,Human Resources/Employment Agencies,Human Resource Consulting Canada,,,https://www.thecbrb.ca/directory/human-resourcesemployment-agencies/cbrb-best-businesses-in-canada-nimbus-hr-solutions-group-inc,https://www.thecbrb.ca/directory/human-resourcesemployment-agencies,yes,CBRB directory public listing
RIGROVER EMPLOYMENT AGENCY,+15199144923,Human Resources/Employment Agencies,,"Staffing and Recruiting Agency London, Ontario",https://www.facebook.com/pages/category/Employment-Agency/RIG-ROVER-113726850005996/,https://www.thecbrb.ca/directory/human-resourcesemployment-agencies/cbrb-best-businesses-in-canada-rigrover-employment-agency,https://www.thecbrb.ca/directory/human-resourcesemployment-agencies,yes,CBRB directory public listing
Simcoe Employment,+17057188330,Human Resources/Employment Agencies,,"Professional Staffing Services Barrie, Ontario",,https://www.thecbrb.ca/directory/human-resourcesemployment-agencies/cbrb-best-businesses-in-canada-simcoe-employment,https://www.thecbrb.ca/directory/human-resourcesemployment-agencies,yes,CBRB directory public listing
Stellar Personnel,+16475578915,Human Resources/Employment Agencies,,"Staffing & Recruitment Agency Toronto, Ontario",,https://www.thecbrb.ca/directory/human-resourcesemployment-agencies/cbrb-best-businesses-in-canada-stellar-personnel,https://www.thecbrb.ca/directory/human-resourcesemployment-agencies,yes,CBRB directory public listing
Virtual HR Canada Inc.,+14169954783,Human Resources/Employment Agencies,,"HR Services Mississauga, Ontario",,https://www.thecbrb.ca/directory/human-resourcesemployment-agencies/cbrb-best-businesses-in-canada-virtual-hr-canada-inc,https://www.thecbrb.ca/directory/human-resourcesemployment-agencies,yes,CBRB directory public listing
Ampersands PR INC.,+15819782637,Human Resources/Employment Agencies,,"Employment Center Quebec City , Quebec",,https://www.thecbrb.ca/directory/human-resourcesemployment-agencies/cbrb-best-businesses-in-canada-2023-ampersands-pr-inc,https://www.thecbrb.ca/directory/human-resourcesemployment-agencies,yes,CBRB directory public listing
BAY Workforce Inc.,+14379950269,Human Resources/Employment Agencies,,"Employment Center Etobicoke , Ontario",,https://www.thecbrb.ca/directory/human-resourcesemployment-agencies/cbrb-best-businesses-in-canada-2022-bay-workforce-inc,https://www.thecbrb.ca/directory/human-resourcesemployment-agencies,yes,CBRB directory public listing
Beyond Bilingual Inc.,+14162181112,Human Resources/Employment Agencies,,"Recruitment Agency Toronto, Ontario",,https://www.thecbrb.ca/directory/human-resourcesemployment-agencies/cbrb-best-businesses-in-canada-2024-beyond-bilingual-inc,https://www.thecbrb.ca/directory/human-resourcesemployment-agencies,yes,CBRB directory public listing
Canadian Massage and Manual Osteopathic Therapists Association,+14033561160,Human Resources/Employment Agencies,,"Association Red Deer, Alberta",,https://www.thecbrb.ca/directory/human-resourcesemployment-agencies/cbrb-best-businesses-in-canada-2023-cmmota,https://www.thecbrb.ca/directory/human-resourcesemployment-agencies,yes,CBRB directory public listing
Cormack Recruitment,+18883662881,Human Resources/Employment Agencies,,"Recruitment Agency Calgary, Alberta",,https://www.thecbrb.ca/directory/human-resourcesemployment-agencies/best-businesses-in-canada-2021-cormack-recruitment,https://www.thecbrb.ca/directory/human-resourcesemployment-agencies,yes,CBRB directory public listing
EKC Homestay Corporation,+16476574981,Human Resources/Employment Agencies,,"Student Housing Center Toronto, Ontario",,https://www.thecbrb.ca/directory/human-resourcesemployment-agencies/cbrb-best-businesses-in-canada-2023-ekc-homestay-corporation,https://www.thecbrb.ca/directory/human-resourcesemployment-agencies,yes,CBRB directory public listing
Feed it Forward,+16478792433,Human Resources/Employment Agencies,,"Non-profit Organization Toronto, Ontario",,https://www.thecbrb.ca/directory/human-resourcesemployment-agencies/best-businesses-in-canada-2022-feed-it-forward,https://www.thecbrb.ca/directory/human-resourcesemployment-agencies,yes,CBRB directory public listing
GINCARE Staffing Solutions Inc.,+14165462236,Human Resources/Employment Agencies,,"Unemployment office Toronto, Ontario",,https://www.thecbrb.ca/directory/human-resourcesemployment-agencies/cbrb-best-businesses-in-canada-2024-gincare-staffing-solutions-inc,https://www.thecbrb.ca/directory/human-resourcesemployment-agencies,yes,CBRB directory public listing
Group NB,+18558688416,Human Resources/Employment Agencies,,"Staffing & Lumping Agency / Immigration Services Ottawa, Ontario",,https://www.thecbrb.ca/directory/human-resourcesemployment-agencies/cbrb-best-businesses-in-canada-2023-group-nb,https://www.thecbrb.ca/directory/human-resourcesemployment-agencies,yes,CBRB directory public listing
Martyn Bassett Associates,+18887780057,Human Resources/Employment Agencies,,"Executive Search Firm Toronto, Ontario",,https://www.thecbrb.ca/directory/human-resourcesemployment-agencies/best-businesses-in-canada-2022-martyn-bassett-associates,https://www.thecbrb.ca/directory/human-resourcesemployment-agencies,yes,CBRB directory public listing
Maxwell Management Group Ltd.,+18553054078,Human Resources/Employment Agencies,,"Recruiter Brantford, Ontario",,https://www.thecbrb.ca/directory/human-resourcesemployment-agencies/best-businesses-in-canada-2022-maxwell-management-group-ltd,https://www.thecbrb.ca/directory/human-resourcesemployment-agencies,yes,CBRB directory public listing
MM AGENCY,+14505430406,Human Resources/Employment Agencies,,"Employment agency Laval, Quebec",,https://www.thecbrb.ca/directory/human-resourcesemployment-agencies/cbrb-best-businesses-in-canada-2023-mm-agency,https://www.thecbrb.ca/directory/human-resourcesemployment-agencies,yes,CBRB directory public listing
Pathfinder Staffing Inc.,+16476601508,Human Resources/Employment Agencies,,"Employment Agency Brampton, Ontario",,https://www.thecbrb.ca/directory/human-resourcesemployment-agencies/best-businesses-in-canada-2021-pathfinder-staffing-inc,https://www.thecbrb.ca/directory/human-resourcesemployment-agencies,yes,CBRB directory public listing
Power Staffing Solutions,+14167010119,Human Resources/Employment Agencies,"IT, Professional,","and Healthcare Recruitment Services Toronto, Ontario",,https://www.thecbrb.ca/directory/human-resourcesemployment-agencies/cbrb-best-businesses-in-canada-2023-power-staffing-solutions,https://www.thecbrb.ca/directory/human-resourcesemployment-agencies,yes,CBRB directory public listing
Resume Services CA,+17787132494,Human Resources/Employment Agencies,,"Human Resources Services Vancouver, British Columbia",,https://www.thecbrb.ca/directory/human-resourcesemployment-agencies/cbrb-best-businesses-in-canada-2024-resume-services-ca,https://www.thecbrb.ca/directory/human-resourcesemployment-agencies,yes,CBRB directory public listing
RIGROVER EMPLOYMENT AGENCY,+16479387624,Human Resources/Employment Agencies,,"Staffing and Recruiting Agency London, Ontario",https://www.facebook.com/pages/category/Employment-Agency/RIG-ROVER-113726850005996/,https://www.thecbrb.ca/directory/human-resourcesemployment-agencies/cbrb-best-businesses-in-canada-rigrover-employment-agency,https://www.thecbrb.ca/directory/human-resourcesemployment-agencies,yes,CBRB directory public listing
Soccer NB,+15068304762,Human Resources/Employment Agencies,,"Non-profit Organization Moncton, New Brunswick",,https://www.thecbrb.ca/directory/human-resourcesemployment-agencies/cbrb-best-businesses-in-canada-2023-soccer-nb,https://www.thecbrb.ca/directory/human-resourcesemployment-agencies,yes,CBRB directory public listing
Trillium Med Village,+18668961205,Human Resources/Employment Agencies,,"Healthcare Staffing Agency Toronto, Ontario",,https://www.thecbrb.ca/directory/human-resourcesemployment-agencies/cbrb-best-businesses-in-canada-2024-trillium-med-village,https://www.thecbrb.ca/directory/human-resourcesemployment-agencies,yes,CBRB directory public listing
Toronto International Society of Innovation & Advanced Skills (TISIAS),+16476731012,Human Resources/Employment Agencies,,"Event Management Company Toronto, Ontario",,https://www.thecbrb.ca/directory/human-resourcesemployment-agencies/cbrb-best-businesses-in-canada-2024-tisias,https://www.thecbrb.ca/directory/human-resourcesemployment-agencies,yes,CBRB directory public listing
Wisteria Community Association,+12505916443,Human Resources/Employment Agencies,,"Soup Kitchen Nanaimo, British Columbia",,https://www.thecbrb.ca/directory/human-resourcesemployment-agencies/cbrb-best-businesses-in-canada-2023-wisteria-community-association,https://www.thecbrb.ca/directory/human-resourcesemployment-agencies,yes,CBRB directory public listing
Climate Experts Heating & Cooling Inc.,+19054927171,HVAC Contractors,,"General HVAC Contractor Pickering, Ontario",,https://www.thecbrb.ca/directory/hvac-contractors/cbrb-best-businesses-in-canada-climate-experts-heating-cooling-inc,https://www.thecbrb.ca/directory/hvac-contractors,yes,CBRB directory public listing
Coreline HVAC Supply Ltd.,+15874370483,HVAC Contractors,,"Air Conditioning & HVAC Accessories Supplier Calgary, Alberta",,https://www.thecbrb.ca/directory/hvac-contractors/cbrb-best-businesses-in-canada-coreline-hvac-supply-ltd,https://www.thecbrb.ca/directory/hvac-contractors,yes,CBRB directory public listing
Diverse Air Systems Inc.,+14165602366,HVAC Contractors,,"Condominium Heating and Air Conditioning Specialists Pickering, Ontario",,https://www.thecbrb.ca/directory/hvac-contractors/cbrb-best-businesses-in-canada-diverse-air-systems-inc,https://www.thecbrb.ca/directory/hvac-contractors,yes,CBRB directory public listing
Goyea Mechanical Services Inc.,+15192500116,HVAC Contractors,,"Heating and Cooling Services Oldcastle, Ontario",,https://www.thecbrb.ca/directory/hvac-contractors/cbrb-best-businesses-in-canada-goyea-mechanical-services-inc,https://www.thecbrb.ca/directory/hvac-contractors,yes,CBRB directory public listing
Green Heating and Air Inc.,+14166277724,HVAC Contractors,,"HVAC Specialist Mississauga, Ontario",,https://www.thecbrb.ca/directory/hvac-contractors/cbrb-best-businesses-in-canada-green-heating-and-air-inc,https://www.thecbrb.ca/directory/hvac-contractors,yes,CBRB directory public listing
Groupe Rousso,+18554923125,HVAC Contractors,,"HVAC & Air Duct Cleaning Longueuil, Quebec",,https://www.thecbrb.ca/directory/hvac-contractors/cbrb-best-businesses-in-canada-groupe-rousso,https://www.thecbrb.ca/directory/hvac-contractors,yes,CBRB directory public listing
4SEASONS HVAC,+16478870099,HVAC Contractors,,"HVAC Contractor Toronto, Ontario",http://arlmechanical.ca/,https://www.thecbrb.ca/directory/hvac-contractors/cbrb-best-businesses-in-canada-2023-4seasons-hvac,https://www.thecbrb.ca/directory/hvac-contractors,yes,CBRB directory public listing
Barben Industries Ltd.,+17809552533,HVAC Contractors,,"Compressed Air Equipment Sales and Service Nisku, Alberta",,https://www.thecbrb.ca/directory/hvac-contractors/cbrb-best-businesses-in-canada-2024-barben-industries-ltd,https://www.thecbrb.ca/directory/hvac-contractors,yes,CBRB directory public listing
BC Wide Home Services Ltd,+16044739690,HVAC Contractors,,"Heating contractor Burnaby, British Columbia",,https://www.thecbrb.ca/directory/hvac-contractors/best-businesses-in-canada-2021-bc-wide-home-services-ltd,https://www.thecbrb.ca/directory/hvac-contractors,yes,CBRB directory public listing
Bob's Heating & Cooling,+15068573217,HVAC Contractors,,"HVAC Contractor Moncton, New Brunswick",https://bobsheating.ca/,https://www.thecbrb.ca/directory/hvac-contractors/cbrb-best-businesses-in-canada-2024-bobs-heating-cooling,https://www.thecbrb.ca/directory/hvac-contractors,yes,CBRB directory public listing
Canadian Mr Fix,+17789529753,HVAC Contractors,,"HVAC Contractor New Westminster, British Columbia",,https://www.thecbrb.ca/directory/hvac-contractors/cbrb-best-businesses-in-canada-2023-canadian-mr-fix,https://www.thecbrb.ca/directory/hvac-contractors,yes,CBRB directory public listing
Cana-Air Cooling and Heating LTD.,+16476680902,HVAC Contractors,,"HVAC Contractor Toronto, Ontario",,https://www.thecbrb.ca/directory/hvac-contractors/cbrb-best-businesses-in-canada-2024-cana-air-cooling-and-heating-ltd,https://www.thecbrb.ca/directory/hvac-contractors,yes,CBRB directory public listing
Clean Air Canada Duct and Chimney LTD,+16045001668,HVAC Contractors,,"Air Duct and HVAC System Cleaning Company Lower Mainland, British Columbia",https://cleanaircanadaheating.ca/,https://www.thecbrb.ca/directory/hvac-contractors/cbrb-best-businesses-in-canada-clean-air-canada-duct-and-chimney,https://www.thecbrb.ca/directory/hvac-contractors,yes,CBRB directory public listing
Climatisation Gabriel Miron,+15146603385,HVAC Contractors,,"Air Conditioning Contractor Pointe-Calumet, Quebec",,https://www.thecbrb.ca/directory/hvac-contractors/cbrb-best-businesses-in-canada-2024-climatisation-gabriel-miron,https://www.thecbrb.ca/directory/hvac-contractors,yes,CBRB directory public listing
CS Purair Ventilation,+14385250615,HVAC Contractors,,"Air Duct & Furnace Cleaning La Prairie, Quebec",,https://www.thecbrb.ca/directory/hvac-contractors/cbrb-best-businesses-in-canada-cs-purair-ventilation,https://www.thecbrb.ca/directory/hvac-contractors,yes,CBRB directory public listing
Denaeyer Mechanical Inc.,+15196549732,HVAC Contractors,,"HVAC Contractor Kitchener, Ontario",,https://www.thecbrb.ca/directory/hvac-contractors/best-businesses-in-canada-2021-denaeyer-mechanical-inc,https://www.thecbrb.ca/directory/hvac-contractors,yes,CBRB directory public listing
Four Seasons Air Control (West ) Inc.,+19057950982,HVAC Contractors,,"HVAC Contractor Mississauga, Ontario",,https://www.thecbrb.ca/directory/hvac-contractors/best-businesses-in-canada-2022-four-seasons-air-control-west-inc,https://www.thecbrb.ca/directory/hvac-contractors,yes,CBRB directory public listing
General Heating & Air Conditioning,+16048348080,HVAC Contractors,,"HVAC Services Vancouver, British Columbia",,https://www.thecbrb.ca/directory/hvac-contractors/cbrb-best-businesses-in-canada-2023-general-heating-air-conditioning,https://www.thecbrb.ca/directory/hvac-contractors,yes,CBRB directory public listing
HVAC-GROUP,+14168072752,HVAC Contractors,,"HVAC Contractor Mississauga, Ontario",,https://www.thecbrb.ca/directory/hvac-contractors/best-businesses-in-canada-2021-hvac-group,https://www.thecbrb.ca/directory/hvac-contractors,yes,CBRB directory public listing
Nick's Refrigeration And Air Conditioning LTD.,+19027482233,HVAC Contractors,"Heating,","Ventilating & Air Conditioning Service Yarmouth, Nova Scotia",,https://www.thecbrb.ca/directory/hvac-contractors/best-businesses-in-canada-2022-nicks-refrigeration-and-air-conditioning,https://www.thecbrb.ca/directory/hvac-contractors,yes,CBRB directory public listing
Nordic Clean Air Ltd,+15069772519,HVAC Contractors,,"HVAC Contractor Quispamsis, New Brunswick",,https://www.thecbrb.ca/directory/hvac-contractors/best-businesses-in-canada-2022-nordic-clean-air-ltd,https://www.thecbrb.ca/directory/hvac-contractors,yes,CBRB directory public listing
Optimal Climate Air Inc.,+15194962022,HVAC Contractors,,"Residential and Commercial HVAC Services Cambridge, Ontario",,https://www.thecbrb.ca/directory/hvac-contractors/cbrb-best-businesses-in-canada-2023-optimal-climate-air-inc,https://www.thecbrb.ca/directory/hvac-contractors,yes,CBRB directory public listing
Reliable Energy,+15069615669,HVAC Contractors,,"HVAC Contractor Moncton, New Brunswick",,https://www.thecbrb.ca/directory/hvac-contractors/best-businesses-in-canada-2022-reliable-energy,https://www.thecbrb.ca/directory/hvac-contractors,yes,CBRB directory public listing
Rondeau's Refrigeration Services Inc.,+19024979764,HVAC Contractors,"Commercial, Residential,","Offshore and Marine HVAC/R Services Dartmouth, Nova Scotia",,https://www.thecbrb.ca/directory/hvac-contractors/cbrb-best-businesses-in-canada-2022-rondeaus-refrigeration-services-inc,https://www.thecbrb.ca/directory/hvac-contractors,yes,CBRB directory public listing
SDK Mechanical,+15195327105,HVAC Contractors,,"HVAC Contractor Wellesley, Ontario",,https://www.thecbrb.ca/directory/hvac-contractors/cbrb-best-businesses-in-canada-2023-sdk-mechanical,https://www.thecbrb.ca/directory/hvac-contractors,yes,CBRB directory public listing
Williams Kool Heat,+12898205665,HVAC Contractors,,"HVAC Contractor Welland, Ontario",,https://www.thecbrb.ca/directory/hvac-contractors/best-businesses-in-canada-2021-williams-kool-heat,https://www.thecbrb.ca/directory/hvac-contractors,yes,CBRB directory public listing
Ultra Vac Furnace & Duct Cleaning Ltd,+14316885872,HVAC Contractors,,"HVAC Contractor Winnipeg, Manitoba",,https://www.thecbrb.ca/directory/hvac-contractors/cbrb-best-businesses-in-canada-2023-ultra-vac-furnace-duct-cleaning-ltd,https://www.thecbrb.ca/directory/hvac-contractors,yes,CBRB directory public listing
A-Z Insurance,+19057072929,Insurance Agencies,,"Insurance Broker Markham, Ontario",,https://www.thecbrb.ca/directory/insurance-agencies/cbrb-best-businesses-in-canada-a-z-insurance,https://www.thecbrb.ca/directory/insurance-agencies,yes,CBRB directory public listing
isure insurance inc.,+18775252039,Insurance Agencies,"Insurance B roker Vaughan , ON",,,https://www.thecbrb.ca/directory/insurance-agencies/cbrb-best-businesses-in-canada-isure-insurance-inc,https://www.thecbrb.ca/directory/insurance-agencies,yes,CBRB directory public listing
Amyn Batliwalla Desjardins Insurance Agent,+14163831500,Insurance Agencies,,"Insurance Agency Toronto, Ontario",,https://www.thecbrb.ca/directory/insurance-agencies/best-businesses-in-canada-2021-amyn-batliwalla-desjardins-insurance-agent,https://www.thecbrb.ca/directory/insurance-agencies,yes,CBRB directory public listing
Doreen Stroud - World Financial Group,+12047921923,Insurance Agencies,"Insurance Broker Winnipeg , MB",,https://agents.wfgcanada.ca/doreen-stroud,https://www.thecbrb.ca/directory/insurance-agencies/best-businesses-in-canada-2021-world-financial-group,https://www.thecbrb.ca/directory/insurance-agencies,yes,CBRB directory public listing
Excel Insurance Group Lloydminster Inc.,+17808756178,Insurance Agencies,,"Insurance Broker Lloydminster, Alberta",,https://www.thecbrb.ca/directory/insurance-agencies/cbrb-best-businesses-in-canada-2023-excel-insurance-group-lloydminster,https://www.thecbrb.ca/directory/insurance-agencies,yes,CBRB directory public listing
Gene Meyer Insurance Agencies Limited,+19058900998,Insurance Agencies,"Insurance Agency Mississauga, ON",,,https://www.thecbrb.ca/directory/insurance-agencies/cbrb-best-businesses-in-canada-2022-gene-meyer-insurance-agencies-limited,https://www.thecbrb.ca/directory/insurance-agencies,yes,CBRB directory public listing
George@FSB Group Best Commercial Insurance,+14165202041,Insurance Agencies,"Insurance broker Mississauga, ON",,,https://www.thecbrb.ca/directory/insurance-agencies/best-businesses-in-canada-2021-georgefsb-group,https://www.thecbrb.ca/directory/insurance-agencies,yes,CBRB directory public listing
Hope Insurance Brokers,+17809060000,Insurance Agencies,"Insurance broker Edmonton, AB",,,https://www.thecbrb.ca/directory/insurance-agencies/best-businesses-in-canada-2022-hope-insurance-brokers,https://www.thecbrb.ca/directory/insurance-agencies,yes,CBRB directory public listing
Kastelein Stout Insurance Agencies Inc.,+16045264644,Insurance Agencies,"Insurance Agency New Westminster, BC",,,https://www.thecbrb.ca/directory/insurance-agencies/best-businesses-in-canada-2022-kastelein-stout-insurance-agencies-inc,https://www.thecbrb.ca/directory/insurance-agencies,yes,CBRB directory public listing
Kevin Burke Insurance & Financial Services Inc,+15064553276,Insurance Agencies,"Insurance Agency Fredericton, NB",,,https://www.thecbrb.ca/directory/insurance-agencies/cbrb-best-businesses-in-canada-2023-kevin-burke-insurance-financial-ser,https://www.thecbrb.ca/directory/insurance-agencies,yes,CBRB directory public listing
Multi Risk Insurance Brokers Inc.,+14162242800,Insurance Agencies,"Insurance & Financial Services Scarborough, ON",,https://www.multirisk.ca/,https://www.thecbrb.ca/directory/insurance-agencies/cbrb-best-businesses-in-canada-2023-multi-risk-insurance-brokers-inc,https://www.thecbrb.ca/directory/insurance-agencies,yes,CBRB directory public listing
Novinger Insurance Team,+14165288305,Insurance Agencies,"Insurance broker Toronto, ON",,,https://www.thecbrb.ca/directory/insurance-agencies/best-businesses-in-canada-2022-novinger-insurance-team,https://www.thecbrb.ca/directory/insurance-agencies,yes,CBRB directory public listing
Peter Mathai,+16479361524,Insurance Agencies,"Insurance broker Mississauga, ON",,https://www.facebook.com/peter.mathai.165,https://www.thecbrb.ca/directory/insurance-agencies/best-businesses-in-canada-2021-peter-mathai,https://www.thecbrb.ca/directory/insurance-agencies,yes,CBRB directory public listing
Savante Insurance Inc,+12042337289,Insurance Agencies,"Insurance Agency Winnipeg, MB",,,https://www.thecbrb.ca/directory/insurance-agencies/best-businesses-in-canada-2021-savante-insurance-inc,https://www.thecbrb.ca/directory/insurance-agencies,yes,CBRB directory public listing
Shawn Shirdarreh Insurance Broker,+19055974330,Insurance Agencies,"Insurance broker Markham, ON",,,https://www.thecbrb.ca/directory/insurance-agencies/best-businesses-in-canada-2022-shawn-shirdarreh-insurance-broker,https://www.thecbrb.ca/directory/insurance-agencies,yes,CBRB directory public listing
Simmi Paul Insurance Agency Inc.,+19059131016,Insurance Agencies,"Insurance Agency Brampton, ON",,,https://www.thecbrb.ca/directory/insurance-agencies/cbrb-best-businesses-in-canada-2023-simmi-paul-insurance-agency-inc,https://www.thecbrb.ca/directory/insurance-agencies,yes,CBRB directory public listing
Skyview Insurance Brokers,+16045995222,Insurance Agencies,"Insurance Agency Surrey, BC",,,https://www.thecbrb.ca/directory/insurance-agencies/cbrb-best-businesses-in-canada-2024-skyview-insurance-brokers,https://www.thecbrb.ca/directory/insurance-agencies,yes,CBRB directory public listing
Wesley Greer Desjardins Insurance,+17806706846,Insurance Agencies,"Insurance Agency Edmonton, AB",,,https://www.thecbrb.ca/directory/insurance-agencies/best-businesses-in-canada-2021-wesley-greer-desjardins-insurance,https://www.thecbrb.ca/directory/insurance-agencies,yes,CBRB directory public listing
Bellissimo Law Group PC,+14167876505,Immigration & Naturalization Services,"Immigration Law Firm Toronto, ON",,,https://www.thecbrb.ca/directory/immigration-naturalization-services/cbrb-best-businesses-in-canada-bellissimo-law-group-pc,https://www.thecbrb.ca/directory/immigration-naturalization-services,yes,CBRB directory public listing
Bright Link Immigration Services Ltd.,+12042296980,Immigration & Naturalization Services,"Immigration & Citizenship Representation Winnipeg, MB",,,https://www.thecbrb.ca/directory/immigration-naturalization-services/cbrb-best-businesses-in-canada-bright-link-immigration-services-ltd,https://www.thecbrb.ca/directory/immigration-naturalization-services,yes,CBRB directory public listing
Can Entry Immigration,+12042945116,Immigration & Naturalization Services,"Immigration & Naturalization Services Winnipeg, MB",,,https://www.thecbrb.ca/directory/immigration-naturalization-services/cbrb-best-businesses-in-canada-can-entry-immigration,https://www.thecbrb.ca/directory/immigration-naturalization-services,yes,CBRB directory public listing
Crossing Canada Citizenship & Immigration Services Inc.,+15199921008,Immigration & Naturalization Services,"Immigration & Naturalization Services Windsor, ON",,,https://www.thecbrb.ca/directory/immigration-naturalization-services/cbrb-best-businesses-in-canada-crossing-canada-citizenship-immigration,https://www.thecbrb.ca/directory/immigration-naturalization-services,yes,CBRB directory public listing
El Camino Immigration Services Inc.,+16047915695,Immigration & Naturalization Services,"Immigration Services Chilliwack, BC",,,https://www.thecbrb.ca/directory/immigration-naturalization-services/cbrb-best-businesses-in-canada-el-camino-immigration-services-inc,https://www.thecbrb.ca/directory/immigration-naturalization-services,yes,CBRB directory public listing
Forest Hills Immigration,+14165255270,Immigration & Naturalization Services,Immigration & Refugee Consulting Services Ontario,,,https://www.thecbrb.ca/directory/immigration-naturalization-services/cbrb-best-businesses-in-canada-forest-hills-immigration,https://www.thecbrb.ca/directory/immigration-naturalization-services,yes,CBRB directory public listing
Kutum Immigration & Legal Services,+16477045723,Immigration & Naturalization Services,"Immigration & Legal Services Mississauga , ON",,,https://www.thecbrb.ca/directory/immigration-naturalization-services/cbrb-best-businesses-in-canada-kutum-immigration-legal-services,https://www.thecbrb.ca/directory/immigration-naturalization-services,yes,CBRB directory public listing
LCC Immigration,+18889999194,Immigration & Naturalization Services,"Immigration & Naturalization Services Brampton, ON",,,https://www.thecbrb.ca/directory/immigration-naturalization-services/cbrb-best-businesses-in-canada-lcc-immigration,https://www.thecbrb.ca/directory/immigration-naturalization-services,yes,CBRB directory public listing
Lewis & Associates LLP,+14169242227,Immigration & Naturalization Services,"Immigration & Refugee Lawyers Toronto, ON",,,https://www.thecbrb.ca/directory/immigration-naturalization-services/cbrb-best-businesses-in-canada-lewis-associates-llp,https://www.thecbrb.ca/directory/immigration-naturalization-services,yes,CBRB directory public listing
LMRT Immigration Services,+14387006165,Immigration & Naturalization Services,"Immigration Lawyers Montreal, QC",,,https://www.thecbrb.ca/directory/immigration-naturalization-services/cbrb-best-businesses-in-canada-lmrt-immigration-services,https://www.thecbrb.ca/directory/immigration-naturalization-services,yes,CBRB directory public listing
Mirzadegan Immigration and Citizenship Services Inc,+16479846477,Immigration & Naturalization Services,"Immigration & Naturalization Services Richmond Hill , ON",,,https://www.thecbrb.ca/directory/immigration-naturalization-services/cbrb-best-businesses-in-canada-mirzadegan-immigration-and-citizenship-ser,https://www.thecbrb.ca/directory/immigration-naturalization-services,yes,CBRB directory public listing
Patel Canada Visa Consultancy Inc.,+15873490188,Immigration & Naturalization Services,"Immigration Consultant Calgary, AB",,,https://www.thecbrb.ca/directory/immigration-naturalization-services/cbrb-best-businesses-in-canada-patel-canada-visa-consultancy-inc,https://www.thecbrb.ca/directory/immigration-naturalization-services,yes,CBRB directory public listing
Acme Overseas,+17785641800,Immigration & Naturalization Services,"Corporate office Surrey, BC",,,https://www.thecbrb.ca/directory/immigration-naturalization-services/best-businesses-in-canada-2021-acme-overseas,https://www.thecbrb.ca/directory/immigration-naturalization-services,yes,CBRB directory public listing
AV Locky Immigration Solutions Inc.,+15192086430,Immigration & Naturalization Services,"Corporate office Kitchener, ON",,,https://www.thecbrb.ca/directory/immigration-naturalization-services/best-businesses-in-canada-2021-av-locky-immigration-solutions-inc,https://www.thecbrb.ca/directory/immigration-naturalization-services,yes,CBRB directory public listing
Bastion Immigration Consulting,+14379723697,Immigration & Naturalization Services,"Immigration Law Firm Toronto, ON",,,https://www.thecbrb.ca/directory/immigration-naturalization-services/cbrb-best-businesses-in-canada-2024-bastion-immigration-consulting,https://www.thecbrb.ca/directory/immigration-naturalization-services,yes,CBRB directory public listing
Brum Immigration,+17054080503,Immigration & Naturalization Services,"Immigration & Naturalization Services Ottawa, ON",,,https://www.thecbrb.ca/directory/immigration-naturalization-services/best-businesses-in-canada-2021-brum-immigration,https://www.thecbrb.ca/directory/immigration-naturalization-services,yes,CBRB directory public listing
Bright Tomorrows Immigration Services,+16136992305,Immigration & Naturalization Services,"Immigration Services Ottawa, ON",,,https://www.thecbrb.ca/directory/immigration-naturalization-services/best-businesses-in-canada-2021-bright-tomorrows-immigration-services,https://www.thecbrb.ca/directory/immigration-naturalization-services,yes,CBRB directory public listing
Bureau Conseil en Immigration,+15144182525,Immigration & Naturalization Services,"Immigration & Naturalization Services Montreal, QC",,,https://www.thecbrb.ca/directory/immigration-naturalization-services/cbrb-best-businesses-in-canada-2022-bureau-conseil-en-immigration,https://www.thecbrb.ca/directory/immigration-naturalization-services,yes,CBRB directory public listing
"Canadian Immigration and Employment Consulting Services, Inc.",+14033987203,Immigration & Naturalization Services,"Immigration Services Calgary, AB",,,https://www.thecbrb.ca/directory/immigration-naturalization-services/cbrb-best-businesses-in-canada-2023-ciecsi,https://www.thecbrb.ca/directory/immigration-naturalization-services,yes,CBRB directory public listing
Canada On Path Immigration Services,+16473020199,Immigration & Naturalization Services,"Legal services Mississauga, ON",,,https://www.thecbrb.ca/directory/immigration-naturalization-services/best-businesses-in-canada-2021-canada-on-path-immigration-services,https://www.thecbrb.ca/directory/immigration-naturalization-services,yes,CBRB directory public listing
Canada Rise Immigration Ltd - Seema Gill,+17788300150,Immigration & Naturalization Services,"Immigration Service Surrey, BC",,http://www.canadarise.ca,https://www.thecbrb.ca/directory/immigration-naturalization-services/best-businesses-in-canada-2022-canada-rise-immigration-ltd-seema-gill,https://www.thecbrb.ca/directory/immigration-naturalization-services,yes,CBRB directory public listing
Canadian Provincial Nominee & Immigration Services,+14164477033,Immigration & Naturalization Services,"Immigration & Naturalization Services Toronto, ON",,,https://www.thecbrb.ca/directory/immigration-naturalization-services/best-businesses-in-canada-2021-canadian-provincial-nominee-immigration,https://www.thecbrb.ca/directory/immigration-naturalization-services,yes,CBRB directory public listing
Canadian Title Immigration and Visa Consulting Inc.,+14165421000,Immigration & Naturalization Services,"Immigration and Visa Specialists Richmond Hill, ON",,https://ctivci.ca/,https://www.thecbrb.ca/directory/immigration-naturalization-services/best-businesses-in-canada-2021-canadian-title-immigration-and-visa-consul,https://www.thecbrb.ca/directory/immigration-naturalization-services,yes,CBRB directory public listing
CANKURD IMMIGRATION SERVICES INC,+14032932333,Immigration & Naturalization Services,"Immigration Services Calgary, AB",,,https://www.thecbrb.ca/directory/immigration-naturalization-services/best-businesses-in-canada-2021-cankurd-immigration-services-inc,https://www.thecbrb.ca/directory/immigration-naturalization-services,yes,CBRB directory public listing
CanNest Immigration Consulting,+16046623266,Immigration & Naturalization Services,"Immigration & Naturalization Services Vancouver, BC",,,https://www.thecbrb.ca/directory/immigration-naturalization-services/best-businesses-in-canada-2021-cannest-immigration-consulting,https://www.thecbrb.ca/directory/immigration-naturalization-services,yes,CBRB directory public listing
Career Plus Immigration Consultants Inc.,+17807098600,Immigration & Naturalization Services,"Immigration & Naturalization Service Edmonton, AB",,,https://www.thecbrb.ca/directory/immigration-naturalization-services/cbrb-best-businesses-in-canada-2024-career-plus-immigration-consultants-i,https://www.thecbrb.ca/directory/immigration-naturalization-services,yes,CBRB directory public listing
Clarke Immigration Law,+12045996966,Immigration & Naturalization Services,"Immigration Law Firm Winnipeg, MB",,https://www.apply2manitoba.ca/,https://www.thecbrb.ca/directory/immigration-naturalization-services/best-businesses-in-canada-2022-clarke-immigration-law,https://www.thecbrb.ca/directory/immigration-naturalization-services,yes,CBRB directory public listing
Compass Immigration Services,+16136180776,Immigration & Naturalization Services,"Immigration & Naturalization Services Ottawa, ON",,,https://www.thecbrb.ca/directory/immigration-naturalization-services/best-businesses-in-canada-2021-compass-immigration-services,https://www.thecbrb.ca/directory/immigration-naturalization-services,yes,CBRB directory public listing
Contreras Law,+16049170473,Immigration & Naturalization Services,"Immigration attorney Port Moody, BC",,,https://www.thecbrb.ca/directory/immigration-naturalization-services/best-businesses-in-canada-2021-contreras-law,https://www.thecbrb.ca/directory/immigration-naturalization-services,yes,CBRB directory public listing
Cougar Immigration,+15198002212,Immigration & Naturalization Services,"Law firm Windsor, ON",,,https://www.thecbrb.ca/directory/immigration-naturalization-services/cbrb-best-businesses-in-canada-2023-cougar-immigration,https://www.thecbrb.ca/directory/immigration-naturalization-services,yes,CBRB directory public listing
DV Dhaliwal Immigration Consultancy Ltd.,+17788669664,Immigration & Naturalization Services,,"Immigration & Naturalization Services Victoria, British Columbia",,https://www.thecbrb.ca/directory/immigration-naturalization-services/best-businesses-in-canada-2021-dv-dhaliwal-immigration-consultancy-ltd,https://www.thecbrb.ca/directory/immigration-naturalization-services,yes,CBRB directory public listing
Equality Immigration Services,+16472504005,Immigration & Naturalization Services,"Immigration Consulting Services Toronto, ON",,,https://www.thecbrb.ca/directory/immigration-naturalization-services/cbrb-best-businesses-in-canada-2023-equality-immigration-services,https://www.thecbrb.ca/directory/immigration-naturalization-services,yes,CBRB directory public listing
Fourway Immigration Services,+16474658894,Immigration & Naturalization Services,"Immigration Consulting Firm Brampton, ON",,,https://www.thecbrb.ca/directory/immigration-naturalization-services/cbrb-best-businesses-in-canada-2024-fourway-immigration-services,https://www.thecbrb.ca/directory/immigration-naturalization-services,yes,CBRB directory public listing
Get In Canada,+14389204030,Immigration & Naturalization Services,"Immigration attorney Montreal, QC",,,https://www.thecbrb.ca/directory/immigration-naturalization-services/best-businesses-in-canada-2022-get-in-canada,https://www.thecbrb.ca/directory/immigration-naturalization-services,yes,CBRB directory public listing
Gill Visa House Immigration Services Inc.,+16479630085,Immigration & Naturalization Services,"Immigration Consultant Cambridge, ON",,,https://www.thecbrb.ca/directory/immigration-naturalization-services/cbrb-best-businesses-in-canada-2024-gill-visa-house-immigration-services,https://www.thecbrb.ca/directory/immigration-naturalization-services,yes,CBRB directory public listing
Guru Immigration Solutions,+16478612509,Immigration & Naturalization Services,"Canadian Immigration Visa Consulting Services Brampton, ON",,,https://www.thecbrb.ca/directory/immigration-naturalization-services/cbrb-best-businesses-in-canada-2023-guru-immigration-solutions,https://www.thecbrb.ca/directory/immigration-naturalization-services,yes,CBRB directory public listing
Hua ling Consultant Inc.,+14166972088,Immigration & Naturalization Services,"Immigration Consulting Toronto, ON",,,https://www.thecbrb.ca/directory/immigration-naturalization-services/cbrb-best-businesses-in-canada-hua-ling-consultant-inc,https://www.thecbrb.ca/directory/immigration-naturalization-services,yes,CBRB directory public listing
Idea Immigration Solutions Ltd,+16045971119,Immigration & Naturalization Services,"Immigration Consultant Surrey, BC",,,https://www.thecbrb.ca/directory/immigration-naturalization-services/best-businesses-in-canada-2021-idea-immigration-solutions-ltd,https://www.thecbrb.ca/directory/immigration-naturalization-services,yes,CBRB directory public listing
I-DREAM IMMIGRATION INC,+17789813000,Immigration & Naturalization Services,"Immigration & naturalization service Surrey, BC",,http://www.idimmigration.com/,https://www.thecbrb.ca/directory/immigration-naturalization-services/best-businesses-in-canada-2021-i-dream-immigration-inc,https://www.thecbrb.ca/directory/immigration-naturalization-services,yes,CBRB directory public listing
Jet Immigration,+19055952255,Immigration & Naturalization Services,"Full Service Immigration Firm Brampton, ON",,,https://www.thecbrb.ca/directory/immigration-naturalization-services/cbrb-best-businesses-in-canada-2022-jet-immigration,https://www.thecbrb.ca/directory/immigration-naturalization-services,yes,CBRB directory public listing
"Kahlon Law Office - Arshdeep Kahlon, Barrister and Solicitor",+16476767174,Immigration & Naturalization Services,"Immigration attorney Brampton, ON",,,https://www.thecbrb.ca/directory/immigration-naturalization-services/best-businesses-in-canada-2021-kahlon-law-office-arshdeep-kahlon-barri,https://www.thecbrb.ca/directory/immigration-naturalization-services,yes,CBRB directory public listing
Leila Maham Immigration Services,+14169995757,Immigration & Naturalization Services,"Consultant Toronto, ON",,,https://www.thecbrb.ca/directory/immigration-naturalization-services/cbrb-best-businesses-in-canada-2023-leila-maham-immigration-services,https://www.thecbrb.ca/directory/immigration-naturalization-services,yes,CBRB directory public listing
Mansouri Immigration Firm,+16044685747,Immigration & Naturalization Services,"Immigration & Naturalization Services Vancouver, BC",,,https://www.thecbrb.ca/directory/immigration-naturalization-services/cbrb-best-businesses-in-canada-2023-mansouri-immigration-firm,https://www.thecbrb.ca/directory/immigration-naturalization-services,yes,CBRB directory public listing
MDSVISA Immigration Services,+19057669600,Immigration & Naturalization Services,"Immigration & Naturalization Services Mississauga , ON",,,https://www.thecbrb.ca/directory/immigration-naturalization-services/best-businesses-in-canada-2021-mdsvisa-immigration-services,https://www.thecbrb.ca/directory/immigration-naturalization-services,yes,CBRB directory public listing
Migrating Bird Immigration Services Inc,+16043621969,Immigration & Naturalization Services,"Immigration & Naturalization Services North Vancouver, BC",,,https://www.thecbrb.ca/directory/immigration-naturalization-services/cbrb-best-businesses-in-canada-2023-migrating-bird-immigration-services,https://www.thecbrb.ca/directory/immigration-naturalization-services,yes,CBRB directory public listing
NIA Immigration Services,+16044455555,Immigration & Naturalization Services,"Immigration Attorney North Vancouver , BC",,,https://www.thecbrb.ca/directory/immigration-naturalization-services/cbrb-best-businesses-in-canada-2023-nia-immigration-services,https://www.thecbrb.ca/directory/immigration-naturalization-services,yes,CBRB directory public listing
Nohproblem Consulting INC and Jungmin Noh Immigration Consulting,+16047578688,Immigration & Naturalization Services,"Immigration and Education Consulting Business Vancouver , BC",,,https://www.thecbrb.ca/directory/immigration-naturalization-services/best-businesses-in-canada-2021-nohproblem-consulting,https://www.thecbrb.ca/directory/immigration-naturalization-services,yes,CBRB directory public listing
Nova Pathway Immigration Service Inc.,+14168007857,Immigration & Naturalization Services,"Education and Immigration Service Company Toronto, ON",,,https://www.thecbrb.ca/directory/immigration-naturalization-services/cbrb-best-businesses-in-canada-2023-nova-pathway-immigration-service-inc,https://www.thecbrb.ca/directory/immigration-naturalization-services,yes,CBRB directory public listing
Perez McKenzie Immigration,+17786509700,Immigration & Naturalization Services,,"Consultant Vancouver, British Columbia",,https://www.thecbrb.ca/directory/immigration-naturalization-services/best-businesses-in-canada-2021-perez-mckenzie-immigration,https://www.thecbrb.ca/directory/immigration-naturalization-services,yes,CBRB directory public listing
Rainbow Immigration Ltd.,+12042027900,Immigration & Naturalization Services,,"Immigration & Naturalization Services Winnipeg, Manitoba",,https://www.thecbrb.ca/directory/immigration-naturalization-services/best-businesses-in-canada-2021-rainbow-immigration-ltd,https://www.thecbrb.ca/directory/immigration-naturalization-services,yes,CBRB directory public listing
Swallow Immigration Consultancy Inc,+15062068585,Immigration & Naturalization Services,,"Immigration & Naturalization Services Fredericton, New Brunswick",,https://www.thecbrb.ca/directory/immigration-naturalization-services/best-businesses-in-canada-2021-swallow-immigration-consultancy-inc,https://www.thecbrb.ca/directory/immigration-naturalization-services,yes,CBRB directory public listing
Taaj Insurance Services,+12049968200,Immigration & Naturalization Services,,"Immigration & Naturalization Services Winnipeg, Manitoba",,https://www.thecbrb.ca/directory/immigration-naturalization-services/best-businesses-in-canada-2021-taaj-insurance-services,https://www.thecbrb.ca/directory/immigration-naturalization-services,yes,CBRB directory public listing
The Immigration Express,+18772392324,Immigration & Naturalization Services,,"Immigration & Naturalization Services Toronto, Ontario",,https://www.thecbrb.ca/directory/immigration-naturalization-services/best-businesses-in-canada-2022-the-immigration-express,https://www.thecbrb.ca/directory/immigration-naturalization-services,yes,CBRB directory public listing
Truway Immigration Consulting,+12896087408,Immigration & Naturalization Services,,"Immigration & Naturalization Services Mississauga, Ontario",,https://www.thecbrb.ca/directory/immigration-naturalization-services/best-businesses-in-canada-2022-truway-immigration-consulting,https://www.thecbrb.ca/directory/immigration-naturalization-services,yes,CBRB directory public listing
Visarete Immigration Services,+14168294753,Immigration & Naturalization Services,,"Immigration & Naturalization Services Whitby, Ontario",,https://www.thecbrb.ca/directory/immigration-naturalization-services/best-businesses-in-canada-2022-visarete-immigration-services,https://www.thecbrb.ca/directory/immigration-naturalization-services,yes,CBRB directory public listing
VisapourCanada,+15148333663,Immigration & Naturalization Services,"Regulated Canadian Immigration Consultants Saint-Zotique, QC",,https://visapourcanada.com/en/,https://www.thecbrb.ca/directory/immigration-naturalization-services/cbrb-best-businesses-in-canada-2022-visapourcanada,https://www.thecbrb.ca/directory/immigration-naturalization-services,yes,CBRB directory public listing
Waterbrooke Immigration Services Inc.,+16478184429,Immigration & Naturalization Services,"Licensed Immigration Consultants Brampton, ON",,,https://www.thecbrb.ca/directory/immigration-naturalization-services/cbrb-best-businesses-in-canada-2023-waterbrooke-immigration-services-inc,https://www.thecbrb.ca/directory/immigration-naturalization-services,yes,CBRB directory public listing
WestSquare Immigration Services Limited,+17802433786,Immigration & Naturalization Services,"Immigration Attorney Edmonton , AB",,,https://www.thecbrb.ca/directory/immigration-naturalization-services/best-businesses-in-canada-2021-westsquare-immigration-services-limited,https://www.thecbrb.ca/directory/immigration-naturalization-services,yes,CBRB directory public listing
Yarsa Immigration Services,+16047638817,Immigration & Naturalization Services,"Immigration Attorney Port Moody, BC",,,https://www.thecbrb.ca/directory/immigration-naturalization-services/cbrb-best-businesses-in-canada-2024-yarsa-immigration-services,https://www.thecbrb.ca/directory/immigration-naturalization-services,yes,CBRB directory public listing
Yoke Immigration Services Ltd,+19059043224,Immigration & Naturalization Services,"Canadian Immigration Services Toronto, ON",,,https://www.thecbrb.ca/directory/immigration-naturalization-services/cbrb-best-businesses-in-canada-2023-yoke-immigration-services-ltd,https://www.thecbrb.ca/directory/immigration-naturalization-services,yes,CBRB directory public listing
Bugaboo Landscaping Ltd,+14032837843,Landscapers,,"Property Maintenance Calgary, Alberta",,https://www.thecbrb.ca/directory/landscapers/cbrb-best-businesses-in-canada-bugaboo-landscaping-ltd,https://www.thecbrb.ca/directory/landscapers,yes,CBRB directory public listing
Burlington Landscaping and Sod,+19058185922,Landscapers,,"Sod & Irrigation Installation Services Burlington, Ontario",,https://www.thecbrb.ca/directory/landscapers/cbrb-best-businesses-in-canada-burlington-landscaping-and-sod,https://www.thecbrb.ca/directory/landscapers,yes,CBRB directory public listing
LandSharx,+14034568500,Landscapers,,"Lawn Care & Snow Removal Services Calgary, Alberta",,https://www.thecbrb.ca/directory/landscapers/cbrb-best-businesses-in-canada-landsharx,https://www.thecbrb.ca/directory/landscapers,yes,CBRB directory public listing
Nick's Renoland Inc.,+16043382566,Landscapers,,"Landscaping Company Surrey, British Columbia",,https://www.thecbrb.ca/directory/landscapers/cbrb-best-businesses-in-canada-nicks-renoland-inc,https://www.thecbrb.ca/directory/landscapers,yes,CBRB directory public listing
Oakville Fence Repair Ltd,+16474954151,Landscapers,"Fence,","Landscaping & Snow Removal Contractor Burlington, Ontario",,https://www.thecbrb.ca/directory/landscapers/cbrb-best-businesses-in-canada-oakville-fence-repair-ltd,https://www.thecbrb.ca/directory/landscapers,yes,CBRB directory public listing
Silvestro Landscape Construction Inc.,+15197716977,Landscapers,,"Landscape Construction Brantford, Ontario",,https://www.thecbrb.ca/directory/landscapers/cbrb-best-businesses-in-canada-silvestro-landscape-construction-inc,https://www.thecbrb.ca/directory/landscapers,yes,CBRB directory public listing
"The Growing Season, Inc.",+14164524889,Landscapers,,"Landscape Design & Installation Services Bolton, Ontario",,https://www.thecbrb.ca/directory/landscapers/cbrb-best-businesses-in-canada-the-growing-season-inc,https://www.thecbrb.ca/directory/landscapers,yes,CBRB directory public listing
Aussie Tree Care,+16132831698,Landscapers,,"Tree Services Lombardy, Ontario",,https://www.thecbrb.ca/directory/landscapers/cbrb-best-businesses-in-canada-2024-aussie-tree-care,https://www.thecbrb.ca/directory/landscapers,yes,CBRB directory public listing
Be Yard Smart Inc.,+14035480055,Landscapers,,"Lawn Care & Snow Removal Medicine Hat, Alberta",https://www.yardsmartmedicinehat.com/,https://www.thecbrb.ca/directory/landscapers/best-businesses-in-canada-2022-be-yard-smart-inc,https://www.thecbrb.ca/directory/landscapers,yes,CBRB directory public listing
Brad's Tree Service,+17056072684,Landscapers,,"Tree service Barrie, Ontario",,https://www.thecbrb.ca/directory/landscapers/best-businesses-in-canada-2021-brads-tree-service,https://www.thecbrb.ca/directory/landscapers,yes,CBRB directory public listing
Diamond Cut Lawn Services Ltd.,+14035271100,Landscapers,,"Lawn Maintenance and Vegetation Control Medicine Hat, Alberta",,https://www.thecbrb.ca/directory/landscapers/cbrb-best-businesses-in-canada-2022-diamond-cut-lawn-services-ltd,https://www.thecbrb.ca/directory/landscapers,yes,CBRB directory public listing
Fontaine Contracting LTD.,+16048455441,Landscapers,,"Landscaper Chilliwack, British Columbia",,https://www.thecbrb.ca/directory/landscapers/cbrb-best-businesses-in-canada-2023-fontaine-contracting-ltd,https://www.thecbrb.ca/directory/landscapers,yes,CBRB directory public listing
Froman's Landscaping,+15197560704,Landscapers,,"Landscape designer Brantford, Ontario",,https://www.thecbrb.ca/directory/landscapers/best-businesses-in-canada-2022-fromans-landscaping,https://www.thecbrb.ca/directory/landscapers,yes,CBRB directory public listing
Great White Landscaping & Snow Removal Ltd.,+15196483735,Landscapers,Landscape architect Ontario,,,https://www.thecbrb.ca/directory/landscapers/best-businesses-in-canada-2022-great-white-landscaping-snow-removal-ltd,https://www.thecbrb.ca/directory/landscapers,yes,CBRB directory public listing
Green Blade Lawn Care,+12048371764,Landscapers,Lawn Care & Snow Clearing Services Manitoba,,,https://www.thecbrb.ca/directory/landscapers/cbrb-best-businesses-in-canada-2024-green-blade-lawn-care,https://www.thecbrb.ca/directory/landscapers,yes,CBRB directory public listing
Greenfield Landscaping and Lawn Care,+19057097773,Landscapers,,"Landscaper Markham, Ontario",,https://www.thecbrb.ca/directory/landscapers/best-businesses-in-canada-2022-greenfield-landscaping-and-lawn-care,https://www.thecbrb.ca/directory/landscapers,yes,CBRB directory public listing
Groupe Delsol,+15142606890,Landscapers,,"Landscaping supply store Boisbriand, Quebec",http://www.hhsedmonton.com/,https://www.thecbrb.ca/directory/landscapers/best-businesses-in-canada-2021-groupe-delsol,https://www.thecbrb.ca/directory/landscapers,yes,CBRB directory public listing
H.S Lawn Care and Property Maintenance,+19055123680,Landscapers,,"Landscaping Services Hamilton, Ontario",https://imaginelawns.ca/,https://www.thecbrb.ca/directory/landscapers/best-businesses-in-canada-2022-h-s-lawn-care-and-property-maintenance,https://www.thecbrb.ca/directory/landscapers,yes,CBRB directory public listing
Kalagan Outdoor Design,+12503069449,Landscapers,,"Landscaping Services Vernon, British Columbia",https://kalaganoutdoordesign.com/,https://www.thecbrb.ca/directory/landscapers/best-businesses-in-canada-2022-kalagan-outdoor-design,https://www.thecbrb.ca/directory/landscapers,yes,CBRB directory public listing
LOTUS,+14166717270,Landscapers,,"Landscape Contractor Toronto, Ontario",,https://www.thecbrb.ca/directory/landscapers/best-businesses-in-canada-2021-lotus,https://www.thecbrb.ca/directory/landscapers,yes,CBRB directory public listing
M&S Landscaping Design And Build Inc.,+16474606782,Landscapers,,"Residential and Commercial Landscaping Services Toronto, Ontario",,https://www.thecbrb.ca/directory/landscapers/best-businesses-in-canada-2022-ms-landscaping-design-and-build-inc,https://www.thecbrb.ca/directory/landscapers,yes,CBRB directory public listing
Newfoundlandscape Design & Construction Inc.,+16132985041,Landscapers,,"Landscape Contractor Ottawa, Ontario",,https://www.thecbrb.ca/directory/landscapers/cbrb-best-businesses-in-canada-2024-newfoundlandscape-design,https://www.thecbrb.ca/directory/landscapers,yes,CBRB directory public listing
Norse Landscapes,+14039091861,Landscapers,,"Landscaping Calgary, Alberta",https://norselandscapes.ca/,https://www.thecbrb.ca/directory/landscapers/best-businesses-in-canada-2021-norse-landscapes,https://www.thecbrb.ca/directory/landscapers,yes,CBRB directory public listing
Okanagan Yard Works,+12508990981,Landscapers,,"Landscape Contractor Kelowna, British Columbia",,https://www.thecbrb.ca/directory/landscapers/best-businesses-in-canada-2021-okanagan-yard-works,https://www.thecbrb.ca/directory/landscapers,yes,CBRB directory public listing
Paterson Yard Works,+12042963698,Landscapers,,"Landscaping and Lawn Care Service Niverville, Manitoba",,https://www.thecbrb.ca/directory/landscapers/best-businesses-in-canada-2022-paterson-yard-works,https://www.thecbrb.ca/directory/landscapers,yes,CBRB directory public listing
Paysagement Duguay,+14389330876,Landscapers,,"Landscaper Laval, Quebec",,https://www.thecbrb.ca/directory/landscapers/cbrb-best-businesses-in-canada-2023-paysagement-duguay,https://www.thecbrb.ca/directory/landscapers,yes,CBRB directory public listing
Professional Tree Removal,+12506122520,Landscapers,,"Tree Service Prince George, British Columbia",,https://www.thecbrb.ca/directory/landscapers/best-businesses-in-canada-2022-professional-tree-removal,https://www.thecbrb.ca/directory/landscapers,yes,CBRB directory public listing
The Gardener - Peterborough,+17057415505,Landscapers,,"Landscaper Cavan, Ontario",,https://www.thecbrb.ca/directory/landscapers/cbrb-best-businesses-in-canada-2023-the-gardener-peterborough,https://www.thecbrb.ca/directory/landscapers,yes,CBRB directory public listing
Tree and Tractor,+18076205625,Landscapers,,"Arborist and Tree Surgeon Thunder Bay, Ontario",,https://www.thecbrb.ca/directory/landscapers/cbrb-best-businesses-in-canada-2023-tree-and-tractor,https://www.thecbrb.ca/directory/landscapers,yes,CBRB directory public listing
Trillium Property Services,+14169518533,Landscapers,,"Landscaping Company Aurora, Ontario",https://www.aurorasnowremoval.ca/,https://www.thecbrb.ca/directory/landscapers/cbrb-best-businesses-in-canada-2023-trillium-property-services,https://www.thecbrb.ca/directory/landscapers,yes,CBRB directory public listing
Verdant Landscape Design Build Management,+12262380591,Landscapers,,"Landscape and Design Build Management Ingersoll, Ontario",,https://www.thecbrb.ca/directory/landscapers/best-businesses-in-canada-2022-verdant-landscape-design-build-management,https://www.thecbrb.ca/directory/landscapers,yes,CBRB directory public listing
Vertical Landscape Architects Inc.,+14165188446,Landscapers,,"Landscape architect Toronto, Ontario",,https://www.thecbrb.ca/directory/landscapers/best-businesses-in-canada-2021-vertical-landscape-architects-inc,https://www.thecbrb.ca/directory/landscapers,yes,CBRB directory public listing
Azimi Law,+14169004128,Lawyers & Legal Services,"Personal Injury & Immigration Legal Services Toronto, ON",,,https://www.thecbrb.ca/directory/lawyers-legal-services/cbrb-best-businesses-in-canada-azimi-law,https://www.thecbrb.ca/directory/lawyers-legal-services,yes,CBRB directory public listing
Cheryl A. Hodgkin - The Family Law Firm,+15192585252,Lawyers & Legal Services,"Family Law Firm Windsor, ON",,,https://www.thecbrb.ca/directory/lawyers-legal-services/cbrb-best-businesses-in-canada-cheryl-a-hodgkin-the-family-law-firm,https://www.thecbrb.ca/directory/lawyers-legal-services,yes,CBRB directory public listing
Ford Haymour & Associates LLP,+14032456464,Lawyers & Legal Services,"Full-Service Law Firm Calgar y , AB",,,https://www.thecbrb.ca/directory/lawyers-legal-services/cbrb-best-businesses-in-canada-ford-haymour-associates-llp,https://www.thecbrb.ca/directory/lawyers-legal-services,yes,CBRB directory public listing
J. Donovan Law Group,+15064068080,Lawyers & Legal Services,"Law Firm Fredericton, NB",,,https://www.thecbrb.ca/directory/lawyers-legal-services/cbrb-best-businesses-in-canada-j-donovan-law-group,https://www.thecbrb.ca/directory/lawyers-legal-services,yes,CBRB directory public listing
Joseph A. Nagy Injury Law,+17807604878,Lawyers & Legal Services,"Personal Injury Attorney Edmonton, AB",,,https://www.thecbrb.ca/directory/lawyers-legal-services/cbrb-best-businesses-in-canada-joseph-a-nagy-injury-law,https://www.thecbrb.ca/directory/lawyers-legal-services,yes,CBRB directory public listing
Kantor LLP,+14034522011,Lawyers & Legal Services,"Estate Litigation Lawyers Calgary, AB",,,https://www.thecbrb.ca/directory/lawyers-legal-services/cbrb-best-businesses-in-canada-kantor-llp,https://www.thecbrb.ca/directory/lawyers-legal-services,yes,CBRB directory public listing
La Boîte Juridique,+18197788809,Lawyers & Legal Services,"Civil Litigation and Business Lawyers Gatineau, QC",,,https://www.thecbrb.ca/directory/lawyers-legal-services/cbrb-best-businesses-in-canada-la-boîte-juridique,https://www.thecbrb.ca/directory/lawyers-legal-services,yes,CBRB directory public listing
Oatley Vigmond LLP,+14162256550,Lawyers & Legal Services,"Personal Injury Law Firm Toronto, ON",,,https://www.thecbrb.ca/directory/lawyers-legal-services/cbrb-best-businesses-in-canada-oatley-vigmond-llp,https://www.thecbrb.ca/directory/lawyers-legal-services,yes,CBRB directory public listing
Pardon Applications of Canada,+18663839744,Lawyers & Legal Services,"Processing Firm Ottawa, ON",,https://www.pardonapplications.ca,https://www.thecbrb.ca/directory/lawyers-legal-services/cbrb-best-businesses-in-canada-pardon-applications-of-canada,https://www.thecbrb.ca/directory/lawyers-legal-services,yes,CBRB directory public listing
Pipella Law,+14032658733,Lawyers & Legal Services,"Personal Injury Law Firm Calgary, AB",,,https://www.thecbrb.ca/directory/lawyers-legal-services/cbrb-best-businesses-in-canada-pipella-law,https://www.thecbrb.ca/directory/lawyers-legal-services,yes,CBRB directory public listing
Renée Cormier Law,+15063515222,Lawyers & Legal Services,"General Practice Attorney Shediac, NB",,,https://www.thecbrb.ca/directory/lawyers-legal-services/cbrb-best-businesses-in-canada-renée-cormier-law,https://www.thecbrb.ca/directory/lawyers-legal-services,yes,CBRB directory public listing
Resolve Legal Group,+14032292365,Lawyers & Legal Services,"Family Law Firm & Divorce Lawyers Calgary, AB",,,https://www.thecbrb.ca/directory/lawyers-legal-services/cbrb-best-businesses-in-canada-resolve-legal-group,https://www.thecbrb.ca/directory/lawyers-legal-services,yes,CBRB directory public listing
SMP Law,+19055659494,Lawyers & Legal Services,"Family Law Firm Mississauga , ON",,,https://www.thecbrb.ca/directory/lawyers-legal-services/cbrb-best-businesses-in-canada-smp-law,https://www.thecbrb.ca/directory/lawyers-legal-services,yes,CBRB directory public listing
Stokes Law LLP,+15874334623,Lawyers & Legal Services,"Family Law Firm and Mediation Services Calgary, AB",,,https://www.thecbrb.ca/directory/lawyers-legal-services/cbrb-best-businesses-in-canada-stokes-law-llp,https://www.thecbrb.ca/directory/lawyers-legal-services,yes,CBRB directory public listing
Valent Legal,+19024434488,Lawyers & Legal Services,"Personal Injury Law Firm Halifax, NS",,,https://www.thecbrb.ca/directory/lawyers-legal-services/cbrb-best-businesses-in-canada-valent-legal,https://www.thecbrb.ca/directory/lawyers-legal-services,yes,CBRB directory public listing
Vosooghi Law Professional Corporation,+14169988900,Lawyers & Legal Services,"Law Firm Richmond Hill , ON",,,https://www.thecbrb.ca/directory/lawyers-legal-services/cbrb-best-businesses-in-canada-vosooghi-law-professional-corporation,https://www.thecbrb.ca/directory/lawyers-legal-services,yes,CBRB directory public listing
Amer Ali Law Professional Corporation,+13436335997,Lawyers & Legal Services,"Real Estate Lawyer Ottawa, ON",,,https://www.thecbrb.ca/directory/lawyers-legal-services/best-businesses-in-canada-2022-amer-ali-law-professional-corporation,https://www.thecbrb.ca/directory/lawyers-legal-services,yes,CBRB directory public listing
Bourdon Defence,+14034744143,Lawyers & Legal Services,"Criminal Defence Lawyer Calgary, AB",,,https://www.thecbrb.ca/directory/lawyers-legal-services/best-businesses-in-canada-2022-bourdon-defence,https://www.thecbrb.ca/directory/lawyers-legal-services,yes,CBRB directory public listing
BPark Law Professional Corporation,+16473750088,Lawyers & Legal Services,"Law Firm Oakville, ON",,,https://www.thecbrb.ca/directory/lawyers-legal-services/cbrb-best-businesses-in-canada-2023-bpark-law-professional-corporation,https://www.thecbrb.ca/directory/lawyers-legal-services,yes,CBRB directory public listing
Cantini Law,+15068672529,Lawyers & Legal Services,"Personal Injury Attorney Moncton, N B",,,https://www.thecbrb.ca/directory/lawyers-legal-services/cbrb-best-businesses-in-canada-2022-cantini-law,https://www.thecbrb.ca/directory/lawyers-legal-services,yes,CBRB directory public listing
Caprara Barristers (CBLAW),+14167819350,Lawyers & Legal Services,"Personal Injury Attorney Vaughan, ON",,,https://www.thecbrb.ca/directory/lawyers-legal-services/cbrb-best-businesses-in-canada-2023-caprara-barristers-cblaw,https://www.thecbrb.ca/directory/lawyers-legal-services,yes,CBRB directory public listing
Chartrand Law Office,+17809998001,Lawyers & Legal Services,"Lawyers Edmonton, AB",,,https://www.thecbrb.ca/directory/lawyers-legal-services/cbrb-best-businesses-in-canada-2022-chartrand-law-office,https://www.thecbrb.ca/directory/lawyers-legal-services,yes,CBRB directory public listing
Cuming & Gillespie,+14035710555,Lawyers & Legal Services,"Injury Law Firm Calgary, AB",,,https://www.thecbrb.ca/directory/lawyers-legal-services/cbrb-best-businesses-in-canada-2023-cuming-gillespie,https://www.thecbrb.ca/directory/lawyers-legal-services,yes,CBRB directory public listing
Davidson & Williams LLP,+14033281766,Lawyers & Legal Services,"General practice attorney Lethbridge, AB",,,https://www.thecbrb.ca/directory/lawyers-legal-services/best-businesses-in-canada-2022-davidson-williams-llp,https://www.thecbrb.ca/directory/lawyers-legal-services,yes,CBRB directory public listing
Edmonton Criminal Lawyer Ziv,+17806867948,Lawyers & Legal Services,"Criminal Defence Lawyer Edmonton, AB",,,https://www.thecbrb.ca/directory/lawyers-legal-services/best-businesses-in-canada-2022-edmonton-criminal-lawyer-ziv,https://www.thecbrb.ca/directory/lawyers-legal-services,yes,CBRB directory public listing
Gavran Criminal Defence,+16476246324,Lawyers & Legal Services,"Legal Services Toronto, ON",,,https://www.thecbrb.ca/directory/lawyers-legal-services/best-businesses-in-canada-2021-gavran-criminal-defence,https://www.thecbrb.ca/directory/lawyers-legal-services,yes,CBRB directory public listing
GK Law Firm,+15199460275,Lawyers & Legal Services,"Law Firm Windsor, ON",,,https://www.thecbrb.ca/directory/lawyers-legal-services/cbrb-best-businesses-in-canada-2022-gk-law-firm-professional-corporation,https://www.thecbrb.ca/directory/lawyers-legal-services,yes,CBRB directory public listing
Graydon Sheppard Professional Corporation,+19055241660,Lawyers & Legal Services,"Civil Litigation Lawyers Hamilton, ON",,,https://www.thecbrb.ca/directory/lawyers-legal-services/cbrb-best-businesses-in-canada-2023-graydon-sheppard-professional-corpora,https://www.thecbrb.ca/directory/lawyers-legal-services,yes,CBRB directory public listing
Gordon & Company,+12508609997,Lawyers & Legal Services,"Law Firm Kelowna, B C",,,https://www.thecbrb.ca/directory/lawyers-legal-services/cbrb-best-businesses-in-canada-2023-gordon-company,https://www.thecbrb.ca/directory/lawyers-legal-services,yes,CBRB directory public listing
Harneet Singh Legal Professional Corporation,+14166042227,Lawyers & Legal Services,"Law firm Toronto, ON",,,https://www.thecbrb.ca/directory/lawyers-legal-services/best-businesses-in-canada-2022-harneet-singh-legal-professional-corporati,https://www.thecbrb.ca/directory/lawyers-legal-services,yes,CBRB directory public listing
Hepburn Law,+19058695488,Lawyers & Legal Services,"Criminal Defence Lawyer Hamilton, ON",,,https://www.thecbrb.ca/directory/lawyers-legal-services/cbrb-best-businesses-in-canada-2024-hepburn-law,https://www.thecbrb.ca/directory/lawyers-legal-services,yes,CBRB directory public listing
Horra Family Law,+14168401475,Lawyers & Legal Services,"Corporate office Markham, ON",,,https://www.thecbrb.ca/directory/lawyers-legal-services/best-businesses-in-canada-2021-horra-family-law,https://www.thecbrb.ca/directory/lawyers-legal-services,yes,CBRB directory public listing
James H. Brown & Associates,+17804280088,Lawyers & Legal Services,"Personal Injury Law Edmonton, AB",,,https://www.thecbrb.ca/directory/lawyers-legal-services/cbrb-best-businesses-in-canada-2024-james-h-brown-associates,https://www.thecbrb.ca/directory/lawyers-legal-services,yes,CBRB directory public listing
JD Law - Jennifer L. Cragg,+15872721414,Lawyers & Legal Services,"Lawyer Red Deer, AB",,,https://www.thecbrb.ca/directory/lawyers-legal-services/best-businesses-in-canada-2021-jd-law-jennifer-l-cragg-real-estate,https://www.thecbrb.ca/directory/lawyers-legal-services,yes,CBRB directory public listing
Kalfa Law,+14166317227,Lawyers & Legal Services,"Business & Tax Lawyers Vaughan, ON",,,https://www.thecbrb.ca/directory/lawyers-legal-services/cbrb-best-businesses-in-canada-2022-kalfa-law,https://www.thecbrb.ca/directory/lawyers-legal-services,yes,CBRB directory public listing
KS LEGAL,+19055019555,Lawyers & Legal Services,"Law Firm Mississauga, ON",,,https://www.thecbrb.ca/directory/lawyers-legal-services/best-businesses-in-canada-2021-ks-legal,https://www.thecbrb.ca/directory/lawyers-legal-services,yes,CBRB directory public listing
LawyerG,+14034545294,Lawyers & Legal Services,"Law firm Calgary, AB - (",,,https://www.thecbrb.ca/directory/lawyers-legal-services/best-businesses-in-canada-2022-lawyerg,https://www.thecbrb.ca/directory/lawyers-legal-services,yes,CBRB directory public listing
Legal Studio Professional Corporation,+18888032944,Lawyers & Legal Services,"Law Firm Mississauga, ON",,,https://www.thecbrb.ca/directory/lawyers-legal-services/best-businesses-in-canada-2021-legal-studio,https://www.thecbrb.ca/directory/lawyers-legal-services,yes,CBRB directory public listing
Lorraine E. John - Notary Public,+16049854150,Lawyers & Legal Services,"Notary Public North Vancouver, B C",,,https://www.thecbrb.ca/directory/lawyers-legal-services/cbrb-best-businesses-in-canada-2022-lorraine-e-john-notary-public,https://www.thecbrb.ca/directory/lawyers-legal-services,yes,CBRB directory public listing
Lutz Parish Gerrish,+15068321500,Lawyers & Legal Services,"Law Firm Hampton, NB",,,https://www.thecbrb.ca/directory/lawyers-legal-services/cbrb-best-businesses-in-canada-2023-lutz-parish-gerrish,https://www.thecbrb.ca/directory/lawyers-legal-services,yes,CBRB directory public listing
Merchant Law Group LLP,+13063597777,Lawyers & Legal Services,"Law Firm Regina, SK",,,https://www.thecbrb.ca/directory/lawyers-legal-services/cbrb-best-businesses-in-canada-2022-merchant-law-group-llp,https://www.thecbrb.ca/directory/lawyers-legal-services,yes,CBRB directory public listing
MNK & Associates DBA YOUR Legal Services,+19056414446,Lawyers & Legal Services,"Law Firm St. Catharines, ON",,,https://www.thecbrb.ca/directory/lawyers-legal-services/best-businesses-in-canada-2022-mnk-associates-dba-your-legal-services,https://www.thecbrb.ca/directory/lawyers-legal-services,yes,CBRB directory public listing
Moondi Law Professional Corporation,+14167498100,Lawyers & Legal Services,"Law Firm Toronto, ON",,,https://www.thecbrb.ca/directory/lawyers-legal-services/cbrb-best-businesses-in-canada-2024-moondi-law,https://www.thecbrb.ca/directory/lawyers-legal-services,yes,CBRB directory public listing
Morris Law,+12269161755,Lawyers & Legal Services,"Law Firm Mono, ON",,,https://www.thecbrb.ca/directory/lawyers-legal-services/cbrb-best-businesses-in-canada-2023-morris-law,https://www.thecbrb.ca/directory/lawyers-legal-services,yes,CBRB directory public listing
Nasser Allan LLP,+16046208682,Lawyers & Legal Services,"Family and Divorce Lawyers Vancouver, B C",,,https://www.thecbrb.ca/directory/lawyers-legal-services/cbrb-best-businesses-in-canada-2023-nasser-allan-llp,https://www.thecbrb.ca/directory/lawyers-legal-services,yes,CBRB directory public listing
Nicolas Lejeune Notary Public,+17783856008,Lawyers & Legal Services,"Notary Public Vancouver, B C",,,https://www.thecbrb.ca/directory/lawyers-legal-services/cbrb-best-businesses-in-canada-2023-nicolas-lejeune-notary-public,https://www.thecbrb.ca/directory/lawyers-legal-services,yes,CBRB directory public listing
Nicholas Robinson Criminal Lawyer,+13069949522,Lawyers & Legal Services,"Criminal Justice Attorney Regina, SK",,,https://www.thecbrb.ca/directory/lawyers-legal-services/cbrb-best-businesses-in-canada-2023-nicholas-robinson-criminal-lawyer,https://www.thecbrb.ca/directory/lawyers-legal-services,yes,CBRB directory public listing
Oksana Miroutenko | Real Estate Lawyer,+14162349555,Lawyers & Legal Services,"Real estate attorney Toronto, ON - (",,https://osujismith.ca/,https://www.thecbrb.ca/directory/lawyers-legal-services/best-businesses-in-canada-2022-oksana-miroutenko-real-estate-lawyer,https://www.thecbrb.ca/directory/lawyers-legal-services,yes,CBRB directory public listing
Peter B Mason Professional Corporation,+18668881081,Lawyers & Legal Services,"Real Estate Attorney Edmonton, AB",,,https://www.thecbrb.ca/directory/lawyers-legal-services/cbrb-best-businesses-in-canada-2024-peter-b-mason-professional,https://www.thecbrb.ca/directory/lawyers-legal-services,yes,CBRB directory public listing
Popovici Droit Familial / Family Law Inc.,+15144486666,Lawyers & Legal Services,"Family Law Firm Pointe-Claire, QC",,https://popovici.law/fr/,https://www.thecbrb.ca/directory/lawyers-legal-services/cbrb-best-businesses-in-canada-popovici-droit-familial-family-law,https://www.thecbrb.ca/directory/lawyers-legal-services,yes,CBRB directory public listing
RATHORE BAIG PROFESSIONAL CORPORATION,+19055547465,Lawyers & Legal Services,"Law firm Markham, ON",,,https://www.thecbrb.ca/directory/lawyers-legal-services/best-businesses-in-canada-2021-rathore-baig-professional-corporation,https://www.thecbrb.ca/directory/lawyers-legal-services,yes,CBRB directory public listing
RG Defence,+15879828152,Lawyers & Legal Services,"Criminal Defence Lawyers Edmonton, AB - (",,,https://www.thecbrb.ca/directory/lawyers-legal-services/cbrb-best-businesses-in-canada-2023-rg-defence,https://www.thecbrb.ca/directory/lawyers-legal-services,yes,CBRB directory public listing
Rishma Gupta,+14168448467,Lawyers & Legal Services,"Criminal Justice Attorney Toronto , ON - (",,,https://www.thecbrb.ca/directory/lawyers-legal-services/best-businesses-in-canada-2021-rishma-gupta,https://www.thecbrb.ca/directory/lawyers-legal-services,yes,CBRB directory public listing
Rizk Law Office,+16138007571,Lawyers & Legal Services,"Personal injury attorney Ottawa, ON - (",,,https://www.thecbrb.ca/directory/lawyers-legal-services/best-businesses-in-canada-2021-rizk-law-office,https://www.thecbrb.ca/directory/lawyers-legal-services,yes,CBRB directory public listing
SG Injury Law,+16135182416,Lawyers & Legal Services,"Personal injury attorney Ottawa , ON",,,https://www.thecbrb.ca/directory/lawyers-legal-services/best-businesses-in-canada-2021-sg-injury-law,https://www.thecbrb.ca/directory/lawyers-legal-services,yes,CBRB directory public listing
Sullivan Injury Law,+19053465055,Lawyers & Legal Services,"Personal Injury Law Firm St. Catharines , ON",,,https://www.thecbrb.ca/directory/lawyers-legal-services/cbrb-best-businesses-in-canada-2023-sullivan-injury-law,https://www.thecbrb.ca/directory/lawyers-legal-services,yes,CBRB directory public listing
Sunder Law Office,+19052307113,Lawyers & Legal Services,"Immigration Lawyer Mississauga, ON",,,https://www.thecbrb.ca/directory/lawyers-legal-services/cbrb-best-businesses-in-canada-2024-sunder-law-office,https://www.thecbrb.ca/directory/lawyers-legal-services,yes,CBRB directory public listing
THEBIL Family Law,+14034573128,Lawyers & Legal Services,"Family Lawyer Calgary, AB",,,https://www.thecbrb.ca/directory/lawyers-legal-services/cbrb-best-businesses-in-canada-2024-thebil-family-law,https://www.thecbrb.ca/directory/lawyers-legal-services,yes,CBRB directory public listing
WVG Law Group,+16135055025,Lawyers & Legal Services,"Personal Injury Attorney Ottawa , ON",,,https://www.thecbrb.ca/directory/lawyers-legal-services/best-businesses-in-canada-2022-wvg-law-group,https://www.thecbrb.ca/directory/lawyers-legal-services,yes,CBRB directory public listing
Zuber & Company LLP,+14163625005,Lawyers & Legal Services,"Insurance Defence Law Firm Toronto , ON",,,https://www.thecbrb.ca/directory/lawyers-legal-services/cbrb-best-businesses-in-canada-2023-zuber-company-llp,https://www.thecbrb.ca/directory/lawyers-legal-services,yes,CBRB directory public listing
Big City Limousines,+16044405466,Limo/Transportation Services,"Limousine service Surrey, BC",,,https://www.thecbrb.ca/directory/limotransportation-services/best-businesses-in-canada-2021-big-city-limousines,https://www.thecbrb.ca/directory/limotransportation-services,yes,CBRB directory public listing
Executive Limo Rentals,+16479199351,Limo/Transportation Services,"Limousine service Bolton , ON",,,https://www.thecbrb.ca/directory/limotransportation-services/best-businesses-in-canada-2021-executive-limo-rentals,https://www.thecbrb.ca/directory/limotransportation-services,yes,CBRB directory public listing
Go Valet Inc.,+18336882538,Limo/Transportation Services,"Transportation and Shuttle Services Hamilton , ON",,,https://www.thecbrb.ca/directory/limotransportation-services/cbrb-best-businesses-in-canada-2023-go-valet-inc,https://www.thecbrb.ca/directory/limotransportation-services,yes,CBRB directory public listing
Vegas Limousine - Limos Ottawa,+16137395466,Limo/Transportation Services,"Limousine service Ottawa, ON",,,https://www.thecbrb.ca/directory/limotransportation-services/best-businesses-in-canada-2022-vegas-limousine-limos-ottawa,https://www.thecbrb.ca/directory/limotransportation-services,yes,CBRB directory public listing
Capital For Market,+18008359618,Loan Agencies,,"Business Loan Brokerage Oakville, Ontario",,https://www.thecbrb.ca/directory/loan-agencies/cbrb-best-businesses-in-canada-capital-for-market,https://www.thecbrb.ca/directory/loan-agencies,yes,CBRB directory public listing
TBC Locksmith & Doors,+16473702520,Locksmith Services,,"Locksmith Services Toronto, Ontario",,https://www.thecbrb.ca/directory/locksmith-services/cbrb-best-businesses-in-canada-tbc-locksmith-doors,https://www.thecbrb.ca/directory/locksmith-services,yes,CBRB directory public listing
Action Lock-South Georgian Bay,+17059945625,Locksmith Services,,"Locksmith Services Collingwood, Ontario",,https://www.thecbrb.ca/directory/locksmith-services/cbrb-best-businesses-in-canada-2023-action-lock-south-georgian-bay,https://www.thecbrb.ca/directory/locksmith-services,yes,CBRB directory public listing
Mahnaz Mentor Coaching,+17093417289,Mentoring Services,"Mentor Coaching Services Vaughan, ON",,,https://www.thecbrb.ca/directory/mentoring-services/cbrb-best-businesses-in-canada-mahnaz-mentor-coaching,https://www.thecbrb.ca/directory/mentoring-services,yes,CBRB directory public listing
Modern Memorials Inc,+17093683445,Monument Services,,"Monument Maker Mount Pearl, Newfoundland and Labrador",,https://www.thecbrb.ca/directory/monument-services/cbrb-best-businesses-in-canada-2022-toni-mortgages-modern-memorials-inc,https://www.thecbrb.ca/directory/monument-services,yes,CBRB directory public listing
Guaranti Group,+17782977450,Mortgage Brokers/Services,,"Mortgage B roker Richmond, British Columbia",,https://www.thecbrb.ca/directory/mortgage-brokersservices/cbrb-best-businesses-in-canada-guaranti-group,https://www.thecbrb.ca/directory/mortgage-brokersservices,yes,CBRB directory public listing
Integrum Mortgage,+16046176688,Mortgage Brokers/Services,,"Mortgage B roker Burnaby, British Columbia",,https://www.thecbrb.ca/directory/mortgage-brokersservices/cbrb-best-businesses-in-canada-integrum-mortgage,https://www.thecbrb.ca/directory/mortgage-brokersservices,yes,CBRB directory public listing
Philippe Boucher Courtier Hypothécaire Inc.,+18196618812,Mortgage Brokers/Services,Courtier Hypothé,"caire Gatineau, Québec",,https://www.thecbrb.ca/directory/mortgage-brokersservices/cbrb-best-businesses-in-canada-philippe-boucher-courtier-hypothécaire-inc,https://www.thecbrb.ca/directory/mortgage-brokersservices,yes,CBRB directory public listing
911 Mortgage Brokers - The Mortgage Centre,+18883770911,Mortgage Brokers/Services,"Mortgage B roker Ontario , Canada",,,https://www.thecbrb.ca/directory/mortgage-brokersservices/cbrb-best-businesses-in-canada-2023-911-mortgage-brokers-the-mortgage-c,https://www.thecbrb.ca/directory/mortgage-brokersservices,yes,CBRB directory public listing
Antonio Ray | Ray The Lender,+16478483334,Mortgage Brokers/Services,,"Mortgage broker Toronto , Ontario",,https://www.thecbrb.ca/directory/mortgage-brokersservices/best-businesses-in-canada-2021-antonio-ray-ray-the-lender,https://www.thecbrb.ca/directory/mortgage-brokersservices,yes,CBRB directory public listing
Ardent Mortgages Inc.,+15198042775,Mortgage Brokers/Services,,"Licensed Mortgage Brokerage Waterloo, Ontario",,https://www.thecbrb.ca/directory/mortgage-brokersservices/cbrb-best-businesses-in-canada-2024-ardent-mortgages-inc,https://www.thecbrb.ca/directory/mortgage-brokersservices,yes,CBRB directory public listing
CA Mortgage Group,+14169797325,Mortgage Brokers/Services,,"Mortgage broker Mississauga , Ontario",,https://www.thecbrb.ca/directory/mortgage-brokersservices/best-businesses-in-canada-2021-ca-mortgage-group,https://www.thecbrb.ca/directory/mortgage-brokersservices,yes,CBRB directory public listing
Calgary Mortgages by Tim,+14036481541,Mortgage Brokers/Services,,"Mortgage broker Calgary, Alberta",,https://www.thecbrb.ca/directory/mortgage-brokersservices/best-businesses-in-canada-2021-calgary-mortgages-by-tim,https://www.thecbrb.ca/directory/mortgage-brokersservices,yes,CBRB directory public listing
Elisa Swezey Mortgages,+17789382572,Mortgage Brokers/Services,,"Mortgage broker Vancouver, British Columbia",,https://www.thecbrb.ca/directory/mortgage-brokersservices/best-businesses-in-canada-2021-elisa-swezey-mortgages,https://www.thecbrb.ca/directory/mortgage-brokersservices,yes,CBRB directory public listing
Fortune Funding,+14168973257,Mortgage Brokers/Services,,"Mortgage Services Toronto, Ontario",https://www.fortunefunding.ca/,https://www.thecbrb.ca/directory/mortgage-brokersservices/cbrb-best-businesses-in-canada-2024-fortune-funding,https://www.thecbrb.ca/directory/mortgage-brokersservices,yes,CBRB directory public listing
Gillian Falk DLC Island Living Mortgage Broker,+12507161930,Mortgage Brokers/Services,,"Mortgage B roker Parksville, British Columbia",https://gillianmortgageexpert.ca/,https://www.thecbrb.ca/directory/mortgage-brokersservices/cbrb-best-businesses-in-canada-2023-gillian-falk-dlc-island-living,https://www.thecbrb.ca/directory/mortgage-brokersservices,yes,CBRB directory public listing
Harmony Mortgage Group,+16047052999,Mortgage Brokers/Services,,"Mortgage broker Chilliwack, British Columbia",,https://www.thecbrb.ca/directory/mortgage-brokersservices/cbrb-best-businesses-in-canada-2022-harmony-mortgage-group,https://www.thecbrb.ca/directory/mortgage-brokersservices,yes,CBRB directory public listing
Jason Anbara - Ottawa Mortgage Broker,+16134044845,Mortgage Brokers/Services,,"Mortgage Broker Ottawa, Ontario",,https://www.thecbrb.ca/directory/mortgage-brokersservices/cbrb-best-businesses-in-canada-jason-anbara-ottawa-mortgage-broker,https://www.thecbrb.ca/directory/mortgage-brokersservices,yes,CBRB directory public listing
Joe Purewal Mortgages,+19053306090,Mortgage Brokers/Services,,"Mortgage broker Mississauga , Ontario",,https://www.thecbrb.ca/directory/mortgage-brokersservices/best-businesses-in-canada-2021-joe-purewal-mortgages,https://www.thecbrb.ca/directory/mortgage-brokersservices,yes,CBRB directory public listing
Joy Beauchamp Mortgage Professional,+13062800054,Mortgage Brokers/Services,,"Mortgage broker Saskatoon, Saskatchewan",,https://www.thecbrb.ca/directory/mortgage-brokersservices/best-businesses-in-canada-2021-joy-beauchamp-mortgage-professional,https://www.thecbrb.ca/directory/mortgage-brokersservices,yes,CBRB directory public listing
Kevin Singh Dhaliwal,+16478023738,Mortgage Brokers/Services,,"Mortgage B roker Brampton, Ontario",,https://www.thecbrb.ca/directory/mortgage-brokersservices/cbrb-best-businesses-in-canada-2023-kevin-singh-dhaliwal-mortgage-agent,https://www.thecbrb.ca/directory/mortgage-brokersservices,yes,CBRB directory public listing
Loewen Group Mortgages,+12893374029,Mortgage Brokers/Services,,"Mortgage broker Burlington, Ontario",,https://www.thecbrb.ca/directory/mortgage-brokersservices/best-businesses-in-canada-2021-loewen-group-mortgages,https://www.thecbrb.ca/directory/mortgage-brokersservices,yes,CBRB directory public listing
Matrix Mortgage Global - Arleen Faria,+18004290717,Mortgage Brokers/Services,,"Mortgage broker Toronto, Ontario",,https://www.thecbrb.ca/directory/mortgage-brokersservices/cbrb-best-businesses-in-canada-2023-matrix-mortgage-global,https://www.thecbrb.ca/directory/mortgage-brokersservices,yes,CBRB directory public listing
Max Singh Mortgage Broker - TMG The Mortgage Group,+14035612107,Mortgage Brokers/Services,,"Mortgage Broker Calgary, Alberta",,https://www.thecbrb.ca/directory/mortgage-brokersservices/cbrb-best-businesses-in-canada-2024-max-singh-mortgage-broker,https://www.thecbrb.ca/directory/mortgage-brokersservices,yes,CBRB directory public listing
Mohsen Bolouri - Mortgage Alliance,+17788993743,Mortgage Brokers/Services,,"Mortgage broker Port Moody, British Columbia",,https://www.thecbrb.ca/directory/mortgage-brokersservices/best-businesses-in-canada-2021-mohsen-bolouri-mortgage-alliance,https://www.thecbrb.ca/directory/mortgage-brokersservices,yes,CBRB directory public listing
"Mortgage Architects, Karen Reimer",+13062217493,Mortgage Brokers/Services,"Mortgage B roker Saskatoon, SK",,https://www.karenreimer.org/,https://www.thecbrb.ca/directory/mortgage-brokersservices/best-businesses-in-canada-2021-mortgage-architects-karen-reimer,https://www.thecbrb.ca/directory/mortgage-brokersservices,yes,CBRB directory public listing
Mortgage District Inc.,+16475319480,Mortgage Brokers/Services,,"Mortgage broker Mississauga, Ontario",,https://www.thecbrb.ca/directory/mortgage-brokersservices/cbrb-best-businesses-in-canada-2023-mortgage-district-inc,https://www.thecbrb.ca/directory/mortgage-brokersservices,yes,CBRB directory public listing
Mortgage Savvy,+14167207295,Mortgage Brokers/Services,,"Mortgage broker Toronto, Ontario",,https://www.thecbrb.ca/directory/mortgage-brokersservices/best-businesses-in-canada-2021-mortgage-savvy,https://www.thecbrb.ca/directory/mortgage-brokersservices,yes,CBRB directory public listing
Moser Mortgages,+14038745340,Mortgage Brokers/Services,"Mortgage broker Calgary, AB",,,https://www.thecbrb.ca/directory/mortgage-brokersservices/best-businesses-in-canada-2021-moser-mortgages,https://www.thecbrb.ca/directory/mortgage-brokersservices,yes,CBRB directory public listing
Noble GRPS Financial Incorporated,+14163030313,Mortgage Brokers/Services,,"Mortgage broker Toronto, Ontario",,https://www.thecbrb.ca/directory/mortgage-brokersservices/best-businesses-in-canada-2021-noble-grps-financial-incorporated,https://www.thecbrb.ca/directory/mortgage-brokersservices,yes,CBRB directory public listing
Oppono Lending Company,+19058865352,Mortgage Brokers/Services,,"Mortgage Lender Markham , Ontario",,https://www.thecbrb.ca/directory/mortgage-brokersservices/cbrb-best-businesses-in-canada-2023-oppono-lending-company,https://www.thecbrb.ca/directory/mortgage-brokersservices,yes,CBRB directory public listing
Paul Gallardi Investments Limited O/A Paul Gallardi Premiere Mortgage,+19053213810,Mortgage Brokers/Services,,"Mortgage Centre Agent St. Catharines, Ontario",https://paulgallardimortgages.ca,https://www.thecbrb.ca/directory/mortgage-brokersservices/best-businesses-in-canada-2021-paul-gallardi-investments-limited,https://www.thecbrb.ca/directory/mortgage-brokersservices,yes,CBRB directory public listing
Premiere Mortgage Centre,+17096905667,Mortgage Brokers/Services,,"Mortgage broker St. John's, Newfoundland and Labrador",https://choosepremiere.com/,https://www.thecbrb.ca/directory/mortgage-brokersservices/best-businesses-in-canada-2021-premiere-mortgage-centre,https://www.thecbrb.ca/directory/mortgage-brokersservices,yes,CBRB directory public listing
"Ramona Harris, Mortgage Agent L2 - TMG The Mortgage Group",+16475509839,Mortgage Brokers/Services,,"Mortgage Agent Toronto, Ontario",,https://www.thecbrb.ca/directory/mortgage-brokersservices/cbrb-best-businesses-in-canada-2024-ramona-harris-mortgage-agent,https://www.thecbrb.ca/directory/mortgage-brokersservices,yes,CBRB directory public listing
Sandhu & Sran Mortgages,+16048644222,Mortgage Brokers/Services,,"Mortgage B roker Abbotsford, British Columbia",,https://www.thecbrb.ca/directory/mortgage-brokersservices/cbrb-best-businesses-in-canada-2024-sandhu-sran-mortgages,https://www.thecbrb.ca/directory/mortgage-brokersservices,yes,CBRB directory public listing
Serca Financial Inc.,+15192152841,Mortgage Brokers/Services,,"Mortgage B roker Orangeville, Ontario",,https://www.thecbrb.ca/directory/mortgage-brokersservices/cbrb-best-businesses-in-canada-2023-serca-financial-inc,https://www.thecbrb.ca/directory/mortgage-brokersservices,yes,CBRB directory public listing
Signature Mortgage Group,+19054690766,Mortgage Brokers/Services,,"Mortgage broker Oakville, Ontario",,https://www.thecbrb.ca/directory/mortgage-brokersservices/cbrb-best-businesses-in-canada-2023-signature-mortgage-group,https://www.thecbrb.ca/directory/mortgage-brokersservices,yes,CBRB directory public listing
Sheela Patel - SP Mortgage Group,+16046170025,Mortgage Brokers/Services,,"Mortgage B roker Surrey, British Columbia",https://spmortgageloan.com/,https://www.thecbrb.ca/directory/mortgage-brokersservices/best-businesses-in-canada-2023-sheela-patel-sp-mortgage-group,https://www.thecbrb.ca/directory/mortgage-brokersservices,yes,CBRB directory public listing
Streiling Financial Group,+16046217434,Mortgage Brokers/Services,,"Mortgage broker Surrey, British Columbia",,https://www.thecbrb.ca/directory/mortgage-brokersservices/cbrb-best-businesses-in-canada-2023-streiling-financial-group,https://www.thecbrb.ca/directory/mortgage-brokersservices,yes,CBRB directory public listing
Taurus Mortgage Capital Inc.,+19052097200,Mortgage Brokers/Services,,"Mortgage broker Markham, Ontario",,https://www.thecbrb.ca/directory/mortgage-brokersservices/best-businesses-in-canada-2022-taurus-mortgage-capital-inc,https://www.thecbrb.ca/directory/mortgage-brokersservices,yes,CBRB directory public listing
Tom Gasparec- Axiom Mortgage Solutions,+18664924024,Mortgage Brokers/Services,,"Mortgage B roker Toronto, Ontario",,https://www.thecbrb.ca/directory/mortgage-brokersservices/cbrb-best-businesses-in-canada-2023-tom-gasparec-axiom-mortgage-solution,https://www.thecbrb.ca/directory/mortgage-brokersservices,yes,CBRB directory public listing
Toni Mortgages - The Mortgage Centre- Capital 360.ca,+16472956305,Mortgage Brokers/Services,,"Mortgage B roker Vaughan, Ontario",,https://www.thecbrb.ca/directory/mortgage-brokersservices/cbrb-best-businesses-in-canada-2022-toni-mortgages-the-mortgage-centre,https://www.thecbrb.ca/directory/mortgage-brokersservices,yes,CBRB directory public listing
TopRankinMortgages Inc | Sean Rankin,+16134471366,Mortgage Brokers/Services,,"Real Estate Lending Services Ottawa , Ontario",,https://www.thecbrb.ca/directory/mortgage-brokersservices/best-businesses-in-canada-2022-toprankinmortgages-inc-sean-rankin,https://www.thecbrb.ca/directory/mortgage-brokersservices,yes,CBRB directory public listing
Tridac Mortgage,+14164610204,Mortgage Brokers/Services,,"Mortgage broker Toronto, Ontario",,https://www.thecbrb.ca/directory/mortgage-brokersservices/best-businesses-in-canada-2022-tridac-mortgage,https://www.thecbrb.ca/directory/mortgage-brokersservices,yes,CBRB directory public listing
Valko Financial Ltd.,+15197458019,Mortgage Brokers/Services,,"Mortgage broker Kitchener, Ontario",,https://www.thecbrb.ca/directory/mortgage-brokersservices/best-businesses-in-canada-2023-valko-financial-ltd,https://www.thecbrb.ca/directory/mortgage-brokersservices,yes,CBRB directory public listing
Vidit Paruthi - Mortgage Professional,+16048425265,Mortgage Brokers/Services,,"Mortgage Services Surrey, British Columbia",,https://www.thecbrb.ca/directory/mortgage-brokersservices/cbrb-best-businesses-in-canada-vidit-paruthi-mortgage-professional,https://www.thecbrb.ca/directory/mortgage-brokersservices,yes,CBRB directory public listing
Xeva Mortgage,+16045689382,Mortgage Brokers/Services,,"Mortgage Brokerage Company Surrey, British Columbia",,https://www.thecbrb.ca/directory/mortgage-brokersservices/best-businesses-in-canada-2022-xeva-mortgage,https://www.thecbrb.ca/directory/mortgage-brokersservices,yes,CBRB directory public listing
AleksMoving.ca,+14168895167,"Moving, Shipping & Junk Removal Services","Moving C ompany Milton, ON",,,https://www.thecbrb.ca/directory/moving-shipping-junk-removal-services/cbrb-best-businesses-in-canada-aleksmoving-ca,https://www.thecbrb.ca/directory/moving-shipping-junk-removal-services,yes,CBRB directory public listing
A-Z Moving,+16478786683,"Moving, Shipping & Junk Removal Services","Moving C ompany Toronto , ON",,,https://www.thecbrb.ca/directory/moving-shipping-junk-removal-services/cbrb-best-businesses-in-canada-a-z-moving,https://www.thecbrb.ca/directory/moving-shipping-junk-removal-services,yes,CBRB directory public listing
Canada's Most Wanted Movers,+17787917391,"Moving, Shipping & Junk Removal Services","Full-Service Moving & Storage Port Coquitlam, BC",,,https://www.thecbrb.ca/directory/moving-shipping-junk-removal-services/cbrb-best-businesses-in-canada-canadas-most-wanted-movers,https://www.thecbrb.ca/directory/moving-shipping-junk-removal-services,yes,CBRB directory public listing
Great Canadian Van Lines,+18006650055,"Moving, Shipping & Junk Removal Services","Moving C ompany Surrey , BC",,,https://www.thecbrb.ca/directory/moving-shipping-junk-removal-services/cbrb-best-businesses-in-canada-great-canadian-van-lines-ltd,https://www.thecbrb.ca/directory/moving-shipping-junk-removal-services,yes,CBRB directory public listing
G & S Trucking Ltd.,+19052061180,"Moving, Shipping & Junk Removal Services","Trucking & Transportation Services Mississauga, O N",,,https://www.thecbrb.ca/directory/moving-shipping-junk-removal-services/cbrb-best-businesses-in-canada-g-s-trucking-ltd,https://www.thecbrb.ca/directory/moving-shipping-junk-removal-services,yes,CBRB directory public listing
Macho Movers Inc,+15198304974,"Moving, Shipping & Junk Removal Services","Moving Company Guelph, O N",,,https://www.thecbrb.ca/directory/moving-shipping-junk-removal-services/cbrb-best-businesses-in-canada-macho-movers-inc,https://www.thecbrb.ca/directory/moving-shipping-junk-removal-services,yes,CBRB directory public listing
Max Moving Corporation,+14165505013,"Moving, Shipping & Junk Removal Services",Residential & Commercial Movers Ontario,,,https://www.thecbrb.ca/directory/moving-shipping-junk-removal-services/cbrb-best-businesses-in-canada-max-moving-corporation,https://www.thecbrb.ca/directory/moving-shipping-junk-removal-services,yes,CBRB directory public listing
NextGen Moving,+16473662024,"Moving, Shipping & Junk Removal Services","Moving Company North York, ON",,,https://www.thecbrb.ca/directory/moving-shipping-junk-removal-services/cbrb-best-businesses-in-canada-nextgen-moving,https://www.thecbrb.ca/directory/moving-shipping-junk-removal-services,yes,CBRB directory public listing
Ottawa Moving Logistics,+16316126853,"Moving, Shipping & Junk Removal Services","General Moving Services Ottawa , O N",,,https://www.thecbrb.ca/directory/moving-shipping-junk-removal-services/cbrb-best-businesses-in-canada-ottawa-moving-logistics,https://www.thecbrb.ca/directory/moving-shipping-junk-removal-services,yes,CBRB directory public listing
Ottawa Piano Mover,+16136220436,"Moving, Shipping & Junk Removal Services","Specialized Movers Ottawa , O N",,,https://www.thecbrb.ca/directory/moving-shipping-junk-removal-services/cbrb-best-businesses-in-canada-ottawa-piano-mover,https://www.thecbrb.ca/directory/moving-shipping-junk-removal-services,yes,CBRB directory public listing
Smart Movers Hamilton,+19055940247,"Moving, Shipping & Junk Removal Services","Moving Company Hamilton, ON",,,https://www.thecbrb.ca/directory/moving-shipping-junk-removal-services/cbrb-best-businesses-in-canada-smart-movers-hamilton,https://www.thecbrb.ca/directory/moving-shipping-junk-removal-services,yes,CBRB directory public listing
Smart Movers Vancouver,+17783832660,"Moving, Shipping & Junk Removal Services","Moving Company Vancouver, BC",,,https://www.thecbrb.ca/directory/moving-shipping-junk-removal-services/cbrb-best-businesses-in-canada-smart-movers-vancouver,https://www.thecbrb.ca/directory/moving-shipping-junk-removal-services,yes,CBRB directory public listing
The Piano Viking,+17786284343,"Moving, Shipping & Junk Removal Services","Piano Moving Services New Westminster, BC",,,https://www.thecbrb.ca/directory/moving-shipping-junk-removal-services/cbrb-best-businesses-in-canada-the-piano-viking,https://www.thecbrb.ca/directory/moving-shipping-junk-removal-services,yes,CBRB directory public listing
1Up Moving Lethbridge,+14033604778,"Moving, Shipping & Junk Removal Services","Moving Services Lethbridge, A B",,http://oneupmoving.ca/,https://www.thecbrb.ca/directory/moving-shipping-junk-removal-services/best-businesses-in-canada-2021-1up-moving-lethbridge,https://www.thecbrb.ca/directory/moving-shipping-junk-removal-services,yes,CBRB directory public listing
Altoba Freight,+12046333963,"Moving, Shipping & Junk Removal Services","Transportation Services Winnipeg, MB",,,https://www.thecbrb.ca/directory/moving-shipping-junk-removal-services/best-businesses-in-canada-2021-altoba-freight,https://www.thecbrb.ca/directory/moving-shipping-junk-removal-services,yes,CBRB directory public listing
Apollo Moving,+16475646683,"Moving, Shipping & Junk Removal Services",,"Moving and Storage Service in Mississauga, Ontario",,https://www.thecbrb.ca/directory/moving-shipping-junk-removal-services/best-businesses-in-canada-2022-apollo-moving,https://www.thecbrb.ca/directory/moving-shipping-junk-removal-services,yes,CBRB directory public listing
A-Plus Office Movers Inc.,+18882726621,"Moving, Shipping & Junk Removal Services","Moving and Storage services Waterloo , ON",,,https://www.thecbrb.ca/directory/moving-shipping-junk-removal-services/cbrb-best-businesses-in-canada-2024-a-plus-office-movers-inc,https://www.thecbrb.ca/directory/moving-shipping-junk-removal-services,yes,CBRB directory public listing
Canadian CT Movers Inc.,+14168571500,"Moving, Shipping & Junk Removal Services","Moving company Richmond Hill, ON",,,https://www.thecbrb.ca/directory/moving-shipping-junk-removal-services/cbrb-best-businesses-in-canada-canadian-ct-movers-inc,https://www.thecbrb.ca/directory/moving-shipping-junk-removal-services,yes,CBRB directory public listing
CARGO CABBIE,+16474785422,"Moving, Shipping & Junk Removal Services","Moving company Toronto , ON",,,https://www.thecbrb.ca/directory/moving-shipping-junk-removal-services/cbrb-best-businesses-in-canada-2024-cargo-cabbie,https://www.thecbrb.ca/directory/moving-shipping-junk-removal-services,yes,CBRB directory public listing
Easy2Go Movers,+16472028587,"Moving, Shipping & Junk Removal Services","Moving and Storage Service Vaughan, ON",,,https://www.thecbrb.ca/directory/moving-shipping-junk-removal-services/best-businesses-in-canada-2022-easy2go-movers,https://www.thecbrb.ca/directory/moving-shipping-junk-removal-services,yes,CBRB directory public listing
Flex Déménagement West-Island Movers,+15146926657,"Moving, Shipping & Junk Removal Services","Moving Services Saint-Laurent, QC",,,https://www.thecbrb.ca/directory/moving-shipping-junk-removal-services/cbrb-best-businesses-in-canada-2023-flex-déménagement-west-island-movers,https://www.thecbrb.ca/directory/moving-shipping-junk-removal-services,yes,CBRB directory public listing
Homeland Moving & Logistics Inc.,+16042734794,"Moving, Shipping & Junk Removal Services","Moving company Richmond, BC",,,https://www.thecbrb.ca/directory/moving-shipping-junk-removal-services/best-businesses-in-canada-2021-homeland-moving-logistics-inc,https://www.thecbrb.ca/directory/moving-shipping-junk-removal-services,yes,CBRB directory public listing
Inner City Moving & Storage Company,+14166568924,"Moving, Shipping & Junk Removal Services","Moving company Toronto, ON",,,https://www.thecbrb.ca/directory/moving-shipping-junk-removal-services/best-businesses-in-canada-2021-inner-city-moving-storage-company,https://www.thecbrb.ca/directory/moving-shipping-junk-removal-services,yes,CBRB directory public listing
John Gray Moving and Storage,+15146947945,"Moving, Shipping & Junk Removal Services","Moving company Dorval, QC",,,https://www.thecbrb.ca/directory/moving-shipping-junk-removal-services/best-businesses-in-canada-2021-john-gray-moving-and-storage,https://www.thecbrb.ca/directory/moving-shipping-junk-removal-services,yes,CBRB directory public listing
Less Stress Moving Solutions,+16394806683,"Moving, Shipping & Junk Removal Services","Moving company Saskatoon, SK",,,https://www.thecbrb.ca/directory/moving-shipping-junk-removal-services/best-businesses-in-canada-2021-less-stress-moving-solutions,https://www.thecbrb.ca/directory/moving-shipping-junk-removal-services,yes,CBRB directory public listing
Let's Get Moving Canad a,+16473715935,"Moving, Shipping & Junk Removal Services",,"Toronto, Ontario",,https://www.thecbrb.ca/directory/moving-shipping-junk-removal-services/cbrb-best-businesses-in-canada-2023-lets-get-moving-canada,https://www.thecbrb.ca/directory/moving-shipping-junk-removal-services,yes,CBRB directory public listing
Matcom,+14166670463,"Moving, Shipping & Junk Removal Services","Moving company Vaughan, ON",,,https://www.thecbrb.ca/directory/moving-shipping-junk-removal-services/best-businesses-in-canada-2021-matcom,https://www.thecbrb.ca/directory/moving-shipping-junk-removal-services,yes,CBRB directory public listing
Maya Moving And Delivery,+14165876440,"Moving, Shipping & Junk Removal Services","Moving company Toronto, ON",,,https://www.thecbrb.ca/directory/moving-shipping-junk-removal-services/cbrb-best-businesses-in-canada-2023-maya-moving-and-delivery,https://www.thecbrb.ca/directory/moving-shipping-junk-removal-services,yes,CBRB directory public listing
Ottawa Moving Logistics,+13435436661,"Moving, Shipping & Junk Removal Services","General Moving Services Ottawa , ON",,,https://www.thecbrb.ca/directory/moving-shipping-junk-removal-services/cbrb-best-businesses-in-canada-ottawa-moving-logistics,https://www.thecbrb.ca/directory/moving-shipping-junk-removal-services,yes,CBRB directory public listing
Parker's Moving,+16474566806,"Moving, Shipping & Junk Removal Services",Residential Moving Company The Greater Toronto Area,,,https://www.thecbrb.ca/directory/moving-shipping-junk-removal-services/best-businesses-in-canada-2022-parkers-moving,https://www.thecbrb.ca/directory/moving-shipping-junk-removal-services,yes,CBRB directory public listing
Plastic Bank,+16042637443,"Moving, Shipping & Junk Removal Services","Waste management service Vancouver, B C",,,https://www.thecbrb.ca/directory/moving-shipping-junk-removal-services/best-businesses-in-canada-2021-plastic-bank,https://www.thecbrb.ca/directory/moving-shipping-junk-removal-services,yes,CBRB directory public listing
Raptor Movers,+19059993447,"Moving, Shipping & Junk Removal Services","Moving company Brampton, ON",,,https://www.thecbrb.ca/directory/moving-shipping-junk-removal-services/best-businesses-in-canada-2022-raptor-movers,https://www.thecbrb.ca/directory/moving-shipping-junk-removal-services,yes,CBRB directory public listing
Roman Transport,+14168246339,"Moving, Shipping & Junk Removal Services","Moving and Delivery Services Mississauga, ON",,,https://www.thecbrb.ca/directory/moving-shipping-junk-removal-services/cbrb-best-businesses-in-canada-roman-transport,https://www.thecbrb.ca/directory/moving-shipping-junk-removal-services,yes,CBRB directory public listing
Salmon’s Transfer Ltd,+16042732921,"Moving, Shipping & Junk Removal Services","Moving Company Richmond, BC",,,https://www.thecbrb.ca/directory/moving-shipping-junk-removal-services/cbrb-best-businesses-in-canada-2024-salmons-transfer-ltd,https://www.thecbrb.ca/directory/moving-shipping-junk-removal-services,yes,CBRB directory public listing
Seniors On The Move,+19059330730,"Moving, Shipping & Junk Removal Services","Moving Company Thorold, ON",,,https://www.thecbrb.ca/directory/moving-shipping-junk-removal-services/cbrb-best-businesses-in-canada-2023-seniors-on-the-move,https://www.thecbrb.ca/directory/moving-shipping-junk-removal-services,yes,CBRB directory public listing
Smart Mississauga Movers,+16479957177,"Moving, Shipping & Junk Removal Services","Moving Company Mississauga, ON",,,https://www.thecbrb.ca/directory/moving-shipping-junk-removal-services/cbrb-best-businesses-in-canada-smart-mississauga-movers,https://www.thecbrb.ca/directory/moving-shipping-junk-removal-services,yes,CBRB directory public listing
Smart Muscles,+18077072397,"Moving, Shipping & Junk Removal Services","Moving and storage service Thunder Bay, ON",,,https://www.thecbrb.ca/directory/moving-shipping-junk-removal-services/best-businesses-in-canada-2022-smart-muscles,https://www.thecbrb.ca/directory/moving-shipping-junk-removal-services,yes,CBRB directory public listing
Swiftway Courrier et Transport Inc,+14506221090,"Moving, Shipping & Junk Removal Services","Moving and storage service Laval, QC",,,https://www.thecbrb.ca/directory/moving-shipping-junk-removal-services/best-businesses-in-canada-2022-swiftway-courrier-et-transport-inc,https://www.thecbrb.ca/directory/moving-shipping-junk-removal-services,yes,CBRB directory public listing
The Big Box Moving Company,+16475888109,"Moving, Shipping & Junk Removal Services","Moving Company Markham, ON",,,https://www.thecbrb.ca/directory/moving-shipping-junk-removal-services/best-businesses-in-canada-2022-the-big-box-moving-company,https://www.thecbrb.ca/directory/moving-shipping-junk-removal-services,yes,CBRB directory public listing
The Junk Man Inc.,+14037977145,"Moving, Shipping & Junk Removal Services","Garbage Collection Service Calgary, AB",,,https://www.thecbrb.ca/directory/moving-shipping-junk-removal-services/cbrb-best-businesses-in-canada-2023-the-junk-man-inc,https://www.thecbrb.ca/directory/moving-shipping-junk-removal-services,yes,CBRB directory public listing
Top Mover,+14163881923,"Moving, Shipping & Junk Removal Services","Moving and Storage Newmarket, ON",,,https://www.thecbrb.ca/directory/moving-shipping-junk-removal-services/cbrb-best-businesses-in-canada-2024-top-mover,https://www.thecbrb.ca/directory/moving-shipping-junk-removal-services,yes,CBRB directory public listing
Top Town Movers,+14163000607,"Moving, Shipping & Junk Removal Services","Moving Company Toronto, ON",,,https://www.thecbrb.ca/directory/moving-shipping-junk-removal-services/best-businesses-in-canada-2022-top-town-movers,https://www.thecbrb.ca/directory/moving-shipping-junk-removal-services,yes,CBRB directory public listing
Two Men and a Truck,+12048093508,"Moving, Shipping & Junk Removal Services","Moving Company Winnipeg, MB",,,https://www.thecbrb.ca/directory/moving-shipping-junk-removal-services/best-businesses-in-canada-2021-two-men-and-a-truck_1,https://www.thecbrb.ca/directory/moving-shipping-junk-removal-services,yes,CBRB directory public listing
Urge to Purge Inc.,+19057328382,"Moving, Shipping & Junk Removal Services","Hoarding, Decluttering and Junk Removal Welland, ON",,,https://www.thecbrb.ca/directory/moving-shipping-junk-removal-services/best-businesses-in-canada-2021-urge-to-purge-inc,https://www.thecbrb.ca/directory/moving-shipping-junk-removal-services,yes,CBRB directory public listing
VR MOVING INC,+19054675731,"Moving, Shipping & Junk Removal Services","Moving and storage service Mississauga, ON",,,https://www.thecbrb.ca/directory/moving-shipping-junk-removal-services/best-businesses-in-canada-2022-vr-moving-inc,https://www.thecbrb.ca/directory/moving-shipping-junk-removal-services,yes,CBRB directory public listing
Samore Closets Inc,+19055698112,Organization Services,"Custom Closet Organizers Mississauga , ON",,,https://www.thecbrb.ca/directory/organization-services/cbrb-best-businesses-in-canada-2023-samore-closets-inc,https://www.thecbrb.ca/directory/organization-services,yes,CBRB directory public listing
Can Do More Painting - Renovation and Design,+15875792423,Painting Services,"Painting & Renovation Company Calgary , AB",,,https://www.thecbrb.ca/directory/painting-services/cbrb-best-businesses-in-canada-can-do-more-painting,https://www.thecbrb.ca/directory/painting-services,yes,CBRB directory public listing
Renovaint Inc.,+14378000644,Painting Services,Painting & Flooring Services Greater Toronto Area,,,https://www.thecbrb.ca/directory/painting-services/cbrb-best-businesses-in-canada-renovaint-inc,https://www.thecbrb.ca/directory/painting-services,yes,CBRB directory public listing
ArtMade Painting Ltd.,+17802226047,Painting Services,"Painters Edmonton, AB",,,https://www.thecbrb.ca/directory/painting-services/best-businesses-in-canada-2022-artmade-painting-ltd,https://www.thecbrb.ca/directory/painting-services,yes,CBRB directory public listing
CertaPro Painters,+12048155812,Painting Services,"Painting Service Winnipeg, MB",,,https://www.thecbrb.ca/directory/painting-services/best-businesses-in-canada-2021-certapro-painters,https://www.thecbrb.ca/directory/painting-services,yes,CBRB directory public listing
Color Way Painting,+12892080372,Painting Services,"Painting Services Waterdown, ON",,,https://www.thecbrb.ca/directory/painting-services/cbrb-best-businesses-in-canada-2024-color-way-painting,https://www.thecbrb.ca/directory/painting-services,yes,CBRB directory public listing
Colour Your Life Paint & Design,+15192150902,Painting Services,"Professional Painter Orangeville, ON",,,https://www.thecbrb.ca/directory/painting-services/cbrb-best-businesses-in-canada-2024-colour-your-life-paint-design,https://www.thecbrb.ca/directory/painting-services,yes,CBRB directory public listing
Essential Painting,+14372413401,Painting Services,"Painting Service Toronto, ON",,,https://www.thecbrb.ca/directory/painting-services/cbrb-best-businesses-in-canada-2023-essential-painting,https://www.thecbrb.ca/directory/painting-services,yes,CBRB directory public listing
JAL Painting Inc,+16477785522,Painting Services,"Painting Service Greater Toronto Area, ON",,,https://www.thecbrb.ca/directory/painting-services/best-businesses-in-canada-2022-jal-painting-inc,https://www.thecbrb.ca/directory/painting-services,yes,CBRB directory public listing
JTB Painting Company Ltd,+16043021094,Painting Services,"Painting Company Abbotsford, BC",,https://www.instagram.com/jtbpaintingcompanyltd/?hl=en,https://www.thecbrb.ca/directory/painting-services/best-businesses-in-canada-2021-jtb-painting-company-ltd,https://www.thecbrb.ca/directory/painting-services,yes,CBRB directory public listing
Platinum Pro Painters Inc,+18883060101,Painting Services,"Painting/Renovating Services Burlington, ON",,https://www.platinumpropainters.com/cabinet-painting-oakville/,https://www.thecbrb.ca/directory/painting-services/best-businesses-in-canada-2021-platinum-pro-painters-inc,https://www.thecbrb.ca/directory/painting-services,yes,CBRB directory public listing
Presidential Painters Inc.,+19054627926,Painting Services,"Painting Contractor Toronto, ON",,https://presidentialpainters.ca/,https://www.thecbrb.ca/directory/painting-services/cbrb-best-businesses-in-canada-presidential-painters-inc,https://www.thecbrb.ca/directory/painting-services,yes,CBRB directory public listing
Revivify Painting,+18008608170,Painting Services,"Painting Service Ottawa, ON",,https://www.painterlady.ca/,https://www.thecbrb.ca/directory/painting-services/best-businesses-in-canada-2022-revivify-painting,https://www.thecbrb.ca/directory/painting-services,yes,CBRB directory public listing
YYZ Painters,+16479679909,Painting Services,"Painting Service Toronto , ON",,,https://www.thecbrb.ca/directory/painting-services/best-businesses-in-canada-2021-yyz-painters,https://www.thecbrb.ca/directory/painting-services,yes,CBRB directory public listing
GTA Rental Services,+18778504950,Party Equipment Rental Services,"Party Equipment Rental Service Oakville, ON",,,https://www.thecbrb.ca/directory/party-equipment-rental-services/best-businesses-in-canada-2022-gta-rental-services,https://www.thecbrb.ca/directory/party-equipment-rental-services,yes,CBRB directory public listing
Linen Closet,+12895977288,Party Equipment Rental Services,"Party Equipment Rental Service Concord, ON",,,https://www.thecbrb.ca/directory/party-equipment-rental-services/best-businesses-in-canada-2021-linen-closet,https://www.thecbrb.ca/directory/party-equipment-rental-services,yes,CBRB directory public listing
Caldwell Plumbing,+19052393950,Plumbing Services,,"Plumber Pickering, Ontario",,https://www.thecbrb.ca/directory/plumbing-services/cbrb-best-businesses-in-canada-caldwell-plumbing,https://www.thecbrb.ca/directory/plumbing-services,yes,CBRB directory public listing
Delta Plumbers,+18889251996,Plumbing Services,,"Emergency Plumbing Services Toronto, Ontario",,https://www.thecbrb.ca/directory/plumbing-services/cbrb-best-businesses-in-canada-delta-plumbers,https://www.thecbrb.ca/directory/plumbing-services,yes,CBRB directory public listing
Mekco Supply Inc.,+19055974597,Plumbing Services,,"Plumbing and HVAC Supply Store Richmond Hill, Ontario",,https://www.thecbrb.ca/directory/plumbing-services/cbrb-best-businesses-in-canada-mekco-supply-inc,https://www.thecbrb.ca/directory/plumbing-services,yes,CBRB directory public listing
Plumb Perfect Ltd.,+18884581979,Plumbing Services,,"Plumbing Contractor Erin, Ontario",,https://www.thecbrb.ca/directory/plumbing-services/cbrb-best-businesses-in-canada-plumb-perfect-ltd,https://www.thecbrb.ca/directory/plumbing-services,yes,CBRB directory public listing
Priority Plumbing & Drains,+14167628662,Plumbing Services,,"Plumbing Company Toronto , Ontario",,https://www.thecbrb.ca/directory/plumbing-services/cbrb-best-businesses-in-canada-priority-plumbing-drains,https://www.thecbrb.ca/directory/plumbing-services,yes,CBRB directory public listing
Wentworth Plumbing,+19053895555,Plumbing Services,,"Plumbing Services Hamilton , Ontario",,https://www.thecbrb.ca/directory/plumbing-services/cbrb-best-businesses-in-canada-wentworth-plumbing,https://www.thecbrb.ca/directory/plumbing-services,yes,CBRB directory public listing
Ace Plumbing and Heating,+18332478585,Plumbing Services,,"Residential Plumbing and Heating Service Calgary, Alberta",,https://www.thecbrb.ca/directory/plumbing-services/cbrb-best-businesses-in-canada-2023-ace-plumbing-and-heating,https://www.thecbrb.ca/directory/plumbing-services,yes,CBRB directory public listing
Ace Plumbing Services,+14167025993,Plumbing Services,,"Plumbing Services Toronto, Ontario",http://www.aceplumbingservices.ca,https://www.thecbrb.ca/directory/plumbing-services/cbrb-best-businesses-in-canada-2023-ace-plumbing-services,https://www.thecbrb.ca/directory/plumbing-services,yes,CBRB directory public listing
Gazda Plumbing,+16474642932,Plumbing Services,,"Plumbing Service Toronto, Ontario",https://www.gazdaplumbing.com/,https://www.thecbrb.ca/directory/plumbing-services/cbrb-best-businesses-in-canada-2023-gazda-plumbing,https://www.thecbrb.ca/directory/plumbing-services,yes,CBRB directory public listing
Jaygreen Plumbing Inc,+12507033957,Plumbing Services,,"Plumbing Services Courtenay, British Columbia",,https://www.thecbrb.ca/directory/plumbing-services/cbrb-best-businesses-in-canada-2024-jaygreen-plumbing-inc,https://www.thecbrb.ca/directory/plumbing-services,yes,CBRB directory public listing
John The Plumber,+16132277465,Plumbing Services,,"Drain Cleaner and Plumbing Ottawa, Ontario",https://johntheplumber.ca/,https://www.thecbrb.ca/directory/plumbing-services/best-businesses-in-canada-2022-john-the-plumber,https://www.thecbrb.ca/directory/plumbing-services,yes,CBRB directory public listing
Perfection Plumbing & Drain Cleaning,+13066529556,Plumbing Services,,"Plumbing Services Saskatoon, Saskatchewan",,https://www.thecbrb.ca/directory/plumbing-services/cbrb-best-businesses-in-canada-perfection-plumbing-drain-cleaning,https://www.thecbrb.ca/directory/plumbing-services,yes,CBRB directory public listing
Revive Mechanical B.C.,+17788914356,Plumbing Services,,"Plumbing Contractor Abbotsford, British Columbia",,https://www.thecbrb.ca/directory/plumbing-services/best-businesses-in-canada-2022-revive-mechanical-b-c,https://www.thecbrb.ca/directory/plumbing-services,yes,CBRB directory public listing
Water Guard Plumbing,+16478321738,Plumbing Services,,"Plumbing Service Toronto , Ontario",,https://www.thecbrb.ca/directory/plumbing-services/best-businesses-in-canada-2021-water-guard-plumbing,https://www.thecbrb.ca/directory/plumbing-services,yes,CBRB directory public listing
"Vision Plumbing, Heating & Cooling",+12504709552,Plumbing Services,,"Plumbing & HVAC Services Kelowna, British Columbia",,https://www.thecbrb.ca/directory/plumbing-services/cbrb-best-businesses-in-canada-2022-vision-plumbing-heating-cooling,https://www.thecbrb.ca/directory/plumbing-services,yes,CBRB directory public listing
Agape Kennel,+15195035464,Pet Services,"Breeding Kennel Elmira, O ntario",,,https://www.thecbrb.ca/directory/pet-services/cbrb-best-businesses-in-canada-agape-kennel,https://www.thecbrb.ca/directory/pet-services,yes,CBRB directory public listing
All Pets,+14169017387,Pet Services,,"Pet Specialty Store Toronto, Ontario",,https://www.thecbrb.ca/directory/pet-services/cbrb-best-businesses-in-canada-all-pets,https://www.thecbrb.ca/directory/pet-services,yes,CBRB directory public listing
Beinnein Kennels Ltd.,+14039313110,Pet Services,,"Pet Boarding & Grooming Calgary , Alberta",,https://www.thecbrb.ca/directory/pet-services/cbrb-best-businesses-in-canada-beinnein-kennels-ltd,https://www.thecbrb.ca/directory/pet-services,yes,CBRB directory public listing
Dogs Tail Inc.,+15873518856,Pet Services,,"Dog Day Care Center Calgary , Alberta",,https://www.thecbrb.ca/directory/pet-services/cbrb-best-businesses-in-canada-dogs-tail-inc,https://www.thecbrb.ca/directory/pet-services,yes,CBRB directory public listing
Kay’s Nail Parlour,+16133258121,Pet Services,"Pet Groomer Ottawa , O ntario",,,https://www.thecbrb.ca/directory/pet-services/cbrb-best-businesses-in-canada-kays-nail-parlour,https://www.thecbrb.ca/directory/pet-services,yes,CBRB directory public listing
Paw & Order Inc.,+15063633011,Pet Services,,"Dog Daycare & Boarding Centre Keswick Ridge, New Brunswick",,https://www.thecbrb.ca/directory/pet-services/cbrb-best-businesses-in-canada-paw-order-inc,https://www.thecbrb.ca/directory/pet-services,yes,CBRB directory public listing
Prince George & Area Pet Memorial Park,+12509637688,Pet Services,,"Pet Crematorium and Cemetery Prince George, British Columbia",,https://www.thecbrb.ca/directory/pet-services/cbrb-best-businesses-in-canada-prince-george-area-pet-memorial-park,https://www.thecbrb.ca/directory/pet-services,yes,CBRB directory public listing
Sit Happens! Companion Dog Training,+14034087309,Pet Services,,"Dog Training Services Calgary, Alberta",,https://www.thecbrb.ca/directory/pet-services/cbrb-best-businesses-in-canada-sit-happens-companion-dog-training,https://www.thecbrb.ca/directory/pet-services,yes,CBRB directory public listing
A Dog's Ruff,+16479886451,Pet Services,"Dog Walker Toronto, O ntario",,,https://www.thecbrb.ca/directory/pet-services/best-businesses-in-canada-2021-a-dogs-ruff,https://www.thecbrb.ca/directory/pet-services,yes,CBRB directory public listing
AgapiK9,+15199421508,Pet Services,"Dog Trainer Amaranth, O ntario",,,https://www.thecbrb.ca/directory/pet-services/cbrb-best-businesses-in-canada-2024-agapik9,https://www.thecbrb.ca/directory/pet-services,yes,CBRB directory public listing
Beauté Canine,+15146963838,Pet Services,,"Pet Groomer Montreal, Quebec",,https://www.thecbrb.ca/directory/pet-services/cbrb-best-businesses-in-canada-2024-beauté-canine,https://www.thecbrb.ca/directory/pet-services,yes,CBRB directory public listing
B-Pro Grooming,+19054951001,Pet Services,,"Pet Groomer Brampton , Ontario",,https://www.thecbrb.ca/directory/pet-services/cbrb-best-businesses-in-canada-2023-b-pro-grooming,https://www.thecbrb.ca/directory/pet-services,yes,CBRB directory public listing
Cascadia Dog Training Inc.,+17783828691,Pet Services,,"Dog Trainer Vancouver, British Columbia",,https://www.thecbrb.ca/directory/pet-services/best-businesses-in-canada-2021-cascadia-dog-training-inc,https://www.thecbrb.ca/directory/pet-services,yes,CBRB directory public listing
Cat's Pajamas Feline Grooming Studio,+16138989228,Pet Services,"Pet Groomer Ottawa , O ntario",,,https://www.thecbrb.ca/directory/pet-services/cbrb-best-businesses-in-canada-2022-cats-pajamas-feline-grooming-studio,https://www.thecbrb.ca/directory/pet-services,yes,CBRB directory public listing
Dankroft K9 Services,+14166536281,Pet Services,,"Dog Trainer Toronto , Ontario",https://decodingcaninestrainingcompany.com/,https://www.thecbrb.ca/directory/pet-services/best-businesses-in-canada-2021-dankroft-k9-services,https://www.thecbrb.ca/directory/pet-services,yes,CBRB directory public listing
Dog Sense Day Care & Grooming,+14166305255,Pet Services,,"Dog Day Care Center Toronto , Ontario",,https://www.thecbrb.ca/directory/pet-services/best-businesses-in-canada-2021-dog-sense-day-care-grooming,https://www.thecbrb.ca/directory/pet-services,yes,CBRB directory public listing
K9+ Dog Walking & Boarding,+14169994442,Pet Services,,"Pet Care Toronto , Ontario",,https://www.thecbrb.ca/directory/pet-services/best-businesses-in-canada-2021-k9-dog-walking-boarding,https://www.thecbrb.ca/directory/pet-services,yes,CBRB directory public listing
Karma Dog Training,+17788002951,Pet Services,"Dog and Puppy Training Vancouver , B ritish Columbia",,,https://www.thecbrb.ca/directory/pet-services/cbrb-best-businesses-in-canada-2023-karma-dog-training,https://www.thecbrb.ca/directory/pet-services,yes,CBRB directory public listing
Lovabulls Pet Care,+14164732093,Pet Services,,"Pet Sitting Service Scarborough, Ontario",,https://www.thecbrb.ca/directory/pet-services/best-businesses-in-canada-2022-lovabulls-pet-care,https://www.thecbrb.ca/directory/pet-services,yes,CBRB directory public listing
Pawfect Strollers Dog Walking & Training Services,+14168894755,Pet Services,,"Pet Service Hamilton, Ontario",,https://www.thecbrb.ca/directory/pet-services/best-businesses-in-canada-2021-pawfect-strollers-dog-walking-training-se,https://www.thecbrb.ca/directory/pet-services,yes,CBRB directory public listing
Pets N Groom Inc,+19053357122,Pet Services,,"Pet Groomer Burlington, Ontario",,https://www.thecbrb.ca/directory/pet-services/cbrb-best-businesses-in-canada-2024-pets-n-groom-inc,https://www.thecbrb.ca/directory/pet-services,yes,CBRB directory public listing
Playful Paws Doggy Daycare & Training Facility,+19024647297,Pet Services,,"Dog day care center Dartmouth, Nova Scotia",,https://www.thecbrb.ca/directory/pet-services/best-businesses-in-canada-2022-playful-paws-doggy-daycare-training-faci,https://www.thecbrb.ca/directory/pet-services,yes,CBRB directory public listing
Pooches N' The Bluffs,+14162619855,Pet Services,,"Pet Groomer Toronto , Ontario",,https://www.thecbrb.ca/directory/pet-services/cbrb-best-businesses-in-canada-2023-pooches-n-the-bluffs,https://www.thecbrb.ca/directory/pet-services,yes,CBRB directory public listing
T&T Dogs Unleashed,+16132580072,Pet Services,,"Dog Trainer and Daycare Kemptville, Ontario",,https://www.thecbrb.ca/directory/pet-services/best-businesses-in-canada-2022-tt-dogs-unleashed,https://www.thecbrb.ca/directory/pet-services,yes,CBRB directory public listing
Tails of Success,+14039710654,Pet Services,,"Obedience Dog Trainer and Mobile Groomer Calgary, Alberta",,https://www.thecbrb.ca/directory/pet-services/cbrb-best-businesses-in-canada-2024-tails-of-success,https://www.thecbrb.ca/directory/pet-services,yes,CBRB directory public listing
The Hungry Pooch,+15199159933,Pet Services,,"Pet Supply Store Windsor , Ontario",,https://www.thecbrb.ca/directory/pet-services/best-businesses-in-canada-2022-the-hungry-pooch,https://www.thecbrb.ca/directory/pet-services,yes,CBRB directory public listing
The Paw Resort & Wellness Centre,+12047299943,Pet Services,,"Kennel Brandon, Manitoba",,https://www.thecbrb.ca/directory/pet-services/cbrb-best-businesses-in-canada-2024-the-paw-resort-wellness-centre,https://www.thecbrb.ca/directory/pet-services,yes,CBRB directory public listing
Foto Booth Fun,+16474711513,Photographers/Videographers,,"PhotoBooth Services Toronto , Ontario",,https://www.thecbrb.ca/directory/photographersvideographers/cbrb-best-businesses-in-canada-foto-booth-fun,https://www.thecbrb.ca/directory/photographersvideographers,yes,CBRB directory public listing
Cynthia Priest Photography,+17807073668,Photographers/Videographers,,"Wedding & Family Photography Edmonton, Alberta",,https://www.thecbrb.ca/directory/photographersvideographers/best-businesses-in-canada-2022-cynthia-priest-photography,https://www.thecbrb.ca/directory/photographersvideographers,yes,CBRB directory public listing
HarderLee Photography,+14032442153,Photographers/Videographers,,"Photography Service Calgary, Alberta",,https://www.thecbrb.ca/directory/photographersvideographers/best-businesses-in-canada-2022-harderlee-photography,https://www.thecbrb.ca/directory/photographersvideographers,yes,CBRB directory public listing
JP Media Works,+12048034841,Photographers/Videographers,,"Video Production Service Winnipeg, Manitoba",,https://www.thecbrb.ca/directory/photographersvideographers/best-businesses-in-canada-2021-jp-media-works,https://www.thecbrb.ca/directory/photographersvideographers,yes,CBRB directory public listing
Mandy Renée Photography,+13063616485,Photographers/Videographers,,"Photographer Saskatoon, Saskatchewan",,https://www.thecbrb.ca/directory/photographersvideographers/best-businesses-in-canada-2022-mandy-renée-photography,https://www.thecbrb.ca/directory/photographersvideographers,yes,CBRB directory public listing
PIC Productions,+16473913824,Photographers/Videographers,,"Photographer Mississauga , Ontario",https://www.picproductions.org/,https://www.thecbrb.ca/directory/photographersvideographers/best-businesses-in-canada-2021-pic-productions,https://www.thecbrb.ca/directory/photographersvideographers,yes,CBRB directory public listing
SHOOT ME STUDIOS,+14162012377,Photographers/Videographers,,"Photography studio Brampton, Ontario",,https://www.thecbrb.ca/directory/photographersvideographers/best-businesses-in-canada-2021-shoot-me-studios,https://www.thecbrb.ca/directory/photographersvideographers,yes,CBRB directory public listing
SugarSnap Photography by Brandis,+19024892566,Photographers/Videographers,,"Photography service Lower Sackville, Nova Scotia",,https://www.thecbrb.ca/directory/photographersvideographers/best-businesses-in-canada-2021-sugarsnap-photography-by-brandis,https://www.thecbrb.ca/directory/photographersvideographers,yes,CBRB directory public listing
Xpression Video Productions Inc,+14163209001,Photographers/Videographers,,"Video production service Toronto , Ontario",,https://www.thecbrb.ca/directory/photographersvideographers/best-businesses-in-canada-2021-xpression-video-productions-inc,https://www.thecbrb.ca/directory/photographersvideographers,yes,CBRB directory public listing
XpressYourSelf Photobooth,+14165762555,Photographers/Videographers,,"Photobooth Rental Toronto , Ontario",,https://www.thecbrb.ca/directory/photographersvideographers/best-businesses-in-canada-2021-xpressyourself-photobooth,https://www.thecbrb.ca/directory/photographersvideographers,yes,CBRB directory public listing
Clinique Physio Familiale,+18194861186,Physiotherapy Centres,"Clinique de Physiothérapie et d’Ergothérapie Gatineau, QC",,,https://www.thecbrb.ca/directory/physiotherapy-centres/cbrb-best-businesses-in-canada-clinique-physio-familiale,https://www.thecbrb.ca/directory/physiotherapy-centres,yes,CBRB directory public listing
Innova Physio & Sports Rehab,+19053898772,Physiotherapy Centres,"Physiotherapy and Sports Rehab Hamilton, ON",,,https://www.thecbrb.ca/directory/physiotherapy-centres/cbrb-best-businesses-in-canada-innova-physio-sports-rehab,https://www.thecbrb.ca/directory/physiotherapy-centres,yes,CBRB directory public listing
Physio Prime,+18196828118,Physiotherapy Centres,"Physiotherapy Clinic Gatineau, QC",,,https://www.thecbrb.ca/directory/physiotherapy-centres/cbrb-best-businesses-in-canada-physio-prime,https://www.thecbrb.ca/directory/physiotherapy-centres,yes,CBRB directory public listing
Physiocare Physiotherapy & Rehab Centre,+16137149495,Physiotherapy Centres,"Physiotherapy Clinic Ottawa, ON",,,https://www.thecbrb.ca/directory/physiotherapy-centres/cbrb-best-businesses-in-canada-physiocare-physiotherapy-rehab-centre,https://www.thecbrb.ca/directory/physiotherapy-centres,yes,CBRB directory public listing
ALPHA Health Services,+14165451881,Physiotherapy Centres,"Physiotherapy Centre Toronto , ON",,,https://www.thecbrb.ca/directory/physiotherapy-centres/best-businesses-in-canada-2021-alpha-health-services,https://www.thecbrb.ca/directory/physiotherapy-centres,yes,CBRB directory public listing
Concept Physiotherapy,+12049387330,Physiotherapy Centres,"Physiotherapist Oakville, ON",,,https://www.thecbrb.ca/directory/physiotherapy-centres/best-businesses-in-canada-2021-concept-physiotherapy,https://www.thecbrb.ca/directory/physiotherapy-centres,yes,CBRB directory public listing
Core Therapeutics Physiotherapy,+19058588000,Physiotherapy Centres,"Physiotherapist Mississauga , ON",,,https://www.thecbrb.ca/directory/physiotherapy-centres/cbrb-best-businesses-in-canada-2024-core-therapeutics-physiotherapy,https://www.thecbrb.ca/directory/physiotherapy-centres,yes,CBRB directory public listing
Healing Touch,+19052397022,Physiotherapy Centres,"Physiotherapist Ajax, ON",,,https://www.thecbrb.ca/directory/physiotherapy-centres/best-businesses-in-canada-2021-healing-touch,https://www.thecbrb.ca/directory/physiotherapy-centres,yes,CBRB directory public listing
Holistic Physiotherapy & Wellness,+13063730060,Physiotherapy Centres,"Wellness center Saskatoon, SK",,https://www.holisticphysiowellness.ca/,https://www.thecbrb.ca/directory/physiotherapy-centres/best-businesses-in-canada-2021-holistic-physiotherapy-wellness,https://www.thecbrb.ca/directory/physiotherapy-centres,yes,CBRB directory public listing
I AM Physiotherapy Newmarket,+12894661140,Physiotherapy Centres,"Physiotherapist Newmarket, ON",,,https://www.thecbrb.ca/directory/physiotherapy-centres/best-businesses-in-canada-2022-i-am-physiotherapy-newmarket,https://www.thecbrb.ca/directory/physiotherapy-centres,yes,CBRB directory public listing
Lakeside Health & Sport,+12898052252,Physiotherapy Centres,"Physical therapy clinic Oakville, ON",,,https://www.thecbrb.ca/directory/physiotherapy-centres/best-businesses-in-canada-2022-lakeside-health-sport,https://www.thecbrb.ca/directory/physiotherapy-centres,yes,CBRB directory public listing
Lansdowne Physiotherapy Clinic,+16042704428,Physiotherapy Centres,"Physical therapy clinic Richmond, BC",,,https://www.thecbrb.ca/directory/physiotherapy-centres/best-businesses-in-canada-2022-lansdowne-physiotherapy-clinic,https://www.thecbrb.ca/directory/physiotherapy-centres,yes,CBRB directory public listing
Med Wellness Centre,+19056058889,Physiotherapy Centres,"Physiotherapy & Rehab Vaughan , ON",,,https://www.thecbrb.ca/directory/physiotherapy-centres/best-businesses-in-canada-2022-med-wellness-centre,https://www.thecbrb.ca/directory/physiotherapy-centres,yes,CBRB directory public listing
Midtown Physiotherapy,+14167927447,Physiotherapy Centres,"Physiotherapy Centre Toronto , ON",,,https://www.thecbrb.ca/directory/physiotherapy-centres/best-businesses-in-canada-2021-midtown-physiotherapy,https://www.thecbrb.ca/directory/physiotherapy-centres,yes,CBRB directory public listing
North Park Rehab Centre,+19054972120,Physiotherapy Centres,"Physiotherapist Brampton, ON",,,https://www.thecbrb.ca/directory/physiotherapy-centres/best-businesses-in-canada-2022-north-park-rehab-centre,https://www.thecbrb.ca/directory/physiotherapy-centres,yes,CBRB directory public listing
NYK Cosmetic Clinic & Physiotherapy,+19052772220,Physiotherapy Centres,"Physical Therapy Clinic Mississauga , ON",,,https://www.thecbrb.ca/directory/physiotherapy-centres/best-businesses-in-canada-2021-nyk-cosmetic-clinic-physiotherapy,https://www.thecbrb.ca/directory/physiotherapy-centres,yes,CBRB directory public listing
Physio Osteo Optimum,+15144395012,Physiotherapy Centres,,"Physiotherapist Montreal, Quebec",,https://www.thecbrb.ca/directory/physiotherapy-centres/cbrb-best-businesses-in-canada-2023-physio-osteo-optimum,https://www.thecbrb.ca/directory/physiotherapy-centres,yes,CBRB directory public listing
ProHealth Oshawa Physiotherapy & Rehab,+13654420216,Physiotherapy Centres,"Multidisciplinary Physio, Chiro & Massage Therapy Clinic Oshawa, ON",,,https://www.thecbrb.ca/directory/physiotherapy-centres/best-businesses-in-canada-2022-prohealth-oshawa-physiotherapy-rehab,https://www.thecbrb.ca/directory/physiotherapy-centres,yes,CBRB directory public listing
Pure Life Physiotherapy,+16046703276,Physiotherapy Centres,"Physiotherapist Surrey, BC",,,https://www.thecbrb.ca/directory/physiotherapy-centres/cbrb-best-businesses-in-canada-2023-pure-life-physiotherapy,https://www.thecbrb.ca/directory/physiotherapy-centres,yes,CBRB directory public listing
Right Time Rehab,+19054536799,Physiotherapy Centres,"Physical therapy clinic Brampton, ON",,,https://www.thecbrb.ca/directory/physiotherapy-centres/best-businesses-in-canada-2022-right-time-rehab,https://www.thecbrb.ca/directory/physiotherapy-centres,yes,CBRB directory public listing
Sporting Edge Physiotherapy,+19054174646,Physiotherapy Centres,"Physiotherapy Clinic Vaughan, ON",,,https://www.thecbrb.ca/directory/physiotherapy-centres/cbrb-best-businesses-in-canada-sporting-edge-physiotherapy,https://www.thecbrb.ca/directory/physiotherapy-centres,yes,CBRB directory public listing
Sunrise Physical Therapy,+17809608711,Physiotherapy Centres,"Physiotherapist Spruce Grove, AB",,,https://www.thecbrb.ca/directory/physiotherapy-centres/best-businesses-in-canada-2022-sunrise-physical-therapy,https://www.thecbrb.ca/directory/physiotherapy-centres,yes,CBRB directory public listing
Swift Care Wellness Centre,+19052409503,Physiotherapy Centres,"Physical Therapy Clinic Oshawa, ON",,,https://www.thecbrb.ca/directory/physiotherapy-centres/cbrb-best-businesses-in-canada-2023-swift-care-wellness-centre,https://www.thecbrb.ca/directory/physiotherapy-centres,yes,CBRB directory public listing
Urgence Physio,+15144883131,Physiotherapy Centres,"Physical therapy clinic Montreal, QC",,,https://www.thecbrb.ca/directory/physiotherapy-centres/best-businesses-in-canada-2022-urgence-physio,https://www.thecbrb.ca/directory/physiotherapy-centres,yes,CBRB directory public listing
Veronica Rogovsky PT,+16479069064,Physiotherapy Centres,"Registered Physiotherapist Vaughan , ON",,https://veronicarogovskypt.square.site/,https://www.thecbrb.ca/directory/physiotherapy-centres/best-businesses-in-canada-2021-veronica-rogovsky-pt,https://www.thecbrb.ca/directory/physiotherapy-centres,yes,CBRB directory public listing
Work-Fit Total Therapy Centre,+19058459540,Physiotherapy Centres,"Physiotherapy Clinic Oakville, Milton and Georgetown, ON",,,https://www.thecbrb.ca/directory/physiotherapy-centres/best-businesses-in-canada-2022-work-fit-total-therapy-centre,https://www.thecbrb.ca/directory/physiotherapy-centres,yes,CBRB directory public listing
ZONE 4 PHYSIOTHERAPY & WELLNESS CENTER,+17789990899,Physiotherapy Centres,"Physiotherapist North Vancouver, BC",,,https://www.thecbrb.ca/directory/physiotherapy-centres/cbrb-best-businesses-in-canada-2023-zone-4-physiotherapy-wellness,https://www.thecbrb.ca/directory/physiotherapy-centres,yes,CBRB directory public listing
Budget Printing and Supplies,+14032470896,Printing Services,,"Printing and Shipping Services Calgary, Alberta",,https://www.thecbrb.ca/directory/printing-services/cbrb-best-businesses-in-canada-budget-printing-and-supplies,https://www.thecbrb.ca/directory/printing-services,yes,CBRB directory public listing
SSK Signs,+19052822225,Printing Services,,"Sign Shop Mississauga, Ontario",,https://www.thecbrb.ca/directory/printing-services/cbrb-best-businesses-in-canada-ssk-signs,https://www.thecbrb.ca/directory/printing-services,yes,CBRB directory public listing
Aventus Investigations Inc.,+16472295820,Private Investigators,"Private Investigator Ajax , ON",,,https://www.thecbrb.ca/directory/private-investigators/cbrb-best-businesses-in-canada-aventus-investigations-inc,https://www.thecbrb.ca/directory/private-investigators,yes,CBRB directory public listing
Duncan Investigations Inc,+12042333439,Private Investigators,"Private Investigation Services Winnipeg , MB",,,https://www.thecbrb.ca/directory/private-investigators/cbrb-best-businesses-in-canada-duncan-investigations-inc,https://www.thecbrb.ca/directory/private-investigators,yes,CBRB directory public listing
The Smith Investigation Agency,+16474798474,Private Investigators,"Private Investigator Mississauga, ON",,,https://www.thecbrb.ca/directory/private-investigators/cbrb-best-businesses-in-canada-the-smith-investigation-agency,https://www.thecbrb.ca/directory/private-investigators,yes,CBRB directory public listing
Investigations Plus Ltd.,+18887032912,Private Investigators,"Private Investigation Agency Brampton,ON",,https://sqpi.ca/private-investigator-vaughan/?utm_source=google&utm_medium=organic&utm_campaign=local&utm_content=Vaughan,https://www.thecbrb.ca/directory/private-investigators/cbrb-best-businesses-in-canada-2023-investigations-plus-ltd,https://www.thecbrb.ca/directory/private-investigators,yes,CBRB directory public listing
Glen CORR Management Inc.,+15194321888,Property Management Services,"Commercial Property Management Firm London, ON",,,https://www.thecbrb.ca/directory/property-management-services/cbrb-best-businesses-in-canada-glen-corr-management-inc,https://www.thecbrb.ca/directory/property-management-services,yes,CBRB directory public listing
Murphy's Property Management,+16047511773,Property Management Services,"Property Management Company M ission , BC",,,https://www.thecbrb.ca/directory/property-management-services/cbrb-best-businesses-in-canada-murphys-property-management,https://www.thecbrb.ca/directory/property-management-services,yes,CBRB directory public listing
Peartree Group Property Management,+16136867575,Property Management Services,"Property Management Company Ottawa , ON",,,https://www.thecbrb.ca/directory/property-management-services/cbrb-best-businesses-in-canada-peartree-group-property-management,https://www.thecbrb.ca/directory/property-management-services,yes,CBRB directory public listing
Phoenix Properties Inc.,+16137239227,Property Management Services,"Apartment Rental Company Ottawa, ON",,,https://www.thecbrb.ca/directory/property-management-services/cbrb-best-businesses-in-canada-phoenix-properties-inc,https://www.thecbrb.ca/directory/property-management-services,yes,CBRB directory public listing
WEmanageURproperties Inc.,+14165783151,Property Management Services,"Property Management Company Toronto, ON",,,https://www.thecbrb.ca/directory/property-management-services/cbrb-best-businesses-in-canada-wemanageurproperties-inc,https://www.thecbrb.ca/directory/property-management-services,yes,CBRB directory public listing
CALGARY HOME WATCH & CONCIERGE INC.,+14038030012,Property Management Services,,"Personal Concierge & Home Watch Services Calgary, Alberta",,https://www.thecbrb.ca/directory/property-management-services/cbrb-best-businesses-in-canada-2023-calgary-home-watch-concierge-inc,https://www.thecbrb.ca/directory/property-management-services,yes,CBRB directory public listing
CANADIAN COMMERCIAL PROPERTY MANAGEMENT,+12893130888,Property Management Services,,"Property Management Burlington, Ontario",,https://www.thecbrb.ca/directory/property-management-services/best-businesses-in-canada-2021-canadian-commercial-property-management,https://www.thecbrb.ca/directory/property-management-services,yes,CBRB directory public listing
Chang's Property,+19024239247,Property Management Services,,"Property Management Company Halifax, Nova Scotia",,https://www.thecbrb.ca/directory/property-management-services/cbrb-best-businesses-in-canada-2023-changs-property-management,https://www.thecbrb.ca/directory/property-management-services,yes,CBRB directory public listing
Diamond Property Management Group,+16476807892,Property Management Services,Property Management Toronto Ontario,,,https://www.thecbrb.ca/directory/property-management-services/best-businesses-in-canada-2022-diamond-property-management-group,https://www.thecbrb.ca/directory/property-management-services,yes,CBRB directory public listing
Home 2 Home Properties Inc,+15198905245,Property Management Services,,"Property Management Windsor, Ontario",,https://www.thecbrb.ca/directory/property-management-services/cbrb-best-businesses-in-canada-2023-home-2-home-properties-inc,https://www.thecbrb.ca/directory/property-management-services,yes,CBRB directory public listing
LogisPro Mauricie Inc.,+18193711555,Property Management Services,Property Management Company Trois-Riviè,"res, Quebec",,https://www.thecbrb.ca/directory/property-management-services/cbrb-best-businesses-in-canada-2024-logispro-mauricie-inc,https://www.thecbrb.ca/directory/property-management-services,yes,CBRB directory public listing
Mayfield Management Group Ltd,+17804515192,Property Management Services,"Property Management Edmonton, AB",,,https://www.thecbrb.ca/directory/property-management-services/best-businesses-in-canada-2023-mayfield-management-group-ltd,https://www.thecbrb.ca/directory/property-management-services,yes,CBRB directory public listing
Shiu Pong Management Limited,+14165968885,Property Management Services,"Property Management Toronto, ON",,https://shiupong.com/index.php,https://www.thecbrb.ca/directory/property-management-services/cbrb-best-businesses-in-canada-2023-shiu-pong-management-limited,https://www.thecbrb.ca/directory/property-management-services,yes,CBRB directory public listing
OrangeList Property Management,+19053290823,Property Management Services,"Property management company St. Catharines, ON",,,https://www.thecbrb.ca/directory/property-management-services/cbrb-best-businesses-in-canada-2023-orangelist-property-management,https://www.thecbrb.ca/directory/property-management-services,yes,CBRB directory public listing
Paragon Property Management & Maintenance,+15193515551,Property Management Services,"Property Management Chatham, ON",,,https://www.thecbrb.ca/directory/property-management-services/cbrb-best-businesses-in-canada-2023-paragon-property-management,https://www.thecbrb.ca/directory/property-management-services,yes,CBRB directory public listing
Property Hunters Inc.,+15199447368,Property Management Services,"Property Management Company Windsor, ON",,,https://www.thecbrb.ca/directory/property-management-services/cbrb-best-businesses-in-canada-2023-property-hunters-inc,https://www.thecbrb.ca/directory/property-management-services,yes,CBRB directory public listing
Sunrise Estate Services,+17807220101,Property Management Services,"Estate liquidator Spruce Grove, AB",,,https://www.thecbrb.ca/directory/property-management-services/best-businesses-in-canada-2021-sunrise-estate-services,https://www.thecbrb.ca/directory/property-management-services,yes,CBRB directory public listing
Upper Edge Property Management Inc.,+12044156200,Property Management Services,,"Property Management Winnipeg, Manitoba",,https://www.thecbrb.ca/directory/property-management-services/best-businesses-in-canada-2021-upper-edge-property-management,https://www.thecbrb.ca/directory/property-management-services,yes,CBRB directory public listing
CEFPI SST,+14509350560,Public Safety Services,Consultation et Formation en Santé et Sécurité au Travail Québec,,,https://www.thecbrb.ca/directory/public-safety-services/cbrb-best-businesses-in-canada-cefpi-sst,https://www.thecbrb.ca/directory/public-safety-services,yes,CBRB directory public listing
Durham First Aid Inc.,+19052400092,Public Safety Services,,"First Aid & CPR Training Provider Durham Region, Ontario",,https://www.thecbrb.ca/directory/public-safety-services/cbrb-best-businesses-in-canada-durham-first-aid-inc,https://www.thecbrb.ca/directory/public-safety-services,yes,CBRB directory public listing
ABSA - The Pressure Equipment Safety Authority,+17804379100,Public Safety Services,,"Public S afety O ffice Edmonton, Alberta",,https://www.thecbrb.ca/directory/public-safety-services/best-businesses-in-canada-2021-absa-the-pressure-equipment-safety-autho,https://www.thecbrb.ca/directory/public-safety-services,yes,CBRB directory public listing
Cascade Fire Protection,+12506426542,Public Safety Services,,"Fire Protection Installation & Service Sooke, British Columbia",,https://www.thecbrb.ca/directory/public-safety-services/cbrb-best-businesses-in-canada-2024-cascade-fire-protection,https://www.thecbrb.ca/directory/public-safety-services,yes,CBRB directory public listing
FIRM FIRE & SAFETY INC,+18882391728,Public Safety Services,,"Fire Alarm & Safety Services Toronto, Ontario",http://www.firmfire.ca,https://www.thecbrb.ca/directory/public-safety-services/cbrb-best-businesses-in-canada-firm-fire-safety-inc,https://www.thecbrb.ca/directory/public-safety-services,yes,CBRB directory public listing
TEAM-1 Academy Inc.,+19058270007,Public Safety Services,,"Health and Safety Training Burlington, Ontario",,https://www.thecbrb.ca/directory/public-safety-services/cbrb-best-businesses-in-canada-2024-team-1-academy-inc,https://www.thecbrb.ca/directory/public-safety-services,yes,CBRB directory public listing
VIF Safety Training,+12508892074,Public Safety Services,Safety Training British Columbia,,,https://www.thecbrb.ca/directory/public-safety-services/cbrb-best-businesses-in-canada-2024-vif-safety-training,https://www.thecbrb.ca/directory/public-safety-services,yes,CBRB directory public listing
WT Canadian Safety & Medic Training,+12508614357,Public Safety Services,,"First Aid and Medic Training Kelowna, British Columbia",https://turnergroup.ca/,https://www.thecbrb.ca/directory/public-safety-services/cbrb-best-businesses-in-canada-2024-wt-canadian-safety-medic-training,https://www.thecbrb.ca/directory/public-safety-services,yes,CBRB directory public listing
Alberta Dynasty Exteriors Inc.,+14036308492,Roofing Contractors,,"Roofing Contractor Wheatland County, Alberta",,https://www.thecbrb.ca/directory/roofing-contractors/cbrb-best-businesses-in-canada-alberta-dynasty-exteriors-inc,https://www.thecbrb.ca/directory/roofing-contractors,yes,CBRB directory public listing
JDM Roofing,+16043922910,Roofing Contractors,,"Roofing Contractor Chilliwack, British Columbia",,https://www.thecbrb.ca/directory/roofing-contractors/cbrb-best-businesses-in-canada-jdm-roofing,https://www.thecbrb.ca/directory/roofing-contractors,yes,CBRB directory public listing
Mega City Roofing Inc,+14164199836,Roofing Contractors,,"Roofing Contractor Whitby, Ontario",,https://www.thecbrb.ca/directory/roofing-contractors/cbrb-best-businesses-in-canada-mega-city-roofing-inc,https://www.thecbrb.ca/directory/roofing-contractors,yes,CBRB directory public listing
Stokes Roofing,+17057613875,Roofing Contractors,,"Roofing C ontractor Peterborough , Ontario",,https://www.thecbrb.ca/directory/roofing-contractors/cbrb-best-businesses-in-canada-stokes-roofing,https://www.thecbrb.ca/directory/roofing-contractors,yes,CBRB directory public listing
Toiture Audet,+18195981384,Roofing Contractors,"Roofing Contractor Val-des-Monts, Q uebec",,https://toitureaudet.com/,https://www.thecbrb.ca/directory/roofing-contractors/cbrb-best-businesses-in-canada-toiture-audet,https://www.thecbrb.ca/directory/roofing-contractors,yes,CBRB directory public listing
Tops Roofing & Siding,+19053120558,Roofing Contractors,"Roofing & Siding Contractor Hamilton , O ntario",,,https://www.thecbrb.ca/directory/roofing-contractors/cbrb-best-businesses-in-canada-tops-roofing-siding,https://www.thecbrb.ca/directory/roofing-contractors,yes,CBRB directory public listing
Vanity Roofing,+16138514448,Roofing Contractors,,"Roofing Contractor Ottawa, Ontario",,https://www.thecbrb.ca/directory/roofing-contractors/cbrb-best-businesses-in-canada-vanity-roofing,https://www.thecbrb.ca/directory/roofing-contractors,yes,CBRB directory public listing
Best Flat Roof,+14167107171,Roofing Contractors,,"Roofing Contractor Vaughan, Ontario",,https://www.thecbrb.ca/directory/roofing-contractors/best-businesses-in-canada-2021-best-flat-roof,https://www.thecbrb.ca/directory/roofing-contractors,yes,CBRB directory public listing
Blue Jay Roofing,+12502583009,Roofing Contractors,,"Roofing Contractor West Kelowna, British Columbia",,https://www.thecbrb.ca/directory/roofing-contractors/cbrb-best-businesses-in-canada-2024-blue-jay-roofing,https://www.thecbrb.ca/directory/roofing-contractors,yes,CBRB directory public listing
Cleroux & Sons Roofing,+15198194309,Roofing Contractors,,"Roofing Contractor Tecumseh, Ontario",,https://www.thecbrb.ca/directory/roofing-contractors/best-businesses-in-canada-2021-cleroux-sons-roofing,https://www.thecbrb.ca/directory/roofing-contractors,yes,CBRB directory public listing
Club Toiture,+15149907943,Roofing Contractors,,"Roofing Contractor Mirabel, Quebec",,https://www.thecbrb.ca/directory/roofing-contractors/best-businesses-in-canada-2021-club-toiture,https://www.thecbrb.ca/directory/roofing-contractors,yes,CBRB directory public listing
Elements Metal Roof,+19028005500,Roofing Contractors,,"Roofing Contractor Halifax, Nova Scotia",,https://www.thecbrb.ca/directory/roofing-contractors/best-businesses-in-canada-2021-elements-metal-roof,https://www.thecbrb.ca/directory/roofing-contractors,yes,CBRB directory public listing
Erickson Roofing,+12507585440,Roofing Contractors,,"Roofing and Waterproofing Contractor Nanaimo, British Columbia",,https://www.thecbrb.ca/directory/roofing-contractors/cbrb-best-businesses-in-canada-2023-erickson-roofing,https://www.thecbrb.ca/directory/roofing-contractors,yes,CBRB directory public listing
First Choice Roofing,+19058533041,Roofing Contractors,,"Roofing Contractor Whitchurch-Stouffville, Ontario",,https://www.thecbrb.ca/directory/roofing-contractors/best-businesses-in-canada-2022-first-choice-roofing,https://www.thecbrb.ca/directory/roofing-contractors,yes,CBRB directory public listing
Flat Roofing BC Inc,+16043853178,Roofing Contractors,,"Roofing Contractor Surrey, British Columbia",,https://www.thecbrb.ca/directory/roofing-contractors/best-businesses-in-canada-2022-flat-roofing-bc-inc,https://www.thecbrb.ca/directory/roofing-contractors,yes,CBRB directory public listing
FS ROOF SYSTEMS,+15198274638,Roofing Contractors,,"Roofing Contractor Cambridge, Ontario",,https://www.thecbrb.ca/directory/roofing-contractors/best-businesses-in-canada-2021-fs-roof-systems,https://www.thecbrb.ca/directory/roofing-contractors,yes,CBRB directory public listing
Heavy Metal Roofing Ltd.,+17052208656,Roofing Contractors,,"Roofing Contractor Coldwater, Ontario",,https://www.thecbrb.ca/directory/roofing-contractors/cbrb-best-businesses-in-canada-2024-heavy-metal-roofing-ltd,https://www.thecbrb.ca/directory/roofing-contractors,yes,CBRB directory public listing
JN Roofing and Contracting.,+17057342988,Roofing Contractors,,"Roofing Contractor Barrie, Ontario",,https://www.thecbrb.ca/directory/roofing-contractors/best-businesses-in-canada-2022-jn-roofing-and-contracting,https://www.thecbrb.ca/directory/roofing-contractors,yes,CBRB directory public listing
Marks Roofing Ltd,+17788853347,Roofing Contractors,,"Roofing Services Surrey, British Columbia",https://www.facebook.com/Marksroofing/photos/?ref=page_internal,https://www.thecbrb.ca/directory/roofing-contractors/best-businesses-in-canada-2021-marks-roofing-ltd,https://www.thecbrb.ca/directory/roofing-contractors,yes,CBRB directory public listing
Masterclass Roofing & Exteriors,+18259942028,Roofing Contractors,,"Exterior Renovation Company Calgary, Alberta",https://www.masterclass-roofing.com/,https://www.thecbrb.ca/directory/roofing-contractors/best-businesses-in-canada-2022-masterclass-roofing-exteriors,https://www.thecbrb.ca/directory/roofing-contractors,yes,CBRB directory public listing
Matt’s Roofing LTD.,+17809937005,Roofing Contractors,,"Roofing Contractor Edmonton, Alberta",,https://www.thecbrb.ca/directory/roofing-contractors/best-businesses-in-canada-2021-matts-roofing-ltd,https://www.thecbrb.ca/directory/roofing-contractors,yes,CBRB directory public listing
Maxim Roofing Limited,+14162454949,Roofing Contractors,,"Custom Roofing Repairs And Restorations Toronto, Ontario",,https://www.thecbrb.ca/directory/roofing-contractors/cbrb-best-businesses-in-canada-2024-maxim-roofing-limited,https://www.thecbrb.ca/directory/roofing-contractors,yes,CBRB directory public listing
Metal Roof Ottawa Inc.,+16139788644,Roofing Contractors,,"Roofing Contractor Ottawa, Ontario",,https://www.thecbrb.ca/directory/roofing-contractors/cbrb-best-businesses-in-canada-2023-metal-roof-ottawa-inc,https://www.thecbrb.ca/directory/roofing-contractors,yes,CBRB directory public listing
Metal-Tech Production Inc,+14383874600,Roofing Contractors,,"Roofing Contractor Montreal, Quebec",,https://www.thecbrb.ca/directory/roofing-contractors/best-businesses-in-canada-2022-metal-tech-production-inc,https://www.thecbrb.ca/directory/roofing-contractors,yes,CBRB directory public listing
Northwind Roofing Ltd,+15872008517,Roofing Contractors,,"Roofing Contractor Prince George, British Columbia",,https://www.thecbrb.ca/directory/roofing-contractors/best-businesses-in-canada-2021-northwind-roofing-ltd,https://www.thecbrb.ca/directory/roofing-contractors,yes,CBRB directory public listing
Ontario Tech Roofing INC.,+19056164408,Roofing Contractors,,"Roofing Contractor Oakville, Ontario",,https://www.thecbrb.ca/directory/roofing-contractors/best-businesses-in-canada-2021-ontario-tech-roofing-inc,https://www.thecbrb.ca/directory/roofing-contractors,yes,CBRB directory public listing
Rainbow Gutters,+17806329301,Roofing Contractors,,"Roofing Contractor Vegreville, Alberta",https://rainbowgutters.net/,https://www.thecbrb.ca/directory/roofing-contractors/cbrb-best-businesses-in-canada-rainbow-gutters,https://www.thecbrb.ca/directory/roofing-contractors,yes,CBRB directory public listing
Reid's Roofing Ltd,+17804605866,Roofing Contractors,,"Roofing Contractor St. Albert, Alberta",,https://www.thecbrb.ca/directory/roofing-contractors/best-businesses-in-canada-2021-reids-roofing-ltd,https://www.thecbrb.ca/directory/roofing-contractors,yes,CBRB directory public listing
Roof Effex Inc,+17809837414,Roofing Contractors,,"Roofing Company Stony Plain, Alberta",https://roofeffex.com/,https://www.thecbrb.ca/directory/roofing-contractors/best-businesses-in-canada-2022-roof-effex-inc,https://www.thecbrb.ca/directory/roofing-contractors,yes,CBRB directory public listing
Toitures Sublimes,+18192664249,Roofing Contractors,"Roofing Contractor Sainte-Ursule, QC",,https://www.toituressublimes.com/,https://www.thecbrb.ca/directory/roofing-contractors/cbrb-best-businesses-in-canada-2023-toitures-sublimes,https://www.thecbrb.ca/directory/roofing-contractors,yes,CBRB directory public listing
Archer Guards,+15142515050,Security Services,"Security Services Montreal, QC",,,https://www.thecbrb.ca/directory/security-services/cbrb-best-businesses-in-canada-archer-guards,https://www.thecbrb.ca/directory/security-services,yes,CBRB directory public listing
Condor Security Inc.,+14166651500,Security Services,"Security Guard Services Toronto, ON",,,https://www.thecbrb.ca/directory/security-services/cbrb-best-businesses-in-canada-condor-security-inc,https://www.thecbrb.ca/directory/security-services,yes,CBRB directory public listing
H.F.H. SECURITY SERVICES. INC.,+17057152327,Security Services,"Security Guard Service Angus , ON",,,https://www.thecbrb.ca/directory/security-services/cbrb-best-businesses-in-canada-h-f-h-security-services-inc,https://www.thecbrb.ca/directory/security-services,yes,CBRB directory public listing
INESA Security Services Inc.,+18333884464,Security Services,"Security Services Hamilton , ON",,,https://www.thecbrb.ca/directory/security-services/cbrb-best-businesses-in-canada-inesa-security-services-inc,https://www.thecbrb.ca/directory/security-services,yes,CBRB directory public listing
JamRock Security,+12048801564,Security Services,"Security S ystem S upplier Winnipeg, MB",,,https://www.thecbrb.ca/directory/security-services/cbrb-best-businesses-in-canada-jamrock-security,https://www.thecbrb.ca/directory/security-services,yes,CBRB directory public listing
Maritect Investigations & Security Ltd.,+19022703161,Security Services,"Security Services Sydney, NS",,,https://www.thecbrb.ca/directory/security-services/cbrb-best-businesses-in-canada-maritect-investigations-security-ltd,https://www.thecbrb.ca/directory/security-services,yes,CBRB directory public listing
1Northwest Security Services,+18076237417,Security Services,"Security guard service Thunder Bay, ON",,,https://www.thecbrb.ca/directory/security-services/best-businesses-in-canada-2022-1northwest-security-services,https://www.thecbrb.ca/directory/security-services,yes,CBRB directory public listing
Allfine Security,+14168550101,Security Services,"Security System Installer Vaughan, ON",,,https://www.thecbrb.ca/directory/security-services/cbrb-best-businesses-in-canada-2024-allfine-security,https://www.thecbrb.ca/directory/security-services,yes,CBRB directory public listing
AJ-Spider Security & Investigation Services,+19055260707,Security Services,"Security guard service Hamilton, ON",,http://ajssissecurityinc.com/,https://www.thecbrb.ca/directory/security-services/best-businesses-in-canada-2021-aj-spider-security-investigation-service,https://www.thecbrb.ca/directory/security-services,yes,CBRB directory public listing
Amike Fire Alarm Security Service,+15143606233,Security Services,"Fire alarm supplier Montreal, QC",,,https://www.thecbrb.ca/directory/security-services/best-businesses-in-canada-2021-amike-fire-alarm-security-service,https://www.thecbrb.ca/directory/security-services,yes,CBRB directory public listing
Armoured Security Canada Inc,+19057602693,Security Services,"Armoured Security Concord, ON",,,https://www.thecbrb.ca/directory/security-services/best-businesses-in-canada-2021-armoured-security-canada-inc,https://www.thecbrb.ca/directory/security-services,yes,CBRB directory public listing
Artistic Smart Homes,+19058509386,Security Services,"Automation/Security/Audio visual Vaughan, ON",,,https://www.thecbrb.ca/directory/security-services/best-businesses-in-canada-2022-artistic-smart-homes,https://www.thecbrb.ca/directory/security-services,yes,CBRB directory public listing
Birdseye Security Solutions,+18442247372,Security Services,Security Services North America,,,https://www.thecbrb.ca/directory/security-services/best-businesses-in-canada-2022-birdseye-security-solutions,https://www.thecbrb.ca/directory/security-services,yes,CBRB directory public listing
CAMSONICS SECURITY SYSTEM INC,+16473025748,Security Services,"Security System Installer Brampton, ON",,,https://www.thecbrb.ca/directory/security-services/best-businesses-in-canada-2021-camsonics-security-system-inc,https://www.thecbrb.ca/directory/security-services,yes,CBRB directory public listing
Cancom Security,+14167630000,Security Services,"Security service Toronto, ON",,,https://www.thecbrb.ca/directory/security-services/best-businesses-in-canada-2022-cancom-security,https://www.thecbrb.ca/directory/security-services,yes,CBRB directory public listing
Eagle Vision Security,+14168000706,Security Services,Security Service Canada,,,https://www.thecbrb.ca/directory/security-services/cbrb-best-businesses-in-canada-2024-eagle-vision-security,https://www.thecbrb.ca/directory/security-services,yes,CBRB directory public listing
Empire Protection Inc.,+14165585142,Security Services,"Security guard service Brampton, ON",,,https://www.thecbrb.ca/directory/security-services/best-businesses-in-canada-2022-empire-protection-inc,https://www.thecbrb.ca/directory/security-services,yes,CBRB directory public listing
Excellence Security & Automation,+15195736767,Security Services,"Security System Supplier Kitchener, ON",,,https://www.thecbrb.ca/directory/security-services/best-businesses-in-canada-2022-excellence-security-automation,https://www.thecbrb.ca/directory/security-services,yes,CBRB directory public listing
GOLDEN ARROWS SECURITY,+18196391960,Security Services,"Security Service Gatineau, QC",,,https://www.thecbrb.ca/directory/security-services/best-businesses-in-canada-2022-golden-arrows-security,https://www.thecbrb.ca/directory/security-services,yes,CBRB directory public listing
Guardian Security Solutions,+14032337454,Security Services,"Security System Services Calgary/Lethbridge, AB",,https://www.guardiansecurity.co/,https://www.thecbrb.ca/directory/security-services/cbrb-best-businesses-in-canada-guardian-security-solutions,https://www.thecbrb.ca/directory/security-services,yes,CBRB directory public listing
Home N Tech Inc.,+16479620515,Security Services,"Home Automation Company Toronto , ON",,,https://www.thecbrb.ca/directory/security-services/cbrb-best-businesses-in-canada-2023-home-n-tech-inc,https://www.thecbrb.ca/directory/security-services,yes,CBRB directory public listing
I-Corp Security Services Ltd,+16046878645,Security Services,"Security guard service Burnaby, BC",,,https://www.thecbrb.ca/directory/security-services/best-businesses-in-canada-2022-i-corp-security-services-ltd,https://www.thecbrb.ca/directory/security-services,yes,CBRB directory public listing
IRM Consulting & Advisory,+16478002590,Security Services,"Computer security service Toronto, ON",,,https://www.thecbrb.ca/directory/security-services/best-businesses-in-canada-2024-irm-consulting-advisory,https://www.thecbrb.ca/directory/security-services,yes,CBRB directory public listing
JTL Alarm and Surveillance,+17803283232,Security Services,"Security Service Edmonton , AB",,,https://www.thecbrb.ca/directory/security-services/best-businesses-in-canada-2021-jtl-alarm-and-surveillance,https://www.thecbrb.ca/directory/security-services,yes,CBRB directory public listing
Logitactic Canada,+14035605185,Security Services,"Security system installer Calgary, AB",,,https://www.thecbrb.ca/directory/security-services/best-businesses-in-canada-2021-logitactic-canada,https://www.thecbrb.ca/directory/security-services,yes,CBRB directory public listing
Mercury Group Security Services,+19056097878,Security Services,"Security guard service Vaughan, ON",,,https://www.thecbrb.ca/directory/security-services/best-businesses-in-canada-2022-mercury-group-security-services,https://www.thecbrb.ca/directory/security-services,yes,CBRB directory public listing
OEIS Security and Investigations,+18772961112,Security Services,"Security Guard Service Toronto, ON",,,https://www.thecbrb.ca/directory/security-services/cbrb-best-businesses-in-canada-2022-oeis-security-and-investigations,https://www.thecbrb.ca/directory/security-services,yes,CBRB directory public listing
Pinnacle Security Services Inc,+16474096861,Security Services,"Security Guard Service Toronto, ON",,,https://www.thecbrb.ca/directory/security-services/best-businesses-in-canada-2021-pinnacle-security-services-inc,https://www.thecbrb.ca/directory/security-services,yes,CBRB directory public listing
Red Hawk Security Ltd,+17787511414,Security Services,"Security Guard Service Vancouver, BC",,https://www.facebook.com/silvan1222/?ref=page_internal,https://www.thecbrb.ca/directory/security-services/best-businesses-in-canada-2022-red-hawk-security-ltd,https://www.thecbrb.ca/directory/security-services,yes,CBRB directory public listing
Stanex Inc,+15143335280,Security Services,"Fire alarm supplier Montreal, QC",,,https://www.thecbrb.ca/directory/security-services/best-businesses-in-canada-2021-stanex-inc,https://www.thecbrb.ca/directory/security-services,yes,CBRB directory public listing
Titan Security and Investigative Services,+16472004823,Security Services,"Security Guards & Investigation Services Etobicoke, ON",,,https://www.thecbrb.ca/directory/security-services/cbrb-best-businesses-in-canada-2023-titan-security,https://www.thecbrb.ca/directory/security-services,yes,CBRB directory public listing
Thibault Gates And Access Control,+17785521718,Security Services,"Security Services Mission, BC",,https://gateaccess.systems/,https://www.thecbrb.ca/directory/security-services/cbrb-best-businesses-in-canada-2023-thibault-gates-and-access-control,https://www.thecbrb.ca/directory/security-services,yes,CBRB directory public listing
Xtreme Security Services Inc.,+17789031114,Security Services,"Security Guard Service Burnaby, BC",,,https://www.thecbrb.ca/directory/security-services/best-businesses-in-canada-2021-xtreme-security-services-inc,https://www.thecbrb.ca/directory/security-services,yes,CBRB directory public listing
CAG ONE,+18005772198,Skate Sharpening Services,,"Pro-Level Skate Sharpeners Quebec City, Quebec",,https://www.thecbrb.ca/directory/skate-sharpening-services/cbrb-best-businesses-in-canada-cag-one,https://www.thecbrb.ca/directory/skate-sharpening-services,yes,CBRB directory public listing
Kinnect Support Services Inc.,+14162231000,Social Services Organizations,,"Social Services Staffing Agency Toronto, Ontario",,https://www.thecbrb.ca/directory/social-services-organization/cbrb-best-businesses-in-canada-kinnect-support-services-inc,https://www.thecbrb.ca/directory/social-services-organization,yes,CBRB directory public listing
Horizons for Youth,+14167819898,Social Services Organizations,"Homeless Shelter Toronto, ON",,,https://www.thecbrb.ca/directory/social-services-organization/cbrb-best-businesses-in-canada-horizons-for-youth,https://www.thecbrb.ca/directory/social-services-organization,yes,CBRB directory public listing
"La Boussole, Centre Communautaire Francophone",+16046837337,Social Services Organizations,"Social Services Organization Vancouver, BC",,,https://www.thecbrb.ca/directory/social-services-organization/best-businesses-in-canada-2021-la-boussole-francophone-centre,https://www.thecbrb.ca/directory/social-services-organization,yes,CBRB directory public listing
DASCH - Direct Action in Support of Community Homes Inc,+12049871550,Social Services Organizations,"Social services organization Winnipeg, MB",,,https://www.thecbrb.ca/directory/social-services-organization/best-businesses-in-canada-2021-dasch-inc,https://www.thecbrb.ca/directory/social-services-organization,yes,CBRB directory public listing
The Calgary Society Of Community Opportunities,+14032533454,Social Services Organizations,,"Disability services & support organisation Calgary, Alberta",,https://www.thecbrb.ca/directory/social-services-organization/best-businesses-in-canada-2021-the-calgary-society-of-community-opportuni,https://www.thecbrb.ca/directory/social-services-organization,yes,CBRB directory public listing
Yellow Brick House,+19057090900,Social Services Organizations,"Social services organization Richmond Hill, ON",,,https://www.thecbrb.ca/directory/social-services-organization/best-businesses-in-canada-2021-yellow-brick-house,https://www.thecbrb.ca/directory/social-services-organization,yes,CBRB directory public listing
Youth Leadership Society of B.C.,+16049411317,Social Services Organizations,"Association or organization Coquitlam, BC",,,https://www.thecbrb.ca/directory/social-services-organization/best-businesses-in-canada-2021-youth-leadership-society-of-b-c,https://www.thecbrb.ca/directory/social-services-organization,yes,CBRB directory public listing
Clear View Systems Ltd.,+18883900840,Software Companies,"Currency Exchange Software Company Vancouver, BC",,,https://www.thecbrb.ca/directory/software-companies/cbrb-best-businesses-in-canada-clear-view-systems-ltd,https://www.thecbrb.ca/directory/software-companies,yes,CBRB directory public listing
AikSphere Technologies,+14164521953,Software Companies,"Software Company Mississauga , ON",,,https://www.thecbrb.ca/directory/software-companies/cbrb-best-businesses-in-canada-2023-aiksphere-technologies,https://www.thecbrb.ca/directory/software-companies,yes,CBRB directory public listing
CygniSoft Inc.,+19057822002,Software Companies,"Software Company Brampton , ON",,,https://www.thecbrb.ca/directory/software-companies/cbrb-best-businesses-in-canada-2023-cygnisoft-inc,https://www.thecbrb.ca/directory/software-companies,yes,CBRB directory public listing
Gadget Freak Inc.,+16476869991,Software Companies,"Software Company Brampton , ON",,,https://www.thecbrb.ca/directory/software-companies/cbrb-best-businesses-in-canada-2024-gadget-freak-inc,https://www.thecbrb.ca/directory/software-companies,yes,CBRB directory public listing
Group 4 Networks,+14166239677,Software Companies,"IT Services & Cybersecurity Richmond Hill , ON",,,https://www.thecbrb.ca/directory/software-companies/cbrb-best-businesses-in-canada-2023-group-4-networks,https://www.thecbrb.ca/directory/software-companies,yes,CBRB directory public listing
Mele Technology Inc.,+16478128896,Software Companies,"Software Company Markham , ON",,,https://www.thecbrb.ca/directory/software-companies/cbrb-best-businesses-in-canada-2024-mele-technology-inc,https://www.thecbrb.ca/directory/software-companies,yes,CBRB directory public listing
MiIT Technologies Inc,+19054874880,Software Companies,"IT Training, Consulting and Software Development Mississauga , ON",,,https://www.thecbrb.ca/directory/software-companies/cbrb-best-businesses-in-canada-2024-miit-technologies-inc,https://www.thecbrb.ca/directory/software-companies,yes,CBRB directory public listing
Olsen Consulting,+15873239862,Software Companies,"ERP, Vista and Construction Technology Experts Calgary, AB",,,https://www.thecbrb.ca/directory/software-companies/cbrb-best-businesses-in-canada-olsen-consulting,https://www.thecbrb.ca/directory/software-companies,yes,CBRB directory public listing
Q4 Inc.,+18775451241,Software Companies,"Software Company Toronto , ON",,,https://www.thecbrb.ca/directory/software-companies/cbrb-best-businesses-in-canada-2022-q4-inc,https://www.thecbrb.ca/directory/software-companies,yes,CBRB directory public listing
Samco Software Inc.,+16045974211,Software Companies,"Software Company Langley, BC",,,https://www.thecbrb.ca/directory/software-companies/cbrb-best-businesses-in-canada-2023-samco-software-inc,https://www.thecbrb.ca/directory/software-companies,yes,CBRB directory public listing
TechPOS International Corp.,+18337223663,Software Companies,"All-in-One Cannabis Retail Operations Vancouver , BC",,,https://www.thecbrb.ca/directory/software-companies/cbrb-best-businesses-in-canada-2024-techpos-international-corp,https://www.thecbrb.ca/directory/software-companies,yes,CBRB directory public listing
City Soundproofing Toronto,+16478004525,Soundproofing Services,,"Soundproofing Contractors & Acoustical Solutions Toronto, Ontario",,https://www.thecbrb.ca/directory/soundproofing-services/cbrb-best-businesses-in-canada-2023-city-soundproofing-toronto,https://www.thecbrb.ca/directory/soundproofing-services,yes,CBRB directory public listing
Alta RV Parking & Storage Inc.,+15876934500,Storage Facilities/Services,"RV Parking & Self-Storage Facility Red Deer County, AB",,,https://www.thecbrb.ca/directory/storage-facilitiesservices/cbrb-best-businesses-in-canada-alta-rv-parking-storage-inc,https://www.thecbrb.ca/directory/storage-facilitiesservices,yes,CBRB directory public listing
Store 'N Go Self Storage Inc,+15199418801,Storage Facilities/Services,"Self-Storage Facility Mono, ON",,,https://www.thecbrb.ca/directory/storage-facilitiesservices/cbrb-best-businesses-in-canada-store-n-go-self-storage-inc,https://www.thecbrb.ca/directory/storage-facilitiesservices,yes,CBRB directory public listing
Access Storage - Burlington Central,+12898063711,Storage Facilities/Services,"Self-Storage Facility Burlington, ON",,,https://www.thecbrb.ca/directory/storage-facilitiesservices/cbrb-best-businesses-in-canada-2023-access-storage-burlington-central,https://www.thecbrb.ca/directory/storage-facilitiesservices,yes,CBRB directory public listing
Lake Country Self Storage,+12507662430,Storage Facilities/Services,"Self-storage facility Kelowna, BC",,,https://www.thecbrb.ca/directory/storage-facilitiesservices/best-businesses-in-canada-2021-lake-country-self-storage,https://www.thecbrb.ca/directory/storage-facilitiesservices,yes,CBRB directory public listing
One Stop Storage & Rentals Ltd.,+13062298379,Storage Facilities/Services,"Self-storage facility Hague, SK",,,https://www.thecbrb.ca/directory/storage-facilitiesservices/best-businesses-in-canada-2021-one-stop-storage-rentals,https://www.thecbrb.ca/directory/storage-facilitiesservices,yes,CBRB directory public listing
Premier RV Storage Inc.,+17802885445,Storage Facilities/Services,"Outdoor Storage Facility Beaumont, AB",,,https://www.thecbrb.ca/directory/storage-facilitiesservices/cbrb-best-businesses-in-canada-2024-premier-rv-storage-inc,https://www.thecbrb.ca/directory/storage-facilitiesservices,yes,CBRB directory public listing
The Auto Loft,+18332885638,Storage Facilities/Services,"Professional Vehicle Storage Toronto, ON",,,https://www.thecbrb.ca/directory/storage-facilitiesservices/cbrb-best-businesses-in-canada-2022-the-auto-loft-inc,https://www.thecbrb.ca/directory/storage-facilitiesservices,yes,CBRB directory public listing
The Move Out Bin,+15195663332,Storage Facilities/Services,"Storage & Rental of Portable Containers Belle River, ON",,,https://www.thecbrb.ca/directory/storage-facilitiesservices/best-businesses-in-canada-2022-the-move-out-bin,https://www.thecbrb.ca/directory/storage-facilitiesservices,yes,CBRB directory public listing
Vaultra Storage,+18447812187,Storage Facilities/Services,Storage Solution Company Canada,,,https://www.thecbrb.ca/directory/storage-facilitiesservices/cbrb-best-businesses-in-canada-2022-vaultra-storage,https://www.thecbrb.ca/directory/storage-facilitiesservices,yes,CBRB directory public listing
Vice N Berg Cold Storage,+18774600084,Storage Facilities/Services,,"Distribution & Cold Storage Facility Toronto, Ontario",,https://www.thecbrb.ca/directory/storage-facilitiesservices/cbrb-best-businesses-in-canada-2024-vice-n-berg-cold-storage,https://www.thecbrb.ca/directory/storage-facilitiesservices,yes,CBRB directory public listing
Adtech Systems Inc.,+16045560221,Telecommunications Contractors,"Telecommunications Contractor Abbotsford, BC",,,https://www.thecbrb.ca/directory/telecommunications-contractors/cbrb-best-businesses-in-canada-2024-adtech-systems-inc,https://www.thecbrb.ca/directory/telecommunications-contractors,yes,CBRB directory public listing
Encepta,+16042993710,Telecommunications Contractors,"Telecommunications Contractor Burnaby, BC",,,https://www.thecbrb.ca/directory/telecommunications-contractors/best-businesses-in-canada-2021-encepta-corp,https://www.thecbrb.ca/directory/telecommunications-contractors,yes,CBRB directory public listing
Ultimate Car Carriers,+15145612703,Towing Services,"Luxury Towing Service Quebec, Canada",,https://www.facebook.com/Ultimate-Car-Carriers-107086331638475/,https://www.thecbrb.ca/directory/towing-services/best-businesses-in-canada-ultimate-car-carriers,https://www.thecbrb.ca/directory/towing-services,yes,CBRB directory public listing
Reliable Tow & Recovery,+13066641006,Towing Services,,"Towing Service Warman, Saskatchewan",,https://www.thecbrb.ca/directory/towing-services/cbrb-best-businesses-in-canada-2022-reliable-tow-recovery,https://www.thecbrb.ca/directory/towing-services,yes,CBRB directory public listing
Westshore Towing Ltd,+12504741369,Towing Services,,"Towing Service Victoria, British Columbia",,https://www.thecbrb.ca/directory/towing-services/best-businesses-in-canada-2021-westshore-towing-ltd,https://www.thecbrb.ca/directory/towing-services,yes,CBRB directory public listing
China Travel Service (Canada) Inc.,+19053051111,Travel Agencies/Services,,"Travel A gency Markham , Ontario",,https://www.thecbrb.ca/directory/travel-agenciesservices/cbrb-best-businesses-in-canada-china-travel-service-canada-inc,https://www.thecbrb.ca/directory/travel-agenciesservices,yes,CBRB directory public listing
Triplets Travel & Tours,+19052865000,Travel Agencies/Services,,"Travel Agency Milton, Ontario",,https://www.thecbrb.ca/directory/travel-agenciesservices/cbrb-best-businesses-in-canada-triplets-travel-tours,https://www.thecbrb.ca/directory/travel-agenciesservices,yes,CBRB directory public listing
Adventures Abroad Worldwide Travel Ltd.,+18669274196,Travel Agencies/Services,,"Tour Operator Richmond, British Columbia",,https://www.thecbrb.ca/directory/travel-agenciesservices/cbrb-best-businesses-in-canada-2024-adventures-abroad-worldwide-travel-ltd,https://www.thecbrb.ca/directory/travel-agenciesservices,yes,CBRB directory public listing
Adam Travel Services Inc,+12892326163,Travel Agencies/Services,,"Travel agency Mississauga, Ontario",,https://www.thecbrb.ca/directory/travel-agenciesservices/best-businesses-in-canada-2022-adam-travel-services-inc,https://www.thecbrb.ca/directory/travel-agenciesservices,yes,CBRB directory public listing
Jenz Journeys,+16472418558,Travel Agencies/Services,Travel Blog Canada,,,https://www.thecbrb.ca/directory/travel-agenciesservices/cbrb-best-businesses-in-canada-2024-jenz-journeys,https://www.thecbrb.ca/directory/travel-agenciesservices,yes,CBRB directory public listing
LULU TOURS LTD.,+16042855858,Travel Agencies/Services,,"Travel agency Richmond, British Columbia",,https://www.thecbrb.ca/directory/travel-agenciesservices/cbrb-best-businesses-in-canada-2024-lulu-tours-ltd,https://www.thecbrb.ca/directory/travel-agenciesservices,yes,CBRB directory public listing
Maureen K Travel Ltd,+16049864404,Travel Agencies/Services,,"Travel Agency/Wholesaler North Vancouver, British Columbia",,https://www.thecbrb.ca/directory/travel-agenciesservices/cbrb-best-businesses-in-canada-2024-maureen-k-travel-ltd,https://www.thecbrb.ca/directory/travel-agenciesservices,yes,CBRB directory public listing
E-Tutorpro,+16047109602,Tutoring Services,,"Private Tutor North Vancouver, British Columbia",,https://www.thecbrb.ca/directory/tutoring-services/cbrb-best-businesses-in-canada-e-tutorpro,https://www.thecbrb.ca/directory/tutoring-services,yes,CBRB directory public listing
Gill Learning Centers Inc,+16132951432,Tutoring Services,,"Tutoring & Exam Preparation Services Ottawa, Ontario",,https://www.thecbrb.ca/directory/tutoring-services/cbrb-best-businesses-in-canada-gill-learning-centers-inc,https://www.thecbrb.ca/directory/tutoring-services,yes,CBRB directory public listing
LIFT Learning Inc.,+14039197427,Tutoring Services,,"Educational Services Calgary, Alberta",,https://www.thecbrb.ca/directory/tutoring-services/cbrb-best-businesses-in-canada-lift-learning-inc,https://www.thecbrb.ca/directory/tutoring-services,yes,CBRB directory public listing
Naijatutors Konnect Inc.,+14372188170,Tutoring Services,,"Online Tutoring Company Hamilton, Ontario",,https://www.thecbrb.ca/directory/tutoring-services/cbrb-best-businesses-in-canada-naijatutors-konnect-inc,https://www.thecbrb.ca/directory/tutoring-services,yes,CBRB directory public listing
FUZE MARKETING,+15145000483,Web Design / Marketing Services,"Marketing Agency Montreal, Q C",,,https://www.thecbrb.ca/directory/web-design-marketing-services/cbrb-best-businesses-in-canada-fuze-marketing,https://www.thecbrb.ca/directory/web-design-marketing-services,yes,CBRB directory public listing
Inspired Method,+15874893743,Web Design / Marketing Services,"Business Coaching & Marketing Edmonton, AB",,,https://www.thecbrb.ca/directory/web-design-marketing-services/cbrb-best-businesses-in-canada-inspired-method,https://www.thecbrb.ca/directory/web-design-marketing-services,yes,CBRB directory public listing
LB Signs Ltd.,+13062421661,Web Design / Marketing Services,"Sign & Graphics Services Saskatoon, SK",,,https://www.thecbrb.ca/directory/web-design-marketing-services/cbrb-best-businesses-in-canada-lb-signs-ltd,https://www.thecbrb.ca/directory/web-design-marketing-services,yes,CBRB directory public listing
Perfect Promo Products,+19059516389,Web Design / Marketing Services,"Promotional Products Supplier Barrie, ON",,,https://www.thecbrb.ca/directory/web-design-marketing-services/cbrb-best-businesses-in-canada-perfect-promo-products,https://www.thecbrb.ca/directory/web-design-marketing-services,yes,CBRB directory public listing
The Mastermind Agency,+19057306874,Web Design / Marketing Services,Digital Marketing Agency Canada,,,https://www.thecbrb.ca/directory/web-design-marketing-services/cbrb-best-businesses-in-canada-the-mastermind-agency,https://www.thecbrb.ca/directory/web-design-marketing-services,yes,CBRB directory public listing
5Design,+13067169574,Web Design / Marketing Services,"Website Designer Martensville, SK",,,https://www.thecbrb.ca/directory/web-design-marketing-services/best-businesses-in-canada-2021-5design,https://www.thecbrb.ca/directory/web-design-marketing-services,yes,CBRB directory public listing
a BIG mobile SIGN company Inc,+19054567446,Web Design / Marketing Services,"Sign shop Brampton ,ON",,,https://www.thecbrb.ca/directory/web-design-marketing-services/best-businesses-in-canada-2021-a-big-mobile-sign-company-inc,https://www.thecbrb.ca/directory/web-design-marketing-services,yes,CBRB directory public listing
AvanTech Inc,+14037051198,Web Design / Marketing Services,"Software company Calgary, AB",,,https://www.thecbrb.ca/directory/web-design-marketing-services/best-businesses-in-canada-2021-avantech-inc,https://www.thecbrb.ca/directory/web-design-marketing-services,yes,CBRB directory public listing
Black Law Firm Marketing Agency,+18887255045,Web Design / Marketing Services,"Marketing Agency Oakville, ON",,,https://www.thecbrb.ca/directory/web-design-marketing-services/best-businesses-in-canada-2022-black-law-firm-marketing-agency,https://www.thecbrb.ca/directory/web-design-marketing-services,yes,CBRB directory public listing
Capital Signs Ltd.,+18679207446,Web Design / Marketing Services,"Commercial Printing Services Yellowknife, NWT",,,https://www.thecbrb.ca/directory/web-design-marketing-services/cbrb-best-businesses-in-canada-2023-capital-signs-ltd,https://www.thecbrb.ca/directory/web-design-marketing-services,yes,CBRB directory public listing
DigiHype Media Inc.,+19059013185,Web Design / Marketing Services,"Marketing agency Mississauga, ON",,,https://www.thecbrb.ca/directory/web-design-marketing-services/best-businesses-in-canada-2021-digihype-media-inc,https://www.thecbrb.ca/directory/web-design-marketing-services,yes,CBRB directory public listing
Digital Consultants,+14168852809,Web Design / Marketing Services,"Website designer Whitchurch-Stouffville, ON",,,https://www.thecbrb.ca/directory/web-design-marketing-services/best-businesses-in-canada-2021-digital-consultants,https://www.thecbrb.ca/directory/web-design-marketing-services,yes,CBRB directory public listing
DTF Prints Canada,+16136012314,Web Design / Marketing Services,"Printing Services Bourget, ON",,,https://www.thecbrb.ca/directory/web-design-marketing-services/cbrb-best-businesses-in-canada-2022-dtf-prints-canada,https://www.thecbrb.ca/directory/web-design-marketing-services,yes,CBRB directory public listing
Essential™ Digital Agency,+15066060636,Web Design / Marketing Services,Digital Marketing Agency New Brunswick,,https://essentialagency.ca/,https://www.thecbrb.ca/directory/web-design-marketing-services/cbrb-best-businesses-in-canada-2024-essential-digital-agency,https://www.thecbrb.ca/directory/web-design-marketing-services,yes,CBRB directory public listing
FinePrint & Signs,+16045031117,Web Design / Marketing Services,"Sign shop Surrey, BC",,,https://www.thecbrb.ca/directory/web-design-marketing-services/best-businesses-in-canada-2021-fineprint-signs,https://www.thecbrb.ca/directory/web-design-marketing-services,yes,CBRB directory public listing
Go West Design Group,+12503835300,Web Design / Marketing Services,"Marketing consultant Victoria, BC",,,https://www.thecbrb.ca/directory/web-design-marketing-services/best-businesses-in-canada-2021-go-west-design-group,https://www.thecbrb.ca/directory/web-design-marketing-services,yes,CBRB directory public listing
Global Trends,+14382232469,Web Design / Marketing Services,"Digital Marketing Agency Montreal, QC",,https://globaltrends.ca,https://www.thecbrb.ca/directory/web-design-marketing-services/cbrb-best-businesses-in-canada-2022-global-trends,https://www.thecbrb.ca/directory/web-design-marketing-services,yes,CBRB directory public listing
HeyTony Advertising,+16474686659,Web Design / Marketing Services,"Digital Marketing Agency Hamilton, ON",,,https://www.thecbrb.ca/directory/web-design-marketing-services/cbrb-best-businesses-in-canada-2023-heytony-advertising,https://www.thecbrb.ca/directory/web-design-marketing-services,yes,CBRB directory public listing
House Of Socials,+18887645295,Web Design / Marketing Services,"Marketing Agency Montreal, QC",,,https://www.thecbrb.ca/directory/web-design-marketing-services/cbrb-best-businesses-in-canada-2022-house-of-socials,https://www.thecbrb.ca/directory/web-design-marketing-services,yes,CBRB directory public listing
I Love To Do Websites,+16047267702,Web Design / Marketing Services,"Website designer Maple Ridge, BC",,https://ilovetodowebsites.com/,https://www.thecbrb.ca/directory/web-design-marketing-services/best-businesses-in-canada-2021-i-love-to-do-websites,https://www.thecbrb.ca/directory/web-design-marketing-services,yes,CBRB directory public listing
iSIGMA Solutions,+19054482900,Web Design / Marketing Services,"Internet marketing service Mississauga, ON",,,https://www.thecbrb.ca/directory/web-design-marketing-services/best-businesses-in-canada-2021-isigma-solutions,https://www.thecbrb.ca/directory/web-design-marketing-services,yes,CBRB directory public listing
J Baker Media,+14167085251,Web Design / Marketing Services,"Digital Marketing Agency Vaughan, ON",,,https://www.thecbrb.ca/directory/web-design-marketing-services/cbrb-best-businesses-in-canada-2024-j-baker-media,https://www.thecbrb.ca/directory/web-design-marketing-services,yes,CBRB directory public listing
Maguire Marketing Group,+16476227504,Web Design / Marketing Services,"Marketing agency Toronto, ON",,,https://www.thecbrb.ca/directory/web-design-marketing-services/best-businesses-in-canada-2021-maguire-marketing-group,https://www.thecbrb.ca/directory/web-design-marketing-services,yes,CBRB directory public listing
Marketing On Purpose,+15069771248,Web Design / Marketing Services,Marketing Coach Canada,,,https://www.thecbrb.ca/directory/web-design-marketing-services/best-businesses-in-canada-2022-marketing-on-purpose,https://www.thecbrb.ca/directory/web-design-marketing-services,yes,CBRB directory public listing
Maximum Media & PR,+14165627732,Web Design / Marketing Services,"Advertising Agency Brampton, ON",,,https://www.thecbrb.ca/directory/web-design-marketing-services/cbrb-best-businesses-in-canada-2023-maximum-media-pr,https://www.thecbrb.ca/directory/web-design-marketing-services,yes,CBRB directory public listing
MED!A96,+16136862276,Web Design / Marketing Services,"Printing & Direct Door to Door Distribution Ottawa, ON",,https://www.media96.ca/,https://www.thecbrb.ca/directory/web-design-marketing-services/cbrb-best-businesses-in-canada-2023-meda96,https://www.thecbrb.ca/directory/web-design-marketing-services,yes,CBRB directory public listing
OptiBrand Rx,+14388846279,Web Design / Marketing Services,"Marketing consultant Montreal, QC",,,https://www.thecbrb.ca/directory/web-design-marketing-services/best-businesses-in-canada-2021-optibrand-rx,https://www.thecbrb.ca/directory/web-design-marketing-services,yes,CBRB directory public listing
OptiRank SEO Agency Vancouver,+17788613740,Web Design / Marketing Services,"Internet Marketing Service Vancouver, BC",,,https://www.thecbrb.ca/directory/web-design-marketing-services/cbrb-best-businesses-in-canada-optirank-seo-agency-vancouver,https://www.thecbrb.ca/directory/web-design-marketing-services,yes,CBRB directory public listing
Proimage Graphix Inc,+12262420488,Web Design / Marketing Services,"Print and Digital Solutions Elmira , ON",,,https://www.thecbrb.ca/directory/web-design-marketing-services/cbrb-best-businesses-in-canada-proimage-graphix-inc,https://www.thecbrb.ca/directory/web-design-marketing-services,yes,CBRB directory public listing
Promo Guyz,+14372461555,Web Design / Marketing Services,"Promotional Products Supplier Mississauga, ON",,,https://www.thecbrb.ca/directory/web-design-marketing-services/cbrb-best-businesses-in-canada-promo-guyz,https://www.thecbrb.ca/directory/web-design-marketing-services,yes,CBRB directory public listing
R5 Designs,+19054922589,Web Design / Marketing Services,,"Custom T-shirt store in Pickering, Ontario",,https://www.thecbrb.ca/directory/web-design-marketing-services/best-businesses-in-canada-2022-r5-designs,https://www.thecbrb.ca/directory/web-design-marketing-services,yes,CBRB directory public listing
Refine Digital Media,+15199133101,Web Design / Marketing Services,"Graphic & Web Design Agency London, ON",,,https://www.thecbrb.ca/directory/web-design-marketing-services/best-businesses-in-canada-2021-refine-digital-media,https://www.thecbrb.ca/directory/web-design-marketing-services,yes,CBRB directory public listing
ROUTE 611 INC,+16478086914,Web Design / Marketing Services,"Promotional Marketing Bolton, ON",,,https://www.thecbrb.ca/directory/web-design-marketing-services/cbrb-best-businesses-in-canada-2024-route-611-inc,https://www.thecbrb.ca/directory/web-design-marketing-services,yes,CBRB directory public listing
Schif And The City,+17804232114,Web Design / Marketing Services,"Marketing Agency Edmonton, AB",,,https://www.thecbrb.ca/directory/web-design-marketing-services/cbrb-best-businesses-in-canada-2024-schif-and-the-city,https://www.thecbrb.ca/directory/web-design-marketing-services,yes,CBRB directory public listing
Sign Design & Graphics Ltd.,+19056689000,Web Design / Marketing Services,"Commercial printer Whitby, ON",,,https://www.thecbrb.ca/directory/web-design-marketing-services/best-businesses-in-canada-2021-sign-design-graphics-ltd,https://www.thecbrb.ca/directory/web-design-marketing-services,yes,CBRB directory public listing
Starling Social,+12049180670,Web Design / Marketing Services,"Digital Marketing Agency Winnipeg , MB",,,https://www.thecbrb.ca/directory/web-design-marketing-services/best-businesses-in-canada-2021-starling-social,https://www.thecbrb.ca/directory/web-design-marketing-services,yes,CBRB directory public listing
STELLA GRAPHIX INC.,+16472069964,Web Design / Marketing Services,"Website designer Newmarket, ON",,,https://www.thecbrb.ca/directory/web-design-marketing-services/best-businesses-in-canada-2021-stella-graphix-inc,https://www.thecbrb.ca/directory/web-design-marketing-services,yes,CBRB directory public listing
Stormy Marketing Inc.,+13062611179,Web Design / Marketing Services,"Promotional products supplier Saskatoon, SK",,,https://www.thecbrb.ca/directory/web-design-marketing-services/best-businesses-in-canada-2022-stormy-marketing-inc,https://www.thecbrb.ca/directory/web-design-marketing-services,yes,CBRB directory public listing
TEKBURG,+14168305007,Web Design / Marketing Services,"Photocopiers Supplier Vaughan, ON",,,https://www.thecbrb.ca/directory/web-design-marketing-services/cbrb-best-businesses-in-canada-2023-tekburg,https://www.thecbrb.ca/directory/web-design-marketing-services,yes,CBRB directory public listing
"The Edge, A Leaders' Magazine",+14167731077,Web Design / Marketing Services,"Magazine Toronto, ON",,,https://www.thecbrb.ca/directory/web-design-marketing-services/best-businesses-in-canada-2021-the-edge-a-leaders-magazine,https://www.thecbrb.ca/directory/web-design-marketing-services,yes,CBRB directory public listing
Tigris Events Inc,+14162839119,Web Design / Marketing Services,"Marketing agency Toronto, ON",,,https://www.thecbrb.ca/directory/web-design-marketing-services/best-businesses-in-canada-2022-tigris-events,https://www.thecbrb.ca/directory/web-design-marketing-services,yes,CBRB directory public listing
Toronto Digital Marketing Inc,+16479967389,Web Design / Marketing Services,"Marketing agency Toronto , ON",,,https://www.thecbrb.ca/directory/web-design-marketing-services/best-businesses-in-canada-2021-toronto-digital-marketing-inc,https://www.thecbrb.ca/directory/web-design-marketing-services,yes,CBRB directory public listing
Trilogy Solutions Ltd.,+16049100416,Web Design / Marketing Services,Digital marketing firm British Columbia,,,https://www.thecbrb.ca/directory/web-design-marketing-services/best-businesses-in-canada-2022-trilogy-solutions-ltd,https://www.thecbrb.ca/directory/web-design-marketing-services,yes,CBRB directory public listing
True-E Marketing,+14168780880,Web Design / Marketing Services,"Internet marketing service Markham, ON",,,https://www.thecbrb.ca/directory/web-design-marketing-services/best-businesses-in-canada-2022-true-e-marketing,https://www.thecbrb.ca/directory/web-design-marketing-services,yes,CBRB directory public listing
Umbrella Legal Marketing,+14163564672,Web Design / Marketing Services,"Legal Marketing Toronto, ON",,,https://www.thecbrb.ca/directory/web-design-marketing-services/cbrb-best-businesses-in-canada-2023-umbrella-legal-marketing,https://www.thecbrb.ca/directory/web-design-marketing-services,yes,CBRB directory public listing
Webonology Inc.,+16474949256,Web Design / Marketing Services,"Website Designer Toronto, ON",,,https://www.thecbrb.ca/directory/web-design-marketing-services/cbrb-best-businesses-in-canada-2023-webonology-inc,https://www.thecbrb.ca/directory/web-design-marketing-services,yes,CBRB directory public listing
Webmax SEO,+18004781030,Web Design / Marketing Services,"Website & SEO Providers Vancouver Island, BC",,https://webmaxseo.com/,https://www.thecbrb.ca/directory/web-design-marketing-services/best-businesses-in-canada-2021-webmax-seo,https://www.thecbrb.ca/directory/web-design-marketing-services,yes,CBRB directory public listing
WebOrka Inc.,+18559326752,Web Design / Marketing Services,,"Printing & Embroidery Services Montreal, Quebec",https://www.orkapromo.ca/,https://www.thecbrb.ca/directory/web-design-marketing-services/cbrb-best-businesses-in-canada-2023-weborka-inc,https://www.thecbrb.ca/directory/web-design-marketing-services,yes,CBRB directory public listing
Yellow House Events,+14166862550,Web Design / Marketing Services,"Event Management Company Toronto ,ON",,,https://www.thecbrb.ca/directory/web-design-marketing-services/best-businesses-in-canada-2022-yellow-house-events,https://www.thecbrb.ca/directory/web-design-marketing-services,yes,CBRB directory public listing
GTA Direct Windows & Doors,+16479664898,Windows & Doors Contractors,"Windows & Doors Installation Services Toronto, ON",,,https://www.thecbrb.ca/directory/windows-and-doors/cbrb-best-businesses-in-canada-gta-direct-windows-doors,https://www.thecbrb.ca/directory/windows-and-doors,yes,CBRB directory public listing
Linton Window & Door,+15196239963,Windows & Doors Contractors,"Window and Door Supplier & Installation Cambridge/Shakespeare, ON",,,https://www.thecbrb.ca/directory/windows-and-doors/cbrb-best-businesses-in-canada-linton-window-door,https://www.thecbrb.ca/directory/windows-and-doors,yes,CBRB directory public listing
Portes et Fenêtres Factory Direct Montréal Windows & Doors,+15143870001,Windows & Doors Contractors,"Fournisseur et installateur de portes et fenêtres Montreal, QC",,,https://www.thecbrb.ca/directory/windows-and-doors/cbrb-best-businesses-in-canada-portes-et-fenêtres-factory-direct-montréal,https://www.thecbrb.ca/directory/windows-and-doors,yes,CBRB directory public listing
A&G Windows and Doors,+19056736060,Windows & Doors Contractors,,"Windows & Doors Contractors Mississauga, Ontario",,https://www.thecbrb.ca/directory/windows-and-doors/cbrb-best-businesses-in-canada-2023-ag-windows-and-doors,https://www.thecbrb.ca/directory/windows-and-doors,yes,CBRB directory public listing
Comfort Windows & Doors,+14168001365,Windows & Doors Contractors,"Window installation service Markham, ON",,,https://www.thecbrb.ca/directory/windows-and-doors/best-businesses-in-canada-2021-comfort-windows-doors,https://www.thecbrb.ca/directory/windows-and-doors,yes,CBRB directory public listing
Dundas Specialty Windows & Doors,+14165344593,Windows & Doors Contractors,Supply & Installation of Windows & Doors Toronto. ON,,,https://www.thecbrb.ca/directory/windows-and-doors/cbrb-best-businesses-in-canada-2023-dundas-specialty-windows-doors,https://www.thecbrb.ca/directory/windows-and-doors,yes,CBRB directory public listing
Eco Choice Windows & Doors,+14166909992,Windows & Doors Contractors,Window & Doors Contractor Vaughan. ON,,,https://www.thecbrb.ca/directory/windows-and-doors/best-businesses-in-canada-2021-eco-choice-windows-doors,https://www.thecbrb.ca/directory/windows-and-doors,yes,CBRB directory public listing
Fortress Windows & Doors Inc.,+14162915795,Windows & Doors Contractors,"Window installation service Toronto, ON",,,https://www.thecbrb.ca/directory/windows-and-doors/best-businesses-in-canada-2021-fortress-windows-doors-inc,https://www.thecbrb.ca/directory/windows-and-doors,yes,CBRB directory public listing
GTA Glass,+14169003442,Windows & Doors Contractors,,"Window and Door Glass Repair and Replacement Services Concord, Ontario",http://gtaglass.ca,https://www.thecbrb.ca/directory/windows-and-doors/cbrb-best-businesses-in-canada-2022-gta-glass-11119559-canada-inc,https://www.thecbrb.ca/directory/windows-and-doors,yes,CBRB directory public listing
HTR Windows and Doors,+16474078101,Windows & Doors Contractors,"Window and Door Sales and Installation Vaughan, ON",,,https://www.thecbrb.ca/directory/windows-and-doors/best-businesses-in-canada-2021-htr-windows-and-doors,https://www.thecbrb.ca/directory/windows-and-doors,yes,CBRB directory public listing
JJ Windows Covering,+17803409182,Windows & Doors Contractors,"Blinds Shop Edmonton, AB",,,https://www.thecbrb.ca/directory/windows-and-doors/cbrb-best-businesses-in-canada-2022-jj-windows-covering,https://www.thecbrb.ca/directory/windows-and-doors,yes,CBRB directory public listing
Luma Doors + Windows,+19053030560,Windows & Doors Contractors,"Doors and Windows Supplier/Installation Maple, ON",,,https://www.thecbrb.ca/directory/windows-and-doors/best-businesses-in-canada-2021-luma-doors-windows,https://www.thecbrb.ca/directory/windows-and-doors,yes,CBRB directory public listing
Portes et Fenêtres SK3,+18733536403,Windows & Doors Contractors,,"Supply & Installation of Windows & Doors Val-des-Monts, Quebec",,https://www.thecbrb.ca/directory/windows-and-doors/cbrb-best-businesses-in-canada-2023-portes-et-fenêtres-sk3,https://www.thecbrb.ca/directory/windows-and-doors,yes,CBRB directory public listing
PRO-FIT Window & Door,+17053523535,Windows & Doors Contractors,"Supply & Installation of Windows & Doors Wasaga Beach, ON",,,https://www.thecbrb.ca/directory/windows-and-doors/cbrb-best-businesses-in-canada-2024-pro-fit-window-door,https://www.thecbrb.ca/directory/windows-and-doors,yes,CBRB directory public listing
Urban Window & Doors,+17056735285,Windows & Doors Contractors,"Sales and installations of Windows & Doors Sudbury, ON",,,https://www.thecbrb.ca/directory/windows-and-doors/cbrb-best-businesses-in-canada-2024-urban-window-doors,https://www.thecbrb.ca/directory/windows-and-doors,yes,CBRB directory public listing
Wiebe Windows & More,+13062273656,Windows & Doors Contractors,"Window & Door Supplier & Installation Saskatoon, SK",,,https://www.thecbrb.ca/directory/windows-and-doors/cbrb-best-businesses-in-canada-wiebe-windows-more,https://www.thecbrb.ca/directory/windows-and-doors,yes,CBRB directory public listing
Western Wall Windows & Glazing Inc.,+16479618637,Windows & Doors Contractors,"Window/Door Repair & Installation Brampton , ON",,,https://www.thecbrb.ca/directory/windows-and-doors/cbrb-best-businesses-in-canada-2022-western-wall-windows-glazing-inc,https://www.thecbrb.ca/directory/windows-and-doors,yes,CBRB directory public listing
Wolf Creek Window And Door Solutions Ltd,+12503008430,Windows & Doors Contractors,"Window installation service West Kelowna, BC",,,https://www.thecbrb.ca/directory/windows-and-doors/best-businesses-in-canada-2022-wolf-creek-window-and-door-solutions-ltd,https://www.thecbrb.ca/directory/windows-and-doors,yes,CBRB directory public listing
SRS Windows and Doors,+18076270055,Windows & Doors Contractors,"Windows & Doors Contractors Thunder Bay , ON",,,https://www.thecbrb.ca/directory/windows-and-doors/best-businesses-in-canada-2021-srs-windows-doors,https://www.thecbrb.ca/directory/windows-and-doors,yes,CBRB directory public listing
Thermos Maximum,+18199234700,Windows & Doors Contractors,"Window installation service Gatineau, QC",,,https://www.thecbrb.ca/directory/windows-and-doors/best-businesses-in-canada-2022-thermos-maximum,https://www.thecbrb.ca/directory/windows-and-doors,yes,CBRB directory public listing
Van Isle Windows Ltd.,+12503837128,Windows & Doors Contractors,"Window and Patio Door Manufacturer/Installer Victoria, BC",,,https://www.thecbrb.ca/directory/windows-and-doors/best-businesses-in-canada-2022-van-isle-windows-ltd,https://www.thecbrb.ca/directory/windows-and-doors,yes,CBRB directory public listing
Zavtech Doors and Security Ltd.,+15193779913,Windows & Doors Contractors,,"Door Supplier in Owen Sound, Ontario",,https://www.thecbrb.ca/directory/windows-and-doors/cbrb-best-businesses-in-canada-2023-zavtech-doors-and-security-ltd,https://www.thecbrb.ca/directory/windows-and-doors,yes,CBRB directory public listing
