business_name,phone,category,industry_description,location,website,source_url,source_category_url,target_for_1app,notes
Alberta,,Car Dealers,,,,https://www.thecbrb.ca/directory/cartruck-dealers/alberta,https://www.thecbrb.ca/directory/cartruck-dealers,no,CBRB directory public listing
British Columbia,,Car Dealers,,,,https://www.thecbrb.ca/directory/cartruck-dealers/british-columbia,https://www.thecbrb.ca/directory/cartruck-dealers,no,CBRB directory public listing
Ontario,,Car Dealers,,,,https://www.thecbrb.ca/directory/cartruck-dealers/ontario,https://www.thecbrb.ca/directory/cartruck-dealers,no,CBRB directory public listing
Manitoba,,Car Dealers,,,,https://www.thecbrb.ca/directory/cartruck-dealers/manitoba,https://www.thecbrb.ca/directory/cartruck-dealers,no,CBRB directory public listing
Quebec,,Car Dealers,,,,https://www.thecbrb.ca/directory/cartruck-dealers/quebec,https://www.thecbrb.ca/directory/cartruck-dealers,no,CBRB directory public listing
Saskatchewan,,Car Dealers,"Recommended Resources: Canadian Business Grants <a class=""XqQF9c"" href=""https://www.ic",,https://www.canada.ca/en/services/business/grants.html,https://www.thecbrb.ca/directory/cartruck-dealers/saskatchewan,https://www.thecbrb.ca/directory/cartruck-dealers,no,CBRB directory public listing
New Brunswick,,Cleaning Services,,,,https://www.thecbrb.ca/directory/cleaning-services/new-brunswick,https://www.thecbrb.ca/directory/cleaning-services,yes,CBRB directory public listing
Nova Scotia,,General Contractors,,,,https://www.thecbrb.ca/directory/general-contractors/nova-scotia,https://www.thecbrb.ca/directory/general-contractors,yes,CBRB directory public listing
Prince Edwards Island,,General Contractors,,,,https://www.thecbrb.ca/directory/general-contractors/prince-edwards-island,https://www.thecbrb.ca/directory/general-contractors,yes,CBRB directory public listing
Newfoundland and Labrador,,Health Services & Wellness Centres,,,,https://www.thecbrb.ca/directory/health-services-wellness-centres/newfoundland-and-labrador,https://www.thecbrb.ca/directory/health-services-wellness-centres,yes,CBRB directory public listing
9240 Corbould Village,+16043000333,Accommodation Services,"Apartment Rentals Chilliwack, B ritish Columbia",,,https://www.thecbrb.ca/directory/accommodation-services/best-businesses-in-canada-9240-corbould-village,https://www.thecbrb.ca/directory/accommodation-services,yes,CBRB directory public listing
North Star Management Inc,+19055322520,Accommodation Services,,"Condominium Management Services Oakville, Ontario",,https://www.thecbrb.ca/directory/accommodation-services/cbrb-best-businesses-in-canada-north-star-management-inc,https://www.thecbrb.ca/directory/accommodation-services,yes,CBRB directory public listing
Cosmos Properties & Developments,+19024575375,Accommodation Services,,"Condominium Rental Agency Halifax, Nova Scotia",,https://www.thecbrb.ca/directory/accommodation-services/cbrb-best-businesses-in-canada-2024-cosmos-properties-developments,https://www.thecbrb.ca/directory/accommodation-services,yes,CBRB directory public listing
Peace Property Management Company LTD (Tranquility Place),+19023146827,Accommodation Services,,"Apartment Complex Charlottetown, Prince Edward Island",,https://www.thecbrb.ca/directory/accommodation-services/best-businesses-in-canada-2023-peace-property-management-company-ltd,https://www.thecbrb.ca/directory/accommodation-services,yes,CBRB directory public listing
Harpreet Parmar Professional Corporation,+14032715100,Accountants,,"Chartered Professional Accountants Calgary, Alberta",,https://www.thecbrb.ca/directory/accountants/cbrb-best-businesses-in-canada-harpreet-parmar-professional-corporation,https://www.thecbrb.ca/directory/accountants,yes,CBRB directory public listing
Island Pacific Accounting and Tax Ltd.,+12508859515,Accountants,,"Accounting & Tax Services Victoria, British Columbia",,https://www.thecbrb.ca/directory/accountants/cbrb-best-businesses-in-canada-island-pacific-accounting-and-tax-ltd,https://www.thecbrb.ca/directory/accountants,yes,CBRB directory public listing
Karen Jakubos Professional Corporation,+17053222440,Accountants,"Accounting Firm in Elmvale, Ontario","Elmvale, Ontario",,https://www.thecbrb.ca/directory/accountants/cbrb-best-businesses-in-canada-karen-jakubos-professional-corporation,https://www.thecbrb.ca/directory/accountants,yes,CBRB directory public listing
MK Bookkeeping Inc.,+14164513811,Accountants,,"Bookkeeping & Accounting Services Vaughan, Ontario",,https://www.thecbrb.ca/directory/accountants/cbrb-best-businesses-in-canada-mk-bookkeeping-inc,https://www.thecbrb.ca/directory/accountants,yes,CBRB directory public listing
Triple J Canada Consulting Inc.,+19055073998,Accountants,,"Accounting & Tax Services Mississauga, Ontario",,https://www.thecbrb.ca/directory/accountants/cbrb-best-businesses-in-canada-triple-j-canada-consulting-inc,https://www.thecbrb.ca/directory/accountants,yes,CBRB directory public listing
Amy Jane Chartered Professional Accountant,+13066911300,Accountants,,"Accounting firm Moose Jaw, Saskatchewan",,https://www.thecbrb.ca/directory/accountants/cbrb-best-businesses-in-canada-2022-amy-jane-cpa,https://www.thecbrb.ca/directory/accountants,yes,CBRB directory public listing
Billah & Associates Inc.,+16472415126,Accountants,,"Accounting firm Mississauga, Ontario",http://www.bookkeepingbizz.com/,https://www.thecbrb.ca/directory/accountants/best-businesses-in-canada-2021-billah-associates-inc,https://www.thecbrb.ca/directory/accountants,yes,CBRB directory public listing
Bookkeeping Sense Inc.,+19059231001,Accountants,,"Bookkeeping and Accounting Services Hamilton, Ontario",,https://www.thecbrb.ca/directory/accountants/cbrb-best-businesses-in-canada-2024-bookkeeping-sense-inc,https://www.thecbrb.ca/directory/accountants,yes,CBRB directory public listing
CRP Accounting Services INC,+14164560607,Accountants,"Accounting,","Book-keeping & Tax Preparation Brampton, Ontario",,https://www.thecbrb.ca/directory/accountants/cbrb-best-businesses-in-canada-2023-crp-accounting-services-inc,https://www.thecbrb.ca/directory/accountants,yes,CBRB directory public listing
"DIAMOND K. ADATIA, Chartered Professional Accountant",+14032915617,Accountants,,"Chartered Professional Accountant Calgary, Alberta",,https://www.thecbrb.ca/directory/accountants/cbrb-best-businesses-in-canada-2024-diamond-k-adatia-cpa,https://www.thecbrb.ca/directory/accountants,yes,CBRB directory public listing
"Fareed Sheik & Co, CPA's",+19058964449,Accountants,"Public Accounting, Audit,","Accounting and Taxation Mississauga, Ontario",,https://www.thecbrb.ca/directory/accountants/cbrb-best-businesses-in-canada-2024-fareed-sheik-co-cpas,https://www.thecbrb.ca/directory/accountants,yes,CBRB directory public listing
Hamdi Accounting Services Ltd.,+17806282836,Accountants,,"Accounting firm Edmonton, Alberta",,https://www.thecbrb.ca/directory/accountants/best-businesses-in-canada-2021-hamdi-accounting-services-ltd,https://www.thecbrb.ca/directory/accountants,yes,CBRB directory public listing
Infinity For Accounting & Management Services LTD,+17806911333,Accountants,,"Accounting Firm Edmonton, Alberta",,https://www.thecbrb.ca/directory/accountants/cbrb-best-businesses-in-canada-2023-infinity-for-accounting-management,https://www.thecbrb.ca/directory/accountants,yes,CBRB directory public listing
Leonard Tam Professional Corporation,+14375006494,Accountants,,"Accounting Firm Toronto, Ontario",,https://www.thecbrb.ca/directory/accountants/cbrb-best-businesses-in-canada-2023-leonard-tam-professional-corporation,https://www.thecbrb.ca/directory/accountants,yes,CBRB directory public listing
Marsers Consulting,+16475290997,Accountants,,"Certified public accountant Mississauga, Ontario",,https://www.thecbrb.ca/directory/accountants/best-businesses-in-canada-2021-marsers-consulting,https://www.thecbrb.ca/directory/accountants,yes,CBRB directory public listing
Neahr Accounting Firm,+19054492543,Accountants,,"Accounting firm Oshawa, Ontario",,https://www.thecbrb.ca/directory/accountants/best-businesses-in-canada-2021-neahr-accounting-firm,https://www.thecbrb.ca/directory/accountants,yes,CBRB directory public listing
Pash Accounting & Tax Services,+17804633513,Accountants,,"Accountant Edmonton, Alberta",,https://www.thecbrb.ca/directory/accountants/cbrb-best-businesses-in-canada-2023-pash-accounting-tax-services,https://www.thecbrb.ca/directory/accountants,yes,CBRB directory public listing
Plugged-IN CPA Accounting and Tax,+15064555397,Accountants,,"Accounting Firm Fredericton, New Brunswick",,https://www.thecbrb.ca/directory/accountants/cbrb-best-businesses-in-canada-2024-plugged-in-cpa-accounting-and-tax,https://www.thecbrb.ca/directory/accountants,yes,CBRB directory public listing
PSB & Associate Accounting & Tax Services,+16479846708,Accountants,,"Certified Professional Accountant Brampton, Ontario",,https://www.thecbrb.ca/directory/accountants/best-businesses-in-canada-2022-psb-associate-accounting-tax-services,https://www.thecbrb.ca/directory/accountants,yes,CBRB directory public listing
Ross Professional Corporation,+14169919799,Accountants,,"Accounting firm Toronto, Ontario",,https://www.thecbrb.ca/directory/accountants/best-businesses-in-canada-2021-ross-professional-corporation,https://www.thecbrb.ca/directory/accountants,yes,CBRB directory public listing
Y&C Accounting Inc,+16043706000,Accountants,,"Accounting firm Richmond, British Columbia",,https://www.thecbrb.ca/directory/accountants/best-businesses-in-canada-2021-yc-accounting-威信会计,https://www.thecbrb.ca/directory/accountants,yes,CBRB directory public listing
Dr. Yu Acupuncture & Pro Hair Clinic,+16043365949,Acupuncture Clinics,"Acupuncture Clinic Vancouver, BC",,,https://www.thecbrb.ca/directory/acupuncture-clinic/cbrb-best-businesses-in-canada-dr-yu-acupuncture-pro-hair-clinic,https://www.thecbrb.ca/directory/acupuncture-clinic,yes,CBRB directory public listing
Full Circle Acupuncture & Wellness,+17097531013,Acupuncture Clinics,"Acupuncture Clinic St. John's, NL",,,https://www.thecbrb.ca/directory/acupuncture-clinic/cbrb-best-businesses-in-canada-2024-full-circle-acupuncture-wellness,https://www.thecbrb.ca/directory/acupuncture-clinic,yes,CBRB directory public listing
Barn Angels Composting,+16479993117,Agriculture and Farming Services,"Animal Composting Services Halton Hills, ON",,,https://www.thecbrb.ca/directory/agriculture-and-farming-services/cbrb-best-businesses-in-canada-barn-angels-composting,https://www.thecbrb.ca/directory/agriculture-and-farming-services,yes,CBRB directory public listing
Monaghan Mushrooms Limited,+19058789375,Agriculture and Farming Services,Mushroom Producer & Supplier Canada,,,https://www.thecbrb.ca/directory/agriculture-and-farming-services/cbrb-best-businesses-in-canada-monaghan-mushrooms-limited,https://www.thecbrb.ca/directory/agriculture-and-farming-services,yes,CBRB directory public listing
Best Farming Systems,+17804699066,Agriculture and Farming Services,"Agricultural and Farming Products Edmonton, AB",,,https://www.thecbrb.ca/directory/agriculture-and-farming-services/best-businesses-in-canada-2021-best-farming-systems,https://www.thecbrb.ca/directory/agriculture-and-farming-services,yes,CBRB directory public listing
Simcoe and District Humane Society,+15194289161,Animal/Pest Control Services,"Animal Shelter Simcoe , ON",,,https://www.thecbrb.ca/directory/animalpest-control-services/cbrb-best-businesses-in-canada-simcoe-and-district-humane-society,https://www.thecbrb.ca/directory/animalpest-control-services,yes,CBRB directory public listing
Truly Nolen Pest Control York Region,+12898427208,Animal/Pest Control Services,"Pest Control Services York Region, ON",,,https://www.thecbrb.ca/directory/animalpest-control-services/cbrb-best-businesses-in-canada-truly-nolen-pest-control-york-region,https://www.thecbrb.ca/directory/animalpest-control-services,yes,CBRB directory public listing
Abat Extermination,+14186666667,Animal/Pest Control Services,"Pest Control Service St-Romuald, QC",,,https://www.thecbrb.ca/directory/animalpest-control-services/best-businesses-in-canada-2021-abat-extermination,https://www.thecbrb.ca/directory/animalpest-control-services,yes,CBRB directory public listing
AS Trappeur,+15145039868,Animal/Pest Control Services,Animal Removal Service Montré,"al, Quebec",,https://www.thecbrb.ca/directory/animalpest-control-services/best-businesses-in-canada-2022-as-trappeur,https://www.thecbrb.ca/directory/animalpest-control-services,yes,CBRB directory public listing
B.B.P.P. THE BEST BUG AND PEST PROTECTION INC,+16479106315,Animal/Pest Control Services,"Pest Control Service Vaughan , ON",,,https://www.thecbrb.ca/directory/animalpest-control-services/best-businesses-in-canada-2021-b-b-p-p-the-best-bug-and-pest-protection,https://www.thecbrb.ca/directory/animalpest-control-services,yes,CBRB directory public listing
Barrier Pest Control,+16479106315,Animal/Pest Control Services,"Pest Control Service Concord , ON",,,https://www.thecbrb.ca/directory/animalpest-control-services/best-businesses-in-canada-2021-barrier-pest-control,https://www.thecbrb.ca/directory/animalpest-control-services,yes,CBRB directory public listing
Gotcha Wildlife Removal Services,+16474617632,Animal/Pest Control Services,"Animal control services Oshawa, ON",,https://www.gotchawildlife.com/,https://www.thecbrb.ca/directory/animalpest-control-services/best-businesses-in-canada-2021-gotcha-wildlife-removal-services,https://www.thecbrb.ca/directory/animalpest-control-services,yes,CBRB directory public listing
Knutts Pest and Wildlife Control,+16049973706,Animal/Pest Control Services,,"Pest Control Service Chilliwack, British Columbia",,https://www.thecbrb.ca/directory/animalpest-control-services/best-businesses-in-canada-2022-knutts-pest-and-wildlife-control,https://www.thecbrb.ca/directory/animalpest-control-services,yes,CBRB directory public listing
NuTech Pest Services,+15192469783,Animal/Pest Control Services,,"Pest Control Service Alvinston , Ontario",,https://www.thecbrb.ca/directory/animalpest-control-services/cbrb-best-businesses-in-canada-2023-nutech-pest-services,https://www.thecbrb.ca/directory/animalpest-control-services,yes,CBRB directory public listing
Pestagon Ltd,+14168222590,Animal/Pest Control Services,,"Pest and Wildlife Control Services Brampton, Ontario",,https://www.thecbrb.ca/directory/animalpest-control-services/cbrb-best-businesses-in-canada-2023-pestagon-ltd,https://www.thecbrb.ca/directory/animalpest-control-services,yes,CBRB directory public listing
Pest-RX,+17059577378,Animal/Pest Control Services,,"Pest Control & Exterminator Services Apsley, Ontario",,https://www.thecbrb.ca/directory/animalpest-control-services/cbrb-best-businesses-in-canada-2023-pest-rx,https://www.thecbrb.ca/directory/animalpest-control-services,yes,CBRB directory public listing
Raider Wildlife Control,+18444827243,Animal/Pest Control Services,,"Pest Control Service Hamilton , Ontario",,https://www.thecbrb.ca/directory/animalpest-control-services/best-businesses-in-canada-2021-raider-wildlife-control,https://www.thecbrb.ca/directory/animalpest-control-services,yes,CBRB directory public listing
Simply Bed Bugs,+16474727793,Animal/Pest Control Services,"Pest Control & Preparation Services Toronto , ON",,,https://www.thecbrb.ca/directory/animalpest-control-services/cbrb-best-businesses-in-canada-2024-simply-bed-bugs,https://www.thecbrb.ca/directory/animalpest-control-services,yes,CBRB directory public listing
M&M Products Quality Home Appliances Inc.,+19056890506,Appliance Stores,,"Home Appliance Store Hamilton, Ontario",,https://www.thecbrb.ca/directory/appliance-stores/cbrb-best-businesses-in-canada-2023-mm-products-quality-home-appliances,https://www.thecbrb.ca/directory/appliance-stores,no,CBRB directory public listing
Architalcan Design Inc.,+16476546898,Architectural Services,"Residential - Commercial - Industrial Design and Building Permit Services Toronto, ON",,,https://www.thecbrb.ca/directory/architectural-services/cbrb-best-businesses-in-canada-architalcan-design-inc,https://www.thecbrb.ca/directory/architectural-services,yes,CBRB directory public listing
DJ Design Einstein Inc.,+16047604858,Architectural Services,"Architecture & Interior Design Services Langley, BC",,,https://www.thecbrb.ca/directory/architectural-services/cbrb-best-businesses-in-canada-dj-design-einstein-inc,https://www.thecbrb.ca/directory/architectural-services,yes,CBRB directory public listing
3DS Technologies Inc,+15197665885,Architectural Services,"3D Laser Scanning and LiDAR Service Provider Guelph, ON",,,https://www.thecbrb.ca/directory/architectural-services/cbrb-best-businesses-in-canada-2023-3ds-technologies-inc,https://www.thecbrb.ca/directory/architectural-services,yes,CBRB directory public listing
Lucid Homes,+14165666588,Architectural Services,"Architecture Firm Oakville , ON",,,https://www.thecbrb.ca/directory/architectural-services/best-businesses-in-canada-2021-lucid-homes,https://www.thecbrb.ca/directory/architectural-services,yes,CBRB directory public listing
J - CAD Inc.,+18882022052,Architectural Services,"Drafting service Toronto, ON",,,https://www.thecbrb.ca/directory/architectural-services/best-businesses-in-canada-2022-j-cad-inc,https://www.thecbrb.ca/directory/architectural-services,yes,CBRB directory public listing
Maggee Gibson Design Inc.,+14167228801,Architectural Services,"Architectural designer Toronto, ON",,,https://www.thecbrb.ca/directory/architectural-services/best-businesses-in-canada-2022-maggee-gibson-design-inc,https://www.thecbrb.ca/directory/architectural-services,yes,CBRB directory public listing
Mc2Design,+14036174908,Architectural Services,"Drafting service Calgary, AB",,,https://www.thecbrb.ca/directory/architectural-services/best-businesses-in-canada-2021-mc2design,https://www.thecbrb.ca/directory/architectural-services,yes,CBRB directory public listing
Pinnacle Decision Design Associates Ltd,+17782330737,Architectural Services,"Architectural Designer Vancouver , BC",,https://pinnacledecision.ca/,https://www.thecbrb.ca/directory/architectural-services/best-businesses-in-canada-2021-pinnacle-decision-design-associates-ltd,https://www.thecbrb.ca/directory/architectural-services,yes,CBRB directory public listing
RADEFF Architect Ltd.,+14164814087,Architectural Services,"Architecture and Interior Design Toronto ,ON",,,https://www.thecbrb.ca/directory/architectural-services/cbrb-best-businesses-in-canada-2023-radeff-architect-ltd,https://www.thecbrb.ca/directory/architectural-services,yes,CBRB directory public listing
Rojas Empire of Design Inc,+16472619708,Architectural Services,"Architectural designer Mississauga ,ON",,,https://www.thecbrb.ca/directory/architectural-services/best-businesses-in-canada-2021-rojas-empire-of-design-inc,https://www.thecbrb.ca/directory/architectural-services,yes,CBRB directory public listing
TAES Architects Inc.,+14168003284,Architectural Services,"Architectural Practice Toronto ,ON",,,https://www.thecbrb.ca/directory/architectural-services/cbrb-best-businesses-in-canada-2024-taes-architects-inc,https://www.thecbrb.ca/directory/architectural-services,yes,CBRB directory public listing
Zanjani Architect Inc.,+14169178285,Architectural Services,"Architect Markham, ON",,,https://www.thecbrb.ca/directory/architectural-services/cbrb-best-businesses-in-canada-2024-zanjani-architect-inc,https://www.thecbrb.ca/directory/architectural-services,yes,CBRB directory public listing
Colourful Island Craft Studio,+19023161980,Arts/Crafts Studios,,"Craft Store Georgetown, Prince Edward Island",,https://www.thecbrb.ca/directory/artscrafts-studios/best-businesses-in-canada-2022-colourful-island-craft-studio,https://www.thecbrb.ca/directory/artscrafts-studios,no,CBRB directory public listing
Lovin Studio,+16478199906,Arts/Crafts Studios,,"Art Studio Toronto, Ontario",,https://www.thecbrb.ca/directory/artscrafts-studios/best-businesses-in-canada-2022-lovin-studio,https://www.thecbrb.ca/directory/artscrafts-studios,no,CBRB directory public listing
Nibs and Scripts,+16474984479,Arts/Crafts Studios,,"Calligraphy Services Toronto, Ontario",http://www.petiteworkshop.com/,https://www.thecbrb.ca/directory/artscrafts-studios/cbrb-best-businesses-in-canada-2023-nibs-and-scripts,https://www.thecbrb.ca/directory/artscrafts-studios,no,CBRB directory public listing
Red Pine Art Supply,+17057840220,Arts/Crafts Studios,"Art Supply Store Huntsville, , ON",,,https://www.thecbrb.ca/directory/artscrafts-studios/best-businesses-in-canada-2022-red-pine-art-supply,https://www.thecbrb.ca/directory/artscrafts-studios,no,CBRB directory public listing
ATELIER ARTISTA,+14033831200,Art Galleries/Schools,"Art school Calgary, AB",,,https://www.thecbrb.ca/directory/art-galleriesschools/best-businesses-in-canada-2021-atelier-artista,https://www.thecbrb.ca/directory/art-galleriesschools,no,CBRB directory public listing
Vancouver Fine Art Gallery,+17787379888,Art Galleries/Schools,"Art Gallery Vancouver, BC",,,https://www.thecbrb.ca/directory/art-galleriesschools/cbrb-best-businesses-in-canada-vancouver-fine-art-gallery,https://www.thecbrb.ca/directory/art-galleriesschools,no,CBRB directory public listing
Visual Arts Mississauga at Riverwood,+19052774313,Art Galleries/Schools,"Arts School Mississauga, ON",,,https://www.thecbrb.ca/directory/art-galleriesschools/best-businesses-in-canada-2021-visual-arts-mississauga-at-riverwood,https://www.thecbrb.ca/directory/art-galleriesschools,no,CBRB directory public listing
Kelleher Tech & Autosound,+12047179600,Audio/Visual Retail Stores,,"Car stereo store Brandon, Manitoba",,https://www.thecbrb.ca/directory/audiovisual-retail-stores/best-businesses-in-canada-2021-kelleher-tech-autosound,https://www.thecbrb.ca/directory/audiovisual-retail-stores,no,CBRB directory public listing
AurisCare Hearing,+15199772299,Audiologists/Hearing Clinics,,"Audiology Clinic Kitchener, Ontario",,https://www.thecbrb.ca/directory/audiologistshearing-clinics/cbrb-best-businesses-in-canada-auriscare-hearing,https://www.thecbrb.ca/directory/audiologistshearing-clinics,yes,CBRB directory public listing
Art of Hearing,+19055034545,Audiologists/Hearing Clinics,,"Hearing aid store Aurora, Ontario",,https://www.thecbrb.ca/directory/audiologistshearing-clinics/best-businesses-in-canada-2022-art-of-hearing,https://www.thecbrb.ca/directory/audiologistshearing-clinics,yes,CBRB directory public listing
Dunlop Hearing,+13068081889,Audiologists/Hearing Clinics,,"Hearing Care Provider Estevan, Saskatchewan",,https://www.thecbrb.ca/directory/audiologistshearing-clinics/cbrb-best-businesses-in-canada-2024-dunlop-hearing,https://www.thecbrb.ca/directory/audiologistshearing-clinics,yes,CBRB directory public listing
Ear Architects Hearing Care,+12044167455,Audiologists/Hearing Clinics,,"Hearing Aid Store Winnipeg, Manitoba",,https://www.thecbrb.ca/directory/audiologistshearing-clinics/best-businesses-in-canada-2022-ear-architects-hearing-care,https://www.thecbrb.ca/directory/audiologistshearing-clinics,yes,CBRB directory public listing
Hearing Excellence,+19053335061,Audiologists/Hearing Clinics,"Audiology Clinic Ontario, Canada",,,https://www.thecbrb.ca/directory/audiologistshearing-clinics/best-businesses-in-canada-2021-hearing-excellence,https://www.thecbrb.ca/directory/audiologistshearing-clinics,yes,CBRB directory public listing
Hearing Wellness Centre,+18446639433,Audiologists/Hearing Clinics,,"Audiology /Hearing Loss Treatment Clinic Tecumseh, Ontario",,https://www.thecbrb.ca/directory/audiologistshearing-clinics/cbrb-best-businesses-in-canada-2024-hearing-wellness-centre,https://www.thecbrb.ca/directory/audiologistshearing-clinics,yes,CBRB directory public listing
Melody Audiology & Hearing Clinic,+17808091349,Audiologists/Hearing Clinics,,"Audiologist Edmonton, Alberta",,https://www.thecbrb.ca/directory/audiologistshearing-clinics/best-businesses-in-canada-2021-melody-audiology-hearing-clinic,https://www.thecbrb.ca/directory/audiologistshearing-clinics,yes,CBRB directory public listing
Quantum Hearing Clinic,+16049730214,Audiologists/Hearing Clinics,,"Hearing aid store North Vancouver, British Columbia",,https://www.thecbrb.ca/directory/audiologistshearing-clinics/cbrb-best-businesses-in-canada-2023-quantum-hearing-clinic,https://www.thecbrb.ca/directory/audiologistshearing-clinics,yes,CBRB directory public listing
Art In Motion Auto Care LTD,+16479902461,Auto Body/Repair Shops,"Auto Repair Shop Etobicoke ,ON",,,https://www.thecbrb.ca/directory/auto-bodyrepair-shop/cbrb-best-businesses-in-canada-art-in-motion-auto-care-ltd,https://www.thecbrb.ca/directory/auto-bodyrepair-shop,yes,CBRB directory public listing
ASC Autobody & Sales,+19055291390,Auto Body/Repair Shops,"Auto Body Shop Hamilton , ON",,,https://www.thecbrb.ca/directory/auto-bodyrepair-shop/cbrb-best-businesses-in-canada-asc-autobody-sales,https://www.thecbrb.ca/directory/auto-bodyrepair-shop,yes,CBRB directory public listing
Aurora Auto Collision & Repairs,+19057131235,Auto Body/Repair Shops,"Auto Body Shop Aurora, ON",,,https://www.thecbrb.ca/directory/auto-bodyrepair-shop/cbrb-best-businesses-in-canada-aurora-auto-collision-repairs,https://www.thecbrb.ca/directory/auto-bodyrepair-shop,yes,CBRB directory public listing
Breakaway Auto Glass Ltd,+19055775120,Auto Body/Repair Shops,"Auto Glass Shop Hamilton, ON",,,https://www.thecbrb.ca/directory/auto-bodyrepair-shop/cbrb-best-businesses-in-canada-breakaway-auto-glass-ltd,https://www.thecbrb.ca/directory/auto-bodyrepair-shop,yes,CBRB directory public listing
Crimson Automotive & Offroad,+15878841003,Auto Body/Repair Shops,"Automotive Repair and Offroad Accessories Fort McMurray, AB",,,https://www.thecbrb.ca/directory/auto-bodyrepair-shop/cbrb-best-businesses-in-canada-crimson-automotive-offroad,https://www.thecbrb.ca/directory/auto-bodyrepair-shop,yes,CBRB directory public listing
Force Performance & Repair,+14035987132,Auto Body/Repair Shops,"Mechanic Eckville, AB",,,https://www.thecbrb.ca/directory/auto-bodyrepair-shop/cbrb-best-businesses-in-canada-force-performance-repair,https://www.thecbrb.ca/directory/auto-bodyrepair-shop,yes,CBRB directory public listing
Honest Autocenter LTD,+15874357722,Auto Body/Repair Shops,"Auto Repair Center Airdrie, AB",,,https://www.thecbrb.ca/directory/auto-bodyrepair-shop/cbrb-best-businesses-in-canada-honest-autocenter-ltd,https://www.thecbrb.ca/directory/auto-bodyrepair-shop,yes,CBRB directory public listing
MacGyver Auto Body & Collision,+19055055858,Auto Body/Repair Shops,"Auto Body Shop Richmond Hill , ON",,,https://www.thecbrb.ca/directory/auto-bodyrepair-shop/cbrb-best-businesses-in-canada-macgyver-auto-body-collision,https://www.thecbrb.ca/directory/auto-bodyrepair-shop,yes,CBRB directory public listing
Mechatronic Diagnostics,+14167463456,Auto Body/Repair Shops,"Car Repair and Maintenance Toronto, ON",,,https://www.thecbrb.ca/directory/auto-bodyrepair-shop/cbrb-best-businesses-in-canada-mechatronic-diagnostics,https://www.thecbrb.ca/directory/auto-bodyrepair-shop,yes,CBRB directory public listing
Motion Machinery Ltd.,+17804527747,Auto Body/Repair Shops,"Truck & Heavy Equipment Repair Services Stony Plain, AB",,,https://www.thecbrb.ca/directory/auto-bodyrepair-shop/cbrb-best-businesses-in-canada-motion-machinery-ltd,https://www.thecbrb.ca/directory/auto-bodyrepair-shop,yes,CBRB directory public listing
Muscle Mouse Auto Spa,+17052592900,Auto Body/Repair Shops,"Auto Detailing Shop Orillia, ON",,,https://www.thecbrb.ca/directory/auto-bodyrepair-shop/cbrb-best-businesses-in-canada-muscle-mouse-auto-spa,https://www.thecbrb.ca/directory/auto-bodyrepair-shop,yes,CBRB directory public listing
Pro-Active Automotive Inc,+14032912470,Auto Body/Repair Shops,"Automotive Repair and Services Calgary, AB",,,https://www.thecbrb.ca/directory/auto-bodyrepair-shop/cbrb-best-businesses-in-canada-pro-active-automotive-inc,https://www.thecbrb.ca/directory/auto-bodyrepair-shop,yes,CBRB directory public listing
SLM AUTO INC,+15146422828,Auto Body/Repair Shops,"Meilleur atelier de carrosserie Montréal, QC",,,https://www.thecbrb.ca/directory/auto-bodyrepair-shop/cbrb-best-businesses-in-canada-slm-auto-inc,https://www.thecbrb.ca/directory/auto-bodyrepair-shop,yes,CBRB directory public listing
SPARTAN COLLISION CENTRE,+19056027299,Auto Body/Repair Shops,"Auto Body Shop Mississauga, ON",,,https://www.thecbrb.ca/directory/auto-bodyrepair-shop/cbrb-best-businesses-in-canada-spartan-collision-centre,https://www.thecbrb.ca/directory/auto-bodyrepair-shop,yes,CBRB directory public listing
Sudden Impact Auto Body & Repair Ltd.,+16045072247,Auto Body/Repair Shops,"Auto B ody S hop Surrey, BC",,,https://www.thecbrb.ca/directory/auto-bodyrepair-shop/cbrb-best-businesses-in-canada-sudden-impact-auto-body-repair-ltd,https://www.thecbrb.ca/directory/auto-bodyrepair-shop,yes,CBRB directory public listing
Transmission Depot & Full Auto Service,+19057611616,Auto Body/Repair Shops,"Auto Repair Shop Vaughan, ON",,,https://www.thecbrb.ca/directory/auto-bodyrepair-shop/best-businesses-in-canada-transmission-depot-full-auto-service,https://www.thecbrb.ca/directory/auto-bodyrepair-shop,yes,CBRB directory public listing
Wraptors Inc,+16476209727,Auto Body/Repair Shops,"Vehicle Wrapping Service Mississauga, ON",,,https://www.thecbrb.ca/directory/auto-bodyrepair-shop/cbrb-best-businesses-in-canada-wraptors-inc,https://www.thecbrb.ca/directory/auto-bodyrepair-shop,yes,CBRB directory public listing
2 Brothers Advanced Auto Diagnostics,+15196088691,Auto Body/Repair Shops,"Automotive Diagnostic and Repair London ,ON",,,https://www.thecbrb.ca/directory/auto-bodyrepair-shop/best-businesses-in-canada-2022-2-brothers-advanced-auto-diagnostics,https://www.thecbrb.ca/directory/auto-bodyrepair-shop,yes,CBRB directory public listing
2 Clean Inc.,+14036402050,Auto Body/Repair Shops,"Auto Detailing Calgary, AB",,,https://www.thecbrb.ca/directory/auto-bodyrepair-shop/cbrb-best-businesses-in-canada-2024-2-clean-inc,https://www.thecbrb.ca/directory/auto-bodyrepair-shop,yes,CBRB directory public listing
4x4 shop Canada,+19056044294,Auto Body/Repair Shops,"Car Infotainment Markham ,ON",,,https://www.thecbrb.ca/directory/auto-bodyrepair-shop/best-businesses-in-canada-2021-4x4-shop-canada,https://www.thecbrb.ca/directory/auto-bodyrepair-shop,yes,CBRB directory public listing
A Class Collision,+19054576000,Auto Body/Repair Shops,"Truck Repair Shop Mississauga , ON",,,https://www.thecbrb.ca/directory/auto-bodyrepair-shop/cbrb-best-businesses-in-canada-a-class-collision,https://www.thecbrb.ca/directory/auto-bodyrepair-shop,yes,CBRB directory public listing
AFFORDABLE RIMS AND TIRES,+19058028668,Auto Body/Repair Shops,"Tire and Rim Shop Hamilton ,ON",,,https://www.thecbrb.ca/directory/auto-bodyrepair-shop/cbrb-best-businesses-in-canada-2024-affordable-rims-and-tires,https://www.thecbrb.ca/directory/auto-bodyrepair-shop,yes,CBRB directory public listing
Amūn Mechanical,+14032142686,Auto Body/Repair Shops,"Truck & Fleet Maintenance and Repair Calgary, AB",,,https://www.thecbrb.ca/directory/auto-bodyrepair-shop/cbrb-best-businesses-in-canada-2024-amūn-mechanical,https://www.thecbrb.ca/directory/auto-bodyrepair-shop,yes,CBRB directory public listing
Assurance Collision Repair,+14167801415,Auto Body/Repair Shops,"Auto body shop Toronto ,ON",,,https://www.thecbrb.ca/directory/auto-bodyrepair-shop/best-businesses-in-canada-2021-assurance-collision-repair,https://www.thecbrb.ca/directory/auto-bodyrepair-shop,yes,CBRB directory public listing
AVOTTO,+16472361355,Auto Body/Repair Shops,"Ceramic Coating and Paint Protection Film Services Pickering, ON",,,https://www.thecbrb.ca/directory/auto-bodyrepair-shop/cbrb-best-businesses-in-canada-2024-avotto,https://www.thecbrb.ca/directory/auto-bodyrepair-shop,yes,CBRB directory public listing
Bob Lawrence Truck & Equipment Services Ltd,+12508072960,Auto Body/Repair Shops,"Commercial Vehicle & Equipment Repair Kelowna, BC",,,https://www.thecbrb.ca/directory/auto-bodyrepair-shop/cbrb-best-businesses-in-canada-2022-bob-lawrence-truck-equipment,https://www.thecbrb.ca/directory/auto-bodyrepair-shop,yes,CBRB directory public listing
Car Doc,+16475017625,Auto Body/Repair Shops,"Auto Repair Service Pickering , ON",,,https://www.thecbrb.ca/directory/auto-bodyrepair-shop/cbrb-best-businesses-in-canada-2024-car-doc,https://www.thecbrb.ca/directory/auto-bodyrepair-shop,yes,CBRB directory public listing
CarrXpert Vision Plus,+14505651038,Auto Body/Repair Shops,"Auto Repair Shop Sainte-Sophie, QC",,,https://www.thecbrb.ca/directory/auto-bodyrepair-shop/cbrb-best-businesses-in-canada-carrxpert-vision-plus,https://www.thecbrb.ca/directory/auto-bodyrepair-shop,yes,CBRB directory public listing
Clarence's Service Centre Ltd,+19058923652,Auto Body/Repair Shops,"Automotive Repair Shop Pelham, ON",,,https://www.thecbrb.ca/directory/auto-bodyrepair-shop/cbrb-best-businesses-in-canada-2024-clarences-service-centre-ltd,https://www.thecbrb.ca/directory/auto-bodyrepair-shop,yes,CBRB directory public listing
Courtney Automotive & Exchange Service Ltd,+14032284265,Auto Body/Repair Shops,"Auto repair shop Calgary, AB",,,https://www.thecbrb.ca/directory/auto-bodyrepair-shop/best-businesses-in-canada-2024-courtney-automotive-exchange-service-ltd,https://www.thecbrb.ca/directory/auto-bodyrepair-shop,yes,CBRB directory public listing
CSN Bongard Collision,+19054278787,Auto Body/Repair Shops,"Auto repair shop Ajax, ON",,,https://www.thecbrb.ca/directory/auto-bodyrepair-shop/best-businesses-in-canada-2022-csn-bongard-collision,https://www.thecbrb.ca/directory/auto-bodyrepair-shop,yes,CBRB directory public listing
D'Babs AutoWorks,+14032669313,Auto Body/Repair Shops,"Auto Repair Shop Calgary, AB",,,https://www.thecbrb.ca/directory/auto-bodyrepair-shop/cbrb-best-businesses-in-canada-2023-dbabs-autoworks,https://www.thecbrb.ca/directory/auto-bodyrepair-shop,yes,CBRB directory public listing
Express Lube & Tire,+15878944100,Auto Body/Repair Shops,"Oil change service Calgary, AB",,,https://www.thecbrb.ca/directory/auto-bodyrepair-shop/best-businesses-in-canada-2021-express-lube-tire,https://www.thecbrb.ca/directory/auto-bodyrepair-shop,yes,CBRB directory public listing
Extreme Garage,+19057607676,Auto Body/Repair Shops,"Auto Repair Shop Vaughan, ON",,,https://www.thecbrb.ca/directory/auto-bodyrepair-shop/cbrb-best-businesses-in-canada-2022-extreme-garage,https://www.thecbrb.ca/directory/auto-bodyrepair-shop,yes,CBRB directory public listing
FIX AUTO,+19052273311,Auto Body/Repair Shops,"Auto body shop St. Catharines, ON",,,https://www.thecbrb.ca/directory/auto-bodyrepair-shop/best-businesses-in-canada-2021-fix-auto,https://www.thecbrb.ca/directory/auto-bodyrepair-shop,yes,CBRB directory public listing
Galib's Auto Repair Shop,+16049866777,Auto Body/Repair Shops,"Car repair and maintenance Vancouver, BC",,,https://www.thecbrb.ca/directory/auto-bodyrepair-shop/best-businesses-in-canada-2021-galibs-auto-repair-shop,https://www.thecbrb.ca/directory/auto-bodyrepair-shop,yes,CBRB directory public listing
Garage16,+19056128089,Auto Body/Repair Shops,"Auto parts store Mississauga, ON",,,https://www.thecbrb.ca/directory/auto-bodyrepair-shop/best-businesses-in-canada-2022-garage16,https://www.thecbrb.ca/directory/auto-bodyrepair-shop,yes,CBRB directory public listing
Global Hybrid Batteries,+18775492743,Auto Body/Repair Shops,"Auto parts store Mississauga, ON",,,https://www.thecbrb.ca/directory/auto-bodyrepair-shop/cbrb-best-businesses-in-canada-2022-global-hybrid-batteries,https://www.thecbrb.ca/directory/auto-bodyrepair-shop,yes,CBRB directory public listing
G.P. Coatings Inc,+17808145600,Auto Body/Repair Shops,"Protective Polyurethane Coatings Service Grande Prairie, AB",,,https://www.thecbrb.ca/directory/auto-bodyrepair-shop/cbrb-best-businesses-in-canada-g-p-coatings-inc,https://www.thecbrb.ca/directory/auto-bodyrepair-shop,yes,CBRB directory public listing
InterCity Autobody,+12046632227,Auto Body/Repair Shops,"Auto Body Shop Winnipeg, MB",,,https://www.thecbrb.ca/directory/auto-bodyrepair-shop/cbrb-best-businesses-in-canada-2023-intercity-autobody,https://www.thecbrb.ca/directory/auto-bodyrepair-shop,yes,CBRB directory public listing
Jim Dickinson Auto Tech,+16137216244,Auto Body/Repair Shops,"Auto Body Shop Ottawa, ON",,,https://www.thecbrb.ca/directory/auto-bodyrepair-shop/best-businesses-in-canada-2021-jim-dickinson-auto-tech,https://www.thecbrb.ca/directory/auto-bodyrepair-shop,yes,CBRB directory public listing
Krown Kingston,+16135497878,Auto Body/Repair Shops,"Auto Body Shop Kingston, ON",,,https://www.thecbrb.ca/directory/auto-bodyrepair-shop/best-businesses-in-canada-2022-krown-kingston,https://www.thecbrb.ca/directory/auto-bodyrepair-shop,yes,CBRB directory public listing
Langley Brake Shop & Auto Repair,+16045304311,Auto Body/Repair Shops,"Automotive Repair Facility Langley City, BC",,,https://www.thecbrb.ca/directory/auto-bodyrepair-shop/cbrb-best-businesses-in-canada-2023-langley-brake-shop-auto-repair,https://www.thecbrb.ca/directory/auto-bodyrepair-shop,yes,CBRB directory public listing
LONE WOLF MECHANICAL,+15876439653,Auto Body/Repair Shops,"Auto repair shop Thorsby, AB",,,https://www.thecbrb.ca/directory/auto-bodyrepair-shop/best-businesses-in-canada-2021-lone-wolf-mechanical,https://www.thecbrb.ca/directory/auto-bodyrepair-shop,yes,CBRB directory public listing
Lucky Eight Auto Repair and Tires Ltd.,+19052375383,Auto Body/Repair Shops,"Automotive Repair Facility Richmond Hill, ON",,http://www.luckyeightauto.com/,https://www.thecbrb.ca/directory/auto-bodyrepair-shop/best-businesses-in-canada-2021-lucky-8-auto-repairs-and-tires-ltd,https://www.thecbrb.ca/directory/auto-bodyrepair-shop,yes,CBRB directory public listing
M & M Auto,+16047441033,Auto Body/Repair Shops,"Auto repair shop Abbotsford, BC",,,https://www.thecbrb.ca/directory/auto-bodyrepair-shop/best-businesses-in-canada-2022-m-m-auto,https://www.thecbrb.ca/directory/auto-bodyrepair-shop,yes,CBRB directory public listing
Maranello Auto Refinishing Ltd.,+14032308900,Auto Body/Repair Shops,"Auto repair shop Calgary, AB",,,https://www.thecbrb.ca/directory/auto-bodyrepair-shop/best-businesses-in-canada-2021-maranello-auto-refinishing-ltd,https://www.thecbrb.ca/directory/auto-bodyrepair-shop,yes,CBRB directory public listing
Marvel Auto Collision,+19056141010,Auto Body/Repair Shops,"Auto Body Shop Mississauga, ON",,,https://www.thecbrb.ca/directory/auto-bodyrepair-shop/cbrb-best-businesses-in-canada-2024-marvel-auto-collision,https://www.thecbrb.ca/directory/auto-bodyrepair-shop,yes,CBRB directory public listing
Mobile Tire Repair Service Toronto - Wheels on Wheels,+16474786760,Auto Body/Repair Shops,"Tire shop Markham, ON",,,https://www.thecbrb.ca/directory/auto-bodyrepair-shop/best-businesses-in-canada-2021-mobile-tire-repair-service-toronto-wheel,https://www.thecbrb.ca/directory/auto-bodyrepair-shop,yes,CBRB directory public listing
Modern Motors,+13066510606,Auto Body/Repair Shops,"Automotive Performance & Fleet Service Saskatoon, SK",,,https://www.thecbrb.ca/directory/auto-bodyrepair-shop/cbrb-best-businesses-in-canada-2024-modern-motors,https://www.thecbrb.ca/directory/auto-bodyrepair-shop,yes,CBRB directory public listing
Mo’s Auto Body and Restoration Ltd,+19058375183,Auto Body/Repair Shops,"Auto Restoration Service Pickering, ON",,,https://www.thecbrb.ca/directory/auto-bodyrepair-shop/cbrb-best-businesses-in-canada-2023-mos-auto-body-and-restoration-ltd,https://www.thecbrb.ca/directory/auto-bodyrepair-shop,yes,CBRB directory public listing
Polar Teinte,+15142449979,Auto Body/Repair Shops,,"Window Tinting & Car Wrapping Services Montreal, Quebec",,https://www.thecbrb.ca/directory/auto-bodyrepair-shop/best-businesses-in-canada-2022-polar-teinte,https://www.thecbrb.ca/directory/auto-bodyrepair-shop,yes,CBRB directory public listing
Pro Smith Customs Ltd,+16043082764,Auto Body/Repair Shops,"Car detailing service Langley Township, BC",,,https://www.thecbrb.ca/directory/auto-bodyrepair-shop/best-businesses-in-canada-2021-pro-smith-customs-ltd,https://www.thecbrb.ca/directory/auto-bodyrepair-shop,yes,CBRB directory public listing
Prestige Collision Repairs Ltd.,+19054544446,Auto Body/Repair Shops,"Auto Body Shop Brampton, ON",,,https://www.thecbrb.ca/directory/auto-bodyrepair-shop/cbrb-best-businesses-in-canada-2023-prestige-collision-repairs-ltd,https://www.thecbrb.ca/directory/auto-bodyrepair-shop,yes,CBRB directory public listing
R.A. Mécanique,+15146580903,Auto Body/Repair Shops,"Auto Repair Shop Montreal, QC",,,https://www.thecbrb.ca/directory/auto-bodyrepair-shop/cbrb-best-businesses-in-canada-r-a-mécanique,https://www.thecbrb.ca/directory/auto-bodyrepair-shop,yes,CBRB directory public listing
Reaper Customs,+17785515567,Auto Body/Repair Shops,"Vehicle Wrapping Service Abbotsford, BC",,,https://www.thecbrb.ca/directory/auto-bodyrepair-shop/cbrb-best-businesses-in-canada-2023-reaper-customs,https://www.thecbrb.ca/directory/auto-bodyrepair-shop,yes,CBRB directory public listing
Red Line Custom Autobody Ltd,+17804586883,Auto Body/Repair Shops,"Auto repair shop St. Albert, AB",,https://www.facebook.com/Redline-Custom-Autobody-LTD-174647585597/,https://www.thecbrb.ca/directory/auto-bodyrepair-shop/best-businesses-in-canada-2021-red-line-custom-autobody-ltd,https://www.thecbrb.ca/directory/auto-bodyrepair-shop,yes,CBRB directory public listing
Renown Auto Center & Car Rental,+16475040794,Auto Body/Repair Shops,"Auto Body Shop/Car Rental Service Markham , ON",,,https://www.thecbrb.ca/directory/auto-bodyrepair-shop/cbrb-best-businesses-in-canada-2022-renown-auto-center-car-rental,https://www.thecbrb.ca/directory/auto-bodyrepair-shop,yes,CBRB directory public listing
Secure Ride Systems,+16475294267,Auto Body/Repair Shops,"Security and Anti-hijack Solutions Vaughan , ON",,,https://www.thecbrb.ca/directory/auto-bodyrepair-shop/cbrb-best-businesses-in-canada-2023-secure-ride-systems,https://www.thecbrb.ca/directory/auto-bodyrepair-shop,yes,CBRB directory public listing
Shinez Auto Detailing,+17808144256,Auto Body/Repair Shops,"Car wash Grande Prairie, AB",,,https://www.thecbrb.ca/directory/auto-bodyrepair-shop/cbrb-best-businesses-in-canada-2023-shinez-auto-detailing,https://www.thecbrb.ca/directory/auto-bodyrepair-shop,yes,CBRB directory public listing
SMART Repair Centre,+19058405002,Auto Body/Repair Shops,"Auto Body Shop Burlington , ON",,,https://www.thecbrb.ca/directory/auto-bodyrepair-shop/best-businesses-in-canada-2021-smart-repair-centre,https://www.thecbrb.ca/directory/auto-bodyrepair-shop,yes,CBRB directory public listing
The Change Auto Detailing,+19052371112,Auto Body/Repair Shops,"Car Detailing Service Richmond Hill, ON",,,https://www.thecbrb.ca/directory/auto-bodyrepair-shop/best-businesses-in-canada-2022-the-change-auto-detailing,https://www.thecbrb.ca/directory/auto-bodyrepair-shop,yes,CBRB directory public listing
Those Guys Garage,+15874560164,Auto Body/Repair Shops,"Auto repair shop Sherwood Park, AB",,,https://www.thecbrb.ca/directory/auto-bodyrepair-shop/best-businesses-in-canada-2021-those-guys-garage,https://www.thecbrb.ca/directory/auto-bodyrepair-shop,yes,CBRB directory public listing
Titan Truck & Trailer Repairs,+19057959938,Auto Body/Repair Shops,"Truck, Trailer & Coach Repairs Mississauga, ON",,,https://www.thecbrb.ca/directory/auto-bodyrepair-shop/cbrb-best-businesses-in-canada-2024-titan-truck-trailer-repairs,https://www.thecbrb.ca/directory/auto-bodyrepair-shop,yes,CBRB directory public listing
TKT Detailing Services & Truck Accessories,+14168850910,Auto Body/Repair Shops,"Car Detailing Service Port Perry, ON",,,https://www.thecbrb.ca/directory/auto-bodyrepair-shop/cbrb-best-businesses-in-canada-2022-tkt-detailing-services,https://www.thecbrb.ca/directory/auto-bodyrepair-shop,yes,CBRB directory public listing
Unique Collision Auto Glass & Line-x Coatings,+13066682100,Auto Body/Repair Shops,"Auto Body Shop Saskatoon, SK",,,https://www.thecbrb.ca/directory/auto-bodyrepair-shop/best-businesses-in-canada-2021-unique-collision-auto-glass-line-x-coatin,https://www.thecbrb.ca/directory/auto-bodyrepair-shop,yes,CBRB directory public listing
Urban Automotive,+19058453531,Auto Body/Repair Shops,"Auto repair shop Oakville, ON",,https://www.urbanautomotive.ca/,https://www.thecbrb.ca/directory/auto-bodyrepair-shop/best-businesses-in-canada-2021-urban-automotive,https://www.thecbrb.ca/directory/auto-bodyrepair-shop,yes,CBRB directory public listing
Valley 1-Stop Auto Service,+12047345308,Auto Body/Repair Shops,,"Auto Repair Shop Swan River, Manitoba",,https://www.thecbrb.ca/directory/auto-bodyrepair-shop/cbrb-best-businesses-in-canada-2024-valley-1-stop-auto-service,https://www.thecbrb.ca/directory/auto-bodyrepair-shop,yes,CBRB directory public listing
VIP Glass Services,+14032852000,Auto Body/Repair Shops,"Auto Glass Shop Calgary, AB",,,https://www.thecbrb.ca/directory/auto-bodyrepair-shop/best-businesses-in-canada-2022-vip-glass-services,https://www.thecbrb.ca/directory/auto-bodyrepair-shop,yes,CBRB directory public listing
VitrXpert Ste-Sophie,+14505651038,Auto Body/Repair Shops,"Auto Glass Shop Sainte-Sophie, QC",,,https://www.thecbrb.ca/directory/auto-bodyrepair-shop/cbrb-best-businesses-in-canada-vitrxpert-ste-sophie,https://www.thecbrb.ca/directory/auto-bodyrepair-shop,yes,CBRB directory public listing
Washnwax Auto Detailing,+19022098006,Auto Body/Repair Shops,"Car detailing service Bedford, NS",,https://www.westechautomotive.ca/,https://www.thecbrb.ca/directory/auto-bodyrepair-shop/best-businesses-in-canada-2021-washnwax-auto-detailing,https://www.thecbrb.ca/directory/auto-bodyrepair-shop,yes,CBRB directory public listing
Woodfield Canada,+18885655584,Automotive Products Suppliers,,"Fleet Vehicle Upfitting Services London, Ontario",,https://www.thecbrb.ca/directory/automotive-products-suppliers/cbrb-best-businesses-in-canada-woodfield-canada,https://www.thecbrb.ca/directory/automotive-products-suppliers,no,CBRB directory public listing
Legend Fleet Solutions,+15196881043,Automotive Products Suppliers,,"Automotive Aftermarket Products Tillsonburg, Ontario",,https://www.thecbrb.ca/directory/automotive-products-suppliers/cbrb-best-businesses-in-canada-2023-legend-fleet-solutions,https://www.thecbrb.ca/directory/automotive-products-suppliers,no,CBRB directory public listing
A-Protect Warranty Corporation,+14166617444,Auto Warranty/Insurance Companies,,"Extended Auto Warranty Vaughan, Ontario",,https://www.thecbrb.ca/directory/auto-warrantyinsurance-companies/cbrb-best-businesses-in-canada-a-protect-warranty-corporation,https://www.thecbrb.ca/directory/auto-warrantyinsurance-companies,yes,CBRB directory public listing
OWG,+18665683694,Aviation Services,,"Airline Mirabel, Quebec",,https://www.thecbrb.ca/directory/aviation-services/best-businesses-in-canada-2021-owg,https://www.thecbrb.ca/directory/aviation-services,yes,CBRB directory public listing
Experlogix,+14509619111,B2B Services,,"Business Software Solutions Terrebonne, Quebec",,https://www.thecbrb.ca/directory/b2b-services/cbrb-best-businesses-in-canada-experlogix,https://www.thecbrb.ca/directory/b2b-services,yes,CBRB directory public listing
"BNA Smart Payment Systems, LTD.",+18663247585,B2B Services,,"POS Business Services Aurora, Ontario",https://bnasmartpayment.com/,https://www.thecbrb.ca/directory/b2b-services/cbrb-best-businesses-in-canada-2024-bna-smart-payment-systems-ltd,https://www.thecbrb.ca/directory/b2b-services,yes,CBRB directory public listing
Condor Concierge,+14166651500,B2B Services,,"Business to business service Toronto, Ontario",,https://www.thecbrb.ca/directory/b2b-services/best-businesses-in-canada-2022-condor-concierge,https://www.thecbrb.ca/directory/b2b-services,yes,CBRB directory public listing
DigiCommerce,+19175240445,B2B Services,,"E-commerce service Montreal, Quebec",,https://www.thecbrb.ca/directory/b2b-services/best-businesses-in-canada-2021-digicommerce,https://www.thecbrb.ca/directory/b2b-services,yes,CBRB directory public listing
G4 SOLUTIONS & Stratégies d'entrepris,+15148154444,B2B Services,,"Business Management Consultant Laval, Quebec",,https://www.thecbrb.ca/directory/b2b-services/cbrb-best-businesses-in-canada-2023-g4-solutions-stratégies-dentrepris,https://www.thecbrb.ca/directory/b2b-services,yes,CBRB directory public listing
MSP Teambuilding,+18336772825,B2B Services,B2B Service Canada,,,https://www.thecbrb.ca/directory/b2b-services/cbrb-best-businesses-in-canada-2023-msp-teambuilding,https://www.thecbrb.ca/directory/b2b-services,yes,CBRB directory public listing
Precision E-Business Group,+19053157808,B2B Services,B2,"B Service Burlington, Ontario",,https://www.thecbrb.ca/directory/b2b-services/cbrb-best-businesses-in-canada-2023-precision-e-business-group,https://www.thecbrb.ca/directory/b2b-services,yes,CBRB directory public listing
Rainmakers Business Solutions,+14036152333,B2B Services,,"Business Management Consultant Calgary, Alberta",,https://www.thecbrb.ca/directory/b2b-services/best-businesses-in-canada-2021-rainmakers-business-solutions,https://www.thecbrb.ca/directory/b2b-services,yes,CBRB directory public listing
Valenta,+18772896197,B2B Services,B2,"B Services Toronto, Ontario",,https://www.thecbrb.ca/directory/b2b-services/cbrb-best-businesses-in-canada-2024-valenta,https://www.thecbrb.ca/directory/b2b-services,yes,CBRB directory public listing
Angel's Delight Ltd.,+17787122253,Bakeries,,"Bakery Surrey, British Columbia",,https://www.thecbrb.ca/directory/bakeries/cbrb-best-businesses-in-canada-angels-delight-ltd,https://www.thecbrb.ca/directory/bakeries,no,CBRB directory public listing
Carla's Cookie Box,+16472713347,Bakeries,,"Bakery Woodbridge, Ontario",,https://www.thecbrb.ca/directory/bakeries/best-businesses-in-canada-2021-carlas-cookie-box,https://www.thecbrb.ca/directory/bakeries,no,CBRB directory public listing
Jules Cafe Patisserie,+14164811666,Bakeries,,"Bakery Toronto , Ontario",,https://www.thecbrb.ca/directory/bakeries/best-businesses-in-canada-2021-jules-cafe-patisserie,https://www.thecbrb.ca/directory/bakeries,no,CBRB directory public listing
Lakeside Bakery,+15193262626,Bakeries,,"Bakery Leamington, Ontario",,https://www.thecbrb.ca/directory/bakeries/cbrb-best-businesses-in-canada-lakeside-bakery,https://www.thecbrb.ca/directory/bakeries,no,CBRB directory public listing
Montreal Kosher Bakery Ltd,+15147393651,Bakeries,,"Bakery Montreal , Quebec",,https://www.thecbrb.ca/directory/bakeries/cbrb-best-businesses-in-canada-2024-montreal-kosher-bakery-ltd,https://www.thecbrb.ca/directory/bakeries,no,CBRB directory public listing
Nora's Bakery,+16475699339,Bakeries,,"Bakery Mississauga , Ontario",,https://www.thecbrb.ca/directory/bakeries/best-businesses-in-canada-2021-noras-bakery,https://www.thecbrb.ca/directory/bakeries,no,CBRB directory public listing
Nova Era Bakery London,+15199519333,Bakeries,,"Bakery London, Ontario",https://novaera.ca,https://www.thecbrb.ca/directory/bakeries/best-businesses-in-canada-2021-nova-era-bakery,https://www.thecbrb.ca/directory/bakeries,no,CBRB directory public listing
Nova Era Bakery Toronto,+14165388200,Bakeries,,"Bakery Toronto , Ontario",,https://www.thecbrb.ca/directory/bakeries/cbrb-best-businesses-in-canada-nova-era-bakery-toronto,https://www.thecbrb.ca/directory/bakeries,no,CBRB directory public listing
Pane E Formaggio,+16042158836,Bakeries,,"Wholesale And Retail Bakery Vancouver, British Columbia",,https://www.thecbrb.ca/directory/bakeries/cbrb-best-businesses-in-canada-2023-pane-e-formaggio,https://www.thecbrb.ca/directory/bakeries,no,CBRB directory public listing
Samosa Joes,+12505417611,Bakeries,,"Samosa Bakery Vernon, British Columbia",,https://www.thecbrb.ca/directory/bakeries/best-businesses-in-canada-2022-samosa-joes,https://www.thecbrb.ca/directory/bakeries,no,CBRB directory public listing
Steeles Bakery Ltd,+14162238776,Bakeries,,"Bakery North York , Ontario",,https://www.thecbrb.ca/directory/bakeries/best-businesses-in-canada-2022-steeles-bakery-ltd,https://www.thecbrb.ca/directory/bakeries,no,CBRB directory public listing
Bumble Balloons,+14169772777,Balloon Stores,,"Balloon Store Toronto , Ontario",,https://www.thecbrb.ca/directory/balloon-stores/cbrb-best-businesses-in-canada-bumble-balloons,https://www.thecbrb.ca/directory/balloon-stores,no,CBRB directory public listing
After Glo Studio & Spa,+14168538267,Beauty Salons & Cosmetic Stores,"Tanning Salon Aurora & Newmarket, ON",,,https://www.thecbrb.ca/directory/beauty-salons-cosmetic-stores/cbrb-best-businesses-in-canada-after-glo-studio-spa,https://www.thecbrb.ca/directory/beauty-salons-cosmetic-stores,no,CBRB directory public listing
BBXartistry,+16047655848,Beauty Salons & Cosmetic Stores,"Health & Beauty Services Burnaby, BC",,,https://www.thecbrb.ca/directory/beauty-salons-cosmetic-stores/cbrb-best-businesses-in-canada-bbxartistry,https://www.thecbrb.ca/directory/beauty-salons-cosmetic-stores,no,CBRB directory public listing
Beauty Standards Inc,+14372971729,Beauty Salons & Cosmetic Stores,"Electrolysis Training & Supplies Richmond Hill, ON",,,https://www.thecbrb.ca/directory/beauty-salons-cosmetic-stores/cbrb-best-businesses-in-canada-beauty-standards-inc,https://www.thecbrb.ca/directory/beauty-salons-cosmetic-stores,no,CBRB directory public listing
D's Lashes & Esthetics,+17809748033,Beauty Salons & Cosmetic Stores,"Beauty Salon Spruce Grove, AB",,,https://www.thecbrb.ca/directory/beauty-salons-cosmetic-stores/cbrb-best-businesses-in-canada-ds-lashes-esthetics,https://www.thecbrb.ca/directory/beauty-salons-cosmetic-stores,no,CBRB directory public listing
Desiderio Beauty,,Beauty Salons & Cosmetic Stores,,"Hair and Makeup Services Vaughan, Ontario",https://desideriobeauty.com/pages/contact-us,https://www.thecbrb.ca/directory/beauty-salons-cosmetic-stores/cbrb-best-businesses-in-canada-desiderio-beauty,https://www.thecbrb.ca/directory/beauty-salons-cosmetic-stores,no,CBRB directory public listing
DK Beauty,+14032949002,Beauty Salons & Cosmetic Stores,"Beauty Supply Store & Training Centre Calgary, AB",,,https://www.thecbrb.ca/directory/beauty-salons-cosmetic-stores/cbrb-best-businesses-in-canada-dk-beauty,https://www.thecbrb.ca/directory/beauty-salons-cosmetic-stores,no,CBRB directory public listing
Elite Beauty Lab,+16132413333,Beauty Salons & Cosmetic Stores,"Spa Ottawa , ON",,,https://www.thecbrb.ca/directory/beauty-salons-cosmetic-stores/cbrb-best-businesses-in-canada-elite-beauty-lab,https://www.thecbrb.ca/directory/beauty-salons-cosmetic-stores,no,CBRB directory public listing
Salon Karina Manzano,+14038790955,Beauty Salons & Cosmetic Stores,"Beauty Salon Calgary/Edmonton, AB",,,https://www.thecbrb.ca/directory/beauty-salons-cosmetic-stores/cbrb-best-businesses-in-canada-salon-karina-manzano,https://www.thecbrb.ca/directory/beauty-salons-cosmetic-stores,no,CBRB directory public listing
Trade Secrets & Glamour Secrets,+19052642799,Beauty Salons & Cosmetic Stores,,"Beauty Supply Store Woodbridge, Ontario",,https://www.thecbrb.ca/directory/beauty-salons-cosmetic-stores/cbrb-best-businesses-in-canada-trade-secrets-glamour-secrets,https://www.thecbrb.ca/directory/beauty-salons-cosmetic-stores,no,CBRB directory public listing
3T Permanent Makeup,+14034020907,Beauty Salons & Cosmetic Stores,"Permanent Make-Up Clinic Calgary , AB",,,https://www.thecbrb.ca/directory/beauty-salons-cosmetic-stores/best-businesses-in-canada-2022-3t-permanent-makeup,https://www.thecbrb.ca/directory/beauty-salons-cosmetic-stores,no,CBRB directory public listing
Akita Rose Water Inc,+12897727800,Beauty Salons & Cosmetic Stores,,"Cosmetic Store Oakville , Ontario",,https://www.thecbrb.ca/directory/beauty-salons-cosmetic-stores/best-businesses-in-canada-2021-akita-rose-water-inc,https://www.thecbrb.ca/directory/beauty-salons-cosmetic-stores,no,CBRB directory public listing
Balwin Aesthetics,+15874151251,Beauty Salons & Cosmetic Stores,"Aesthetic Services Edmonton , AB",,,https://www.thecbrb.ca/directory/beauty-salons-cosmetic-stores/cbrb-best-businesses-in-canada-2023-balwin-aesthetics,https://www.thecbrb.ca/directory/beauty-salons-cosmetic-stores,no,CBRB directory public listing
CHARMartistry,+16472093311,Beauty Salons & Cosmetic Stores,"Beauty Consultation and Services Brampton, ON",,,https://www.thecbrb.ca/directory/beauty-salons-cosmetic-stores/cbrb-best-businesses-in-canada-2024-charmartistry,https://www.thecbrb.ca/directory/beauty-salons-cosmetic-stores,no,CBRB directory public listing
Clarité Wellness,,Beauty Salons & Cosmetic Stores,"Cosmetics store Vancouver, BC",,,https://www.thecbrb.ca/directory/beauty-salons-cosmetic-stores/best-businesses-in-canada-2022-clarité-wellness,https://www.thecbrb.ca/directory/beauty-salons-cosmetic-stores,no,CBRB directory public listing
Carrie'l Salon & Spa,+17804824044,Beauty Salons & Cosmetic Stores,"Beauty Salon Edmonton, AB",,,https://www.thecbrb.ca/directory/beauty-salons-cosmetic-stores/best-businesses-in-canada-2022-carriel-salon-spa,https://www.thecbrb.ca/directory/beauty-salons-cosmetic-stores,no,CBRB directory public listing
Cherry Blossom Medical Beauty Centre,+16042630186,Beauty Salons & Cosmetic Stores,"Beauty Spa Vancouver, BC",,,https://www.thecbrb.ca/directory/beauty-salons-cosmetic-stores/cbrb-best-businesses-in-canada-2023-cherry-blossom-medical-beauty-centre,https://www.thecbrb.ca/directory/beauty-salons-cosmetic-stores,no,CBRB directory public listing
Earth Salon,+14169232784,Beauty Salons & Cosmetic Stores,,"Beauty Salon Toronto, Ontario",,https://www.thecbrb.ca/directory/beauty-salons-cosmetic-stores/best-businesses-in-canada-2022-earth-salon,https://www.thecbrb.ca/directory/beauty-salons-cosmetic-stores,no,CBRB directory public listing
Elite Beauty Lab,+16137027492,Beauty Salons & Cosmetic Stores,,"Spa Ottawa, Ontario",,https://www.thecbrb.ca/directory/beauty-salons-cosmetic-stores/cbrb-best-businesses-in-canada-elite-beauty-lab,https://www.thecbrb.ca/directory/beauty-salons-cosmetic-stores,no,CBRB directory public listing
Esthétique Marie-Christelle,+14505437645,Beauty Salons & Cosmetic Stores,,"Beauty Salon Laval, Quebec",,https://www.thecbrb.ca/directory/beauty-salons-cosmetic-stores/cbrb-best-businesses-in-canada-2024-esthétique-marie-christelle,https://www.thecbrb.ca/directory/beauty-salons-cosmetic-stores,no,CBRB directory public listing
Euro Essentials Spa Supply,+14166616700,Beauty Salons & Cosmetic Stores,,"Wholesale Professional Spa Supplier Vaughan, Ontario",,https://www.thecbrb.ca/directory/beauty-salons-cosmetic-stores/cbrb-best-businesses-in-canada-2024-euro-essentials-spa-supply,https://www.thecbrb.ca/directory/beauty-salons-cosmetic-stores,no,CBRB directory public listing
Fereshteh Bartlett Beauty Treatment,+17782947503,Beauty Salons & Cosmetic Stores,,"Aesthetics and Spa Services White Rock, British Columbia",,https://www.thecbrb.ca/directory/beauty-salons-cosmetic-stores/cbrb-best-businesses-in-canada-2022-fereshteh-bartlett-beauty-treatment,https://www.thecbrb.ca/directory/beauty-salons-cosmetic-stores,no,CBRB directory public listing
JOYSkin Laser Clinic and Products,+17782517364,Beauty Salons & Cosmetic Stores,"Beauty,","Cosmetic & Personal Care Saskatoon, Saskatchewan",https://www.facebook.com/joyskinproducts/,https://www.thecbrb.ca/directory/beauty-salons-cosmetic-stores/best-businesses-in-canada-2021-joyskin-laser-clinic-and-products,https://www.thecbrb.ca/directory/beauty-salons-cosmetic-stores,no,CBRB directory public listing
JYCTY,+16478532787,Beauty Salons & Cosmetic Stores,,"Perfume Store Toronto, Ontario",,https://www.thecbrb.ca/directory/beauty-salons-cosmetic-stores/best-businesses-in-canada-2022-jycty,https://www.thecbrb.ca/directory/beauty-salons-cosmetic-stores,no,CBRB directory public listing
Kahu Care Ltd,+12505053125,Beauty Salons & Cosmetic Stores,,"Skincare Designer and Producer Nelson, British Columbia",,https://www.thecbrb.ca/directory/beauty-salons-cosmetic-stores/cbrb-best-businesses-in-canada-kahu-care-ltd,https://www.thecbrb.ca/directory/beauty-salons-cosmetic-stores,no,CBRB directory public listing
LashLeen Beauty Academy,+16479825275,Beauty Salons & Cosmetic Stores,,"Beauty Services and Training Vaughan, Ontario",,https://www.thecbrb.ca/directory/beauty-salons-cosmetic-stores/best-businesses-in-canada-2021-lashleen-beauty-academy,https://www.thecbrb.ca/directory/beauty-salons-cosmetic-stores,no,CBRB directory public listing
Linda's Esthetics,+16472947623,Beauty Salons & Cosmetic Stores,,"Beauty Salon Richmond Hill, Ontario",https://www.facebook.com/LindasEsthetics/,https://www.thecbrb.ca/directory/beauty-salons-cosmetic-stores/best-businesses-in-canada-2022-lindas-esthetics,https://www.thecbrb.ca/directory/beauty-salons-cosmetic-stores,no,CBRB directory public listing
Meenu Bridal Salon,+19059708596,Beauty Salons & Cosmetic Stores,"Beauty salon Brampton, ON",,,https://www.thecbrb.ca/directory/beauty-salons-cosmetic-stores/best-businesses-in-canada-2022-meenu-bridal-salon,https://www.thecbrb.ca/directory/beauty-salons-cosmetic-stores,no,CBRB directory public listing
Modern Aesthetics Canada,+15194760050,Beauty Salons & Cosmetic Stores,"Cosmetic Injectables & Medical Aesthetics London, ON",,,https://www.thecbrb.ca/directory/beauty-salons-cosmetic-stores/cbrb-best-businesses-in-canada-2023-modern-aesthetics-canada,https://www.thecbrb.ca/directory/beauty-salons-cosmetic-stores,no,CBRB directory public listing
MYG Cosmetics,+19059602782,Beauty Salons & Cosmetic Stores,"Beauty Supply Store Toronto, ON",,,https://www.thecbrb.ca/directory/beauty-salons-cosmetic-stores/best-businesses-in-canada-2022-myg-cosmetics,https://www.thecbrb.ca/directory/beauty-salons-cosmetic-stores,no,CBRB directory public listing
OC Esthétique,+14506555734,Beauty Salons & Cosmetic Stores,"Beauty Salon Boucherville, QC",,,https://www.thecbrb.ca/directory/beauty-salons-cosmetic-stores/cbrb-best-businesses-in-canada-2023-oc-esthétique,https://www.thecbrb.ca/directory/beauty-salons-cosmetic-stores,no,CBRB directory public listing
Omra Salon and Medspa,+12504865185,Beauty Salons & Cosmetic Stores,"Beauty Salon Penticton, BC",,,https://www.thecbrb.ca/directory/beauty-salons-cosmetic-stores/cbrb-best-businesses-in-canada-2022-omra-salon-and-medspa,https://www.thecbrb.ca/directory/beauty-salons-cosmetic-stores,no,CBRB directory public listing
Perspecta Beauty,+12509992171,Beauty Salons & Cosmetic Stores,,"Beauty salon Langford, British Columbia",,https://www.thecbrb.ca/directory/beauty-salons-cosmetic-stores/best-businesses-in-canada-2021-perspecta-beauty,https://www.thecbrb.ca/directory/beauty-salons-cosmetic-stores,no,CBRB directory public listing
PROBEAUTY Group,+17804622580,Beauty Salons & Cosmetic Stores,,"Beauty Products Wholesaler Edmonton , Alberta",,https://www.thecbrb.ca/directory/beauty-salons-cosmetic-stores/best-businesses-in-canada-2021-probeauty-group,https://www.thecbrb.ca/directory/beauty-salons-cosmetic-stores,no,CBRB directory public listing
Pure NV Salon & Spa,+19053880100,Beauty Salons & Cosmetic Stores,,"Beauty Salon Hamilton , Ontario",,https://www.thecbrb.ca/directory/beauty-salons-cosmetic-stores/cbrb-best-businesses-in-canada-2022-pure-nv-salon-spa,https://www.thecbrb.ca/directory/beauty-salons-cosmetic-stores,no,CBRB directory public listing
Rx To Beauty,+17809344359,Beauty Salons & Cosmetic Stores,"Health & Beauty Edmonton, AB",,https://rxtobeauty.ca/,https://www.thecbrb.ca/directory/beauty-salons-cosmetic-stores/best-businesses-in-canada-2021-rx-to-beauty,https://www.thecbrb.ca/directory/beauty-salons-cosmetic-stores,no,CBRB directory public listing
Soapstones Natural Skincare,+17052247627,Beauty Salons & Cosmetic Stores,,"Cosmetics Store Huntsville, Ontario",,https://www.thecbrb.ca/directory/beauty-salons-cosmetic-stores/best-businesses-in-canada-2022-soapstones-natural-skincare,https://www.thecbrb.ca/directory/beauty-salons-cosmetic-stores,no,CBRB directory public listing
Spa et Sourcils Côte Vertu,+15144397020,Beauty Salons & Cosmetic Stores,,"Beauty salon Montreal, Quebec",,https://www.thecbrb.ca/directory/beauty-salons-cosmetic-stores/best-businesses-in-canada-2022-spa-et-sourcils-côte-vertu,https://www.thecbrb.ca/directory/beauty-salons-cosmetic-stores,no,CBRB directory public listing
Sugar Me Spa,+16479613018,Beauty Salons & Cosmetic Stores,,"Beauty Spa Richmond Hill, Ontario",,https://www.thecbrb.ca/directory/beauty-salons-cosmetic-stores/cbrb-best-businesses-in-canada-2023-sugar-me-spa,https://www.thecbrb.ca/directory/beauty-salons-cosmetic-stores,no,CBRB directory public listing
Sugarlash PRO,+18447575274,Beauty Salons & Cosmetic Stores,,"Beauty product supplier Edmonton, Alberta",,https://www.thecbrb.ca/directory/beauty-salons-cosmetic-stores/best-businesses-in-canada-2021-sugarlash-pro,https://www.thecbrb.ca/directory/beauty-salons-cosmetic-stores,no,CBRB directory public listing
The Lab Salon & Spa,+14168470877,Beauty Salons & Cosmetic Stores,,"Beauty Salon Toronto, Ontario",,https://www.thecbrb.ca/directory/beauty-salons-cosmetic-stores/cbrb-best-businesses-in-canada-2024-the-lab-salon-spa,https://www.thecbrb.ca/directory/beauty-salons-cosmetic-stores,no,CBRB directory public listing
The Look By Unna,+16477451042,Beauty Salons & Cosmetic Stores,,"Beauty Salon Mississauga , Ontario",,https://www.thecbrb.ca/directory/beauty-salons-cosmetic-stores/best-businesses-in-canada-2021-the-look-by-unna,https://www.thecbrb.ca/directory/beauty-salons-cosmetic-stores,no,CBRB directory public listing
The Wax Studio,+14167923883,Beauty Salons & Cosmetic Stores,,"Waxing Hair Removal Service Toronto , Ontario",,https://www.thecbrb.ca/directory/beauty-salons-cosmetic-stores/cbrb-best-businesses-in-canada-2022-the-wax-studio,https://www.thecbrb.ca/directory/beauty-salons-cosmetic-stores,no,CBRB directory public listing
Unique Clinic Richmond Hill,+14166143000,Beauty Salons & Cosmetic Stores,,"Health & Beauty Clinic Richmond Hill, Ontario",,https://www.thecbrb.ca/directory/beauty-salons-cosmetic-stores/best-businesses-in-canada-2021-unique-clinic-richmond-hill,https://www.thecbrb.ca/directory/beauty-salons-cosmetic-stores,no,CBRB directory public listing
Marketa's Bed and Breakfast,+12503849844,Bed and Breakfasts,,"Bed and Breakfast Victoria, British Columbia",,https://www.thecbrb.ca/directory/bed-and-breakfasts/cbrb-best-businesses-in-canada-marketas-bed-and-breakfast,https://www.thecbrb.ca/directory/bed-and-breakfasts,no,CBRB directory public listing
Munson Mountain Estates,+12502749610,Bed and Breakfasts,,"Bed and Breakfast Penticton, British Columbia",,https://www.thecbrb.ca/directory/bed-and-breakfasts/cbrb-best-businesses-in-canada-2023-munson-mountain-estates,https://www.thecbrb.ca/directory/bed-and-breakfasts,no,CBRB directory public listing
Newton Villa,+19054971007,Bed and Breakfasts,,"Bed and Breakfast Brampton, Ontario",,https://www.thecbrb.ca/directory/bed-and-breakfasts/best-businesses-in-canada-2021-newton-villa,https://www.thecbrb.ca/directory/bed-and-breakfasts,no,CBRB directory public listing
BC ESCOOTER SERVICE INC.,+17789951177,Bicycle/Scooter Shops,,"Ebike & Electric Scooter Repair Shop Burnaby, British Columbia",,https://www.thecbrb.ca/directory/bicyclescooter-shops/cbrb-best-businesses-in-canada-2022-bc-escooter-service-inc,https://www.thecbrb.ca/directory/bicyclescooter-shops,no,CBRB directory public listing
Giant Victoria,+17782656646,Bicycle/Scooter Shops,,"Bike Shop Victoria, British Columbia",,https://www.thecbrb.ca/directory/bicyclescooter-shops/best-businesses-in-canada-2022-giant-victoria,https://www.thecbrb.ca/directory/bicyclescooter-shops,no,CBRB directory public listing
RedSky Escooters & Ebikes,+14168177810,Bicycle/Scooter Shops,,"Electric Scooter & Bike Store Woodbridge, Ontario",https://redskystore.ca/,https://www.thecbrb.ca/directory/bicyclescooter-shops/cbrb-best-businesses-in-canada-2024-redsky-escooters-ebikes,https://www.thecbrb.ca/directory/bicyclescooter-shops,no,CBRB directory public listing
Spoke & Sprocket,+15196947300,Bicycle/Scooter Shops,,"Bicycle repair shop London, Ontario",,https://www.thecbrb.ca/directory/bicyclescooter-shops/best-businesses-in-canada-2021-spoke-sprocket,https://www.thecbrb.ca/directory/bicyclescooter-shops,no,CBRB directory public listing
Crown Upholstery & Window Coverings,+17054350122,Blinds Shop/Upholstery Services,"Custom Window Coverings and Upholstery New Tecumseth, ON",,,https://www.thecbrb.ca/directory/blinds-shopupholstery-services/cbrb-best-businesses-in-canada-crown-upholstery-window-coverings,https://www.thecbrb.ca/directory/blinds-shopupholstery-services,yes,CBRB directory public listing
Canada Custom Shutters,+19059530801,Blinds Shop/Upholstery Services,"Blinds Shop East Gwillimbury, ON",,,https://www.thecbrb.ca/directory/blinds-shopupholstery-services/cbrb-best-businesses-in-canada-2024-canada-custom-shutters,https://www.thecbrb.ca/directory/blinds-shopupholstery-services,yes,CBRB directory public listing
DC Canada Education Publishing,+16135658885,Book Stores,,"Book Publisher Ottawa , Ontario",,https://www.thecbrb.ca/directory/book-stores/cbrb-best-businesses-in-canada-2023-dc-canada-education-publishing,https://www.thecbrb.ca/directory/book-stores,no,CBRB directory public listing
Gujarat Abroad Canada Inc.,+19058464988,Book Stores,,"Newspaper publisher Brampton, Ontario",,https://www.thecbrb.ca/directory/book-stores/best-businesses-in-canada-2022-gujarat-abroad-canada-inc,https://www.thecbrb.ca/directory/book-stores,no,CBRB directory public listing
Avid Business Performance Group Powered by ActionCOACH,+12503058828,Business Development Services,Business Coaching Services British Columbia,,,https://www.thecbrb.ca/directory/business-development-services/cbrb-best-businesses-in-canada-avid-business-performance-group-powered-by,https://www.thecbrb.ca/directory/business-development-services,yes,CBRB directory public listing
Sanagan's Meat Locker,+14165939747,Butcher Shops,,"Butcher Shop Toronto, Ontario",,https://www.thecbrb.ca/directory/butcher-shops/cbrb-best-businesses-in-canada-2023-sanagans-meat-locker,https://www.thecbrb.ca/directory/butcher-shops,no,CBRB directory public listing
Taps Brewhouse,+12894771010,Breweries/Wineries,,"Brewery & Restaurant Niagara Falls, Ontario",,https://www.thecbrb.ca/directory/brewerieswineries/cbrb-best-businesses-in-canada-taps-brewhouse,https://www.thecbrb.ca/directory/brewerieswineries,no,CBRB directory public listing
Ve Oh Lay Acres Winery,+17785483936,Breweries/Wineries,,"Winery Summerland, British Columbia",,https://www.thecbrb.ca/directory/brewerieswineries/cbrb-best-businesses-in-canada-ve-oh-lay-acres-winery,https://www.thecbrb.ca/directory/brewerieswineries,no,CBRB directory public listing
Tzafona Cellars,+14379830772,Breweries/Wineries,,"Wine Cellar Niagara-on-the-Lake, Ontario",,https://www.thecbrb.ca/directory/brewerieswineries/cbrb-best-businesses-in-canada-2024-tzafona-cellars,https://www.thecbrb.ca/directory/brewerieswineries,no,CBRB directory public listing
Winery Tours of Niagara,+18004050670,Breweries/Wineries,,"Winery Tour Operator Niagara Falls, Ontario",,https://www.thecbrb.ca/directory/brewerieswineries/cbrb-best-businesses-in-canada-2024-winery-tours-of-niagara,https://www.thecbrb.ca/directory/brewerieswineries,no,CBRB directory public listing
Soluvox Communications Inc,+14184762080,Call Centers,Call Center Qué,"bec, Québec",,https://www.thecbrb.ca/directory/call-centers/cbrb-best-businesses-in-canada-soluvox-communications-inc,https://www.thecbrb.ca/directory/call-centers,no,CBRB directory public listing
Advantage Communications,+18002964022,Call Centers,,"Contact Center Charlottetown, Prince Edward Island",,https://www.thecbrb.ca/directory/call-centers/cbrb-best-businesses-in-canada-2024-advantage-communications,https://www.thecbrb.ca/directory/call-centers,no,CBRB directory public listing
Yumy Bear,+16044492026,Candy Stores,,"Cand y Store Vancouver, British Columbia",https://yumybear.com,https://www.thecbrb.ca/directory/candy-stores/best-businesses-in-canada-2021-yumy-bear,https://www.thecbrb.ca/directory/candy-stores,no,CBRB directory public listing
IronTree Glamping,,Campgrounds,"Camping Cabins New Scotland, NB Best Campgrounds in Canada",,,https://www.thecbrb.ca/directory/campgrounds/cbrb-best-businesses-in-canada-irontree-glamping,https://www.thecbrb.ca/directory/campgrounds,no,CBRB directory public listing
Camp Couchiching,+17053253428,Campgrounds,"Camp Longford Mills, ON",,,https://www.thecbrb.ca/directory/campgrounds/cbrb-best-businesses-in-canada-2023-camp-couchiching,https://www.thecbrb.ca/directory/campgrounds,no,CBRB directory public listing
Grand Palms RV Resort,+12042051151,Campgrounds,"Campground Grand Marais, MB",,,https://www.thecbrb.ca/directory/campgrounds/cbrb-best-businesses-in-canada-2023-grand-palms-rv-resort,https://www.thecbrb.ca/directory/campgrounds,no,CBRB directory public listing
The Toronto Spring Camping and RV Show,+19053153156,Campgrounds,"Camping and RV Show Toronto, ON",,,https://www.thecbrb.ca/directory/campgrounds/best-businesses-in-canada-2021-the-toronto-spring-camping-and-rv-show,https://www.thecbrb.ca/directory/campgrounds,no,CBRB directory public listing
Bees Wax Works,+12505260211,Candle Stores,"Candle Store Ladysmith, BC",,,https://www.thecbrb.ca/directory/candle-stores/best-businesses-in-canada-2021-bees-wax-works,https://www.thecbrb.ca/directory/candle-stores,no,CBRB directory public listing
Brand & Iron,,Candle Stores,"Candle Store Delta, BC",,,https://www.thecbrb.ca/directory/candle-stores/cbrb-best-businesses-in-canada-2023-brand-iron,https://www.thecbrb.ca/directory/candle-stores,no,CBRB directory public listing
P&A Candles,+14166177847,Candle Stores,"Candle Store Toronto , ON",,,https://www.thecbrb.ca/directory/candle-stores/best-businesses-in-canada-2021-pa-candles,https://www.thecbrb.ca/directory/candle-stores,no,CBRB directory public listing
The Flambeau,+16475493837,Candle Stores,,"Candle Store Toronto, Ontario",,https://www.thecbrb.ca/directory/candle-stores/best-businesses-in-canada-2021-the-flambeau,https://www.thecbrb.ca/directory/candle-stores,no,CBRB directory public listing
CANNABIS XPRESS,+16478022141,Cannabis Stores,Cannabis Store Ontario & New Brunswick,,,https://www.thecbrb.ca/directory/cannabis-stores/cbrb-best-businesses-in-canada-cannabis-xpress,https://www.thecbrb.ca/directory/cannabis-stores,no,CBRB directory public listing
Father Nature's Cannabis,+12503245323,Cannabis Stores,,"Cannabis Shop Chemainus, British Columbia",,https://www.thecbrb.ca/directory/cannabis-stores/cbrb-best-businesses-in-canada-father-natures-cannabis,https://www.thecbrb.ca/directory/cannabis-stores,no,CBRB directory public listing
The Coughy Shop,+13065594201,Cannabis Stores,,"Cannabis Shop Regina, Saskatchewan",https://thecoughyshop.net/,https://www.thecbrb.ca/directory/cannabis-stores/cbrb-best-businesses-in-canada-the-coughy-shop,https://www.thecbrb.ca/directory/cannabis-stores,no,CBRB directory public listing
4Trees Cannabis Building Ltd,+12504193511,Cannabis Stores,,"Cannabis Planning & Consulting Victoria, British Columbia",,https://www.thecbrb.ca/directory/cannabis-stores/best-businesses-in-canada-2022-4trees-cannabis-building-ltd,https://www.thecbrb.ca/directory/cannabis-stores,no,CBRB directory public listing
Bluewater Cannabis,+12504980200,Cannabis Stores,,"Cannabis store Oliver, British Columbia",,https://www.thecbrb.ca/directory/cannabis-stores/best-businesses-in-canada-2022-bluewater-cannabis,https://www.thecbrb.ca/directory/cannabis-stores,no,CBRB directory public listing
Coast Guard Detailing,+17059946108,Car Detailing Services,,"Car Detailing Services Collingwood, Ontario",,https://www.thecbrb.ca/directory/car-detailing-services/cbrb-best-businesses-in-canada-coast-guard-detailing,https://www.thecbrb.ca/directory/car-detailing-services,yes,CBRB directory public listing
New Shine Car Care,+19059327111,Car Detailing Services,"Car Detailing Service St. Catharines, ON",,,https://www.thecbrb.ca/directory/car-detailing-services/cbrb-best-businesses-in-canada-new-shine-car-care,https://www.thecbrb.ca/directory/car-detailing-services,yes,CBRB directory public listing
Coudicar,+15145077117,Car Rental Agencies,,"Car Rental Agency Montreal, Quebec",,https://www.thecbrb.ca/directory/car-rental-agencies/cbrb-best-businesses-in-canada-coudicar,https://www.thecbrb.ca/directory/car-rental-agencies,yes,CBRB directory public listing
Town Car Rental,+12044211313,Car Rental Agencies,,"Car Rental Agency Winnipeg, Manitoba",,https://www.thecbrb.ca/directory/car-rental-agencies/cbrb-best-businesses-in-canada-town-car-rental,https://www.thecbrb.ca/directory/car-rental-agencies,yes,CBRB directory public listing
City Car & Truck Rental,+14168001222,Car Rental Agencies,,"Car Rental Agency Toronto , Ontario",,https://www.thecbrb.ca/directory/car-rental-agencies/best-businesses-in-canada-2021-city-car-truck-rental,https://www.thecbrb.ca/directory/car-rental-agencies,yes,CBRB directory public listing
FarOut Wilderness,+17788870396,Car Rental Agencies,,"Truck Rental Agency Vancouver, British Columbia",,https://www.thecbrb.ca/directory/car-rental-agencies/cbrb-best-businesses-in-canada-2024-farout-wilderness,https://www.thecbrb.ca/directory/car-rental-agencies,yes,CBRB directory public listing
The Muskoka Chef Inc.,+14168463653,Caterers,,"Catering & Private Chef Services Muskoka, Ontario",,https://www.thecbrb.ca/directory/caterers/cbrb-best-businesses-in-canada-the-muskoka-chef-inc,https://www.thecbrb.ca/directory/caterers,no,CBRB directory public listing
Casalinga Foods,+16044351994,Caterers,"Caterer Burnaby, BC",,,https://www.thecbrb.ca/directory/caterers/best-businesses-in-canada-2021-casalinga-foods,https://www.thecbrb.ca/directory/caterers,no,CBRB directory public listing
Chunky Kitchen Catering and Cafe,+17785354622,Caterers,,"Catering food and drink supplier Victoria, British Columbia",,https://www.thecbrb.ca/directory/caterers/best-businesses-in-canada-2021-chunky-kitchen-catering-and-cafe,https://www.thecbrb.ca/directory/caterers,no,CBRB directory public listing
Oak Park Deli,+14164243354,Caterers,,"Caterer Toronto, Ontario",,https://www.thecbrb.ca/directory/caterers/best-businesses-in-canada-2021-oak-park-deli,https://www.thecbrb.ca/directory/caterers,no,CBRB directory public listing
Lizzy's Seafood Boxes,+14163569841,Caterers,,"Catering Service Innisfil, Ontario",,https://www.thecbrb.ca/directory/caterers/cbrb-best-businesses-in-canada-lizzys-seafood-boxes,https://www.thecbrb.ca/directory/caterers,no,CBRB directory public listing
Parties by Pat,+17802318858,Caterers,,"Mobile Caterer Edmonton, Alberta",,https://www.thecbrb.ca/directory/caterers/best-businesses-in-canada-2021-parties-by-pat,https://www.thecbrb.ca/directory/caterers,no,CBRB directory public listing
The Steel Grill Catering Co,+15194538222,Caterers,,"Caterer London, Ontario",,https://www.thecbrb.ca/directory/caterers/best-businesses-in-canada-2022-the-steel-grill-catering-co,https://www.thecbrb.ca/directory/caterers,no,CBRB directory public listing
Turn of Events + Catering,+19052520890,Caterers,,"Event Planning and Catering Services Simcoe County, Ontario",,https://www.thecbrb.ca/directory/caterers/best-businesses-in-canada-2022-turn-of-events-catering,https://www.thecbrb.ca/directory/caterers,no,CBRB directory public listing
Sarap Sarap Catering and Restaurant,+17802388288,Caterers,,"Catering food and drink supplier Edmonton, Alberta",,https://www.thecbrb.ca/directory/caterers/best-businesses-in-canada-2021-sarap-sarap-catering-and-restaurant,https://www.thecbrb.ca/directory/caterers,no,CBRB directory public listing
Mount Hermon Cemetery,+14185273513,Cemeteries,,"Cemetery Quebec City, Quebec",,https://www.thecbrb.ca/directory/cemeteries/cbrb-best-businesses-in-canada-2023-mount-hermon-cemetery,https://www.thecbrb.ca/directory/cemeteries,no,CBRB directory public listing
Hands for Charity,+15146190748,Charities,,"Charity Laval, Quebec",,https://www.thecbrb.ca/directory/charities/best-businesses-in-canada-2021-hands-for-charity,https://www.thecbrb.ca/directory/charities,no,CBRB directory public listing
Rotary Dream Home Lottery,+17805138887,Charities,,"Fundraiser via a Lottery Grande Prairie, Alberta",https://winadreamhome.ca/,https://www.thecbrb.ca/directory/charities/best-businesses-in-canada-2021-rotary-dream-home-lottery,https://www.thecbrb.ca/directory/charities,no,CBRB directory public listing
Active Integrative Medicine,+19054928688,Chiropractors,,"Multi-Disciplinary Clinic Pickering, Ontario",,https://www.thecbrb.ca/directory/chiropractors/cbrb-best-businesses-in-canada-2023-active-integrative-medicine,https://www.thecbrb.ca/directory/chiropractors,no,CBRB directory public listing
Back & Body Wellness Centre,+16045943808,Chiropractors,"Chiropractor Surrey, BC",,,https://www.thecbrb.ca/directory/chiropractors/best-businesses-in-canada-2021-back-body-wellness-centre,https://www.thecbrb.ca/directory/chiropractors,no,CBRB directory public listing
Bodability,+14168430655,Chiropractors,,"Chiropractor Vaughan , Ontario",,https://www.thecbrb.ca/directory/chiropractors/best-businesses-in-canada-2021-bodability,https://www.thecbrb.ca/directory/chiropractors,no,CBRB directory public listing
Clinique Chiropratique St-Joseph,+18197770577,Chiropractors,,"Chiropractic Clinic Gatineau, Quebec",,https://www.thecbrb.ca/directory/chiropractors/cbrb-best-businesses-in-canada-2023-clinique-chiropratique-st-joseph,https://www.thecbrb.ca/directory/chiropractors,no,CBRB directory public listing
Clinique Solutions Discales Outaouais,+18192052757,Chiropractors,,"Chiropractor Gatineau, Quebec",,https://www.thecbrb.ca/directory/chiropractors/cbrb-best-businesses-in-canada-2023-clinique-solutions,https://www.thecbrb.ca/directory/chiropractors,no,CBRB directory public listing
"Dr. Reet Dhillon, DC",+17805391261,Chiropractors,,"Chiropractor Grande Prairie, Alberta",,https://www.thecbrb.ca/directory/chiropractors/cbrb-best-businesses-in-canada-2022-dr-reet-dhillon-dc,https://www.thecbrb.ca/directory/chiropractors,no,CBRB directory public listing
Dr. Sarah Seaborn,+16476141294,Chiropractors,,"Chiropractor Toronto , Ontario",,https://www.thecbrb.ca/directory/chiropractors/best-businesses-in-canada-2022-dr-sarah-seaborn,https://www.thecbrb.ca/directory/chiropractors,no,CBRB directory public listing
Natural Health & Chiropractic,+18076224325,Chiropractors,,"Natural Health Care Facility Thunder Bay, Ontario",,https://www.thecbrb.ca/directory/chiropractors/cbrb-best-businesses-in-canada-natural-health-chiropractic,https://www.thecbrb.ca/directory/chiropractors,no,CBRB directory public listing
Rehab Hero,+16479479491,Chiropractors,,"Chiropractor Markham , Ontario",,https://www.thecbrb.ca/directory/chiropractors/best-businesses-in-canada-2021-rehab-hero,https://www.thecbrb.ca/directory/chiropractors,no,CBRB directory public listing
Refresh Health & Wellness,+17804678020,Chiropractors,,"Chiropractor Sherwood Park, Alberta",,https://www.thecbrb.ca/directory/chiropractors/cbrb-best-businesses-in-canada-2022-refresh-health-wellness,https://www.thecbrb.ca/directory/chiropractors,no,CBRB directory public listing
Revive Health Centres,+14166401000,Chiropractors,,"Chiropractor Toronto , Ontario",,https://www.thecbrb.ca/directory/chiropractors/best-businesses-in-canada-2021-revive-health-centres,https://www.thecbrb.ca/directory/chiropractors,no,CBRB directory public listing
The Pelly Clinic,+16049880132,Chiropractors,,"Chiropractor North Vancouver, British Columbia",,https://www.thecbrb.ca/directory/chiropractors/best-businesses-in-canada-2022-the-pelly-clinic,https://www.thecbrb.ca/directory/chiropractors,no,CBRB directory public listing
Butik Naturals,+17783510790,Clothing Stores,,"Women’s Clothing Boutique Sidney, British Columbia",,https://www.thecbrb.ca/directory/clothing-stores/cbrb-best-businesses-in-canada-butik-naturals,https://www.thecbrb.ca/directory/clothing-stores,no,CBRB directory public listing
Dee Anna's Boutique Inc.,+13064932401,Clothing Stores,,"Women’s Clothing Boutique Delisle, Saskatchewan",,https://www.thecbrb.ca/directory/clothing-stores/cbrb-best-businesses-in-canada-dee-annas-boutique-inc,https://www.thecbrb.ca/directory/clothing-stores,no,CBRB directory public listing
Glam & Fame,+12503833393,Clothing Stores,,"Women’s Clothing Boutique Victoria, British Columbia",,https://www.thecbrb.ca/directory/clothing-stores/cbrb-best-businesses-in-canada-glam-fame,https://www.thecbrb.ca/directory/clothing-stores,no,CBRB directory public listing
High Style Apparel Inc.,+19059992091,Clothing Stores,,"Custom Apparel & Promotional Products Pickering, Ontario",,https://www.thecbrb.ca/directory/clothing-stores/cbrb-best-businesses-in-canada-high-style-apparel-inc,https://www.thecbrb.ca/directory/clothing-stores,no,CBRB directory public listing
4MenUnited,+19056051490,Clothing Stores,,"Men's clothing store Vaughan, Ontario",,https://www.thecbrb.ca/directory/clothing-stores/cbrb-best-businesses-in-canada-2024-4menunited,https://www.thecbrb.ca/directory/clothing-stores,no,CBRB directory public listing
Apropos & Apropos for Men Limited,+15197829955,Clothing Stores,,"Clothing store Port Stanley, Ontario",,https://www.thecbrb.ca/directory/clothing-stores/best-businesses-in-canada-2022-apropos-apropos-for-men-limited,https://www.thecbrb.ca/directory/clothing-stores,no,CBRB directory public listing
Aqua Palace Ltd,+19058810680,Clothing Stores,,"Swimwear store Vaughan, Ontario",,https://www.thecbrb.ca/directory/clothing-stores/best-businesses-in-canada-2022-aqua-palace-ltd,https://www.thecbrb.ca/directory/clothing-stores,no,CBRB directory public listing
DORSCOH Creative Designs,+16478002971,Clothing Stores,,"Custom T-shirt store Delhi, Ontario",,https://www.thecbrb.ca/directory/clothing-stores/best-businesses-in-canada-2021-dorscoh-creative-designs,https://www.thecbrb.ca/directory/clothing-stores,no,CBRB directory public listing
Dow's Lake Tailoring,+16135697090,Clothing Stores,,"Tailor Ottawa, Ontario",,https://www.thecbrb.ca/directory/clothing-stores/cbrb-best-businesses-in-canada-2024-dows-lake-tailoring,https://www.thecbrb.ca/directory/clothing-stores,no,CBRB directory public listing
Gala Couture Fashion,+19052657976,Clothing Stores,"Clothing Shop Vaughan, ON",,,https://www.thecbrb.ca/directory/clothing-stores/cbrb-best-businesses-in-canada-2023-gala-couture-fashion_1,https://www.thecbrb.ca/directory/clothing-stores,no,CBRB directory public listing
House of Angelis,+16135490511,Clothing Stores,,"Women's Retail Boutique Kingston, Ontario",,https://www.thecbrb.ca/directory/clothing-stores/cbrb-best-businesses-in-canada-2022-house-of-angelis,https://www.thecbrb.ca/directory/clothing-stores,no,CBRB directory public listing
iSarti Italian Menswear,+19056694007,Clothing Stores,"Men's Clothing Store Vaughan, ON",,,https://www.thecbrb.ca/directory/clothing-stores/best-businesses-in-canada-2022-isarti-italian-menswear,https://www.thecbrb.ca/directory/clothing-stores,no,CBRB directory public listing
J & C Sewing Contractors,+15194574739,Clothing Stores,"Clothing Alterations, Contract Sewing, & Custom Costumes London, ON",,,https://www.thecbrb.ca/directory/clothing-stores/cbrb-best-businesses-in-canada-2023-j-c-sewing-contractors,https://www.thecbrb.ca/directory/clothing-stores,no,CBRB directory public listing
Kandy Golf,+19024416550,Clothing Stores,"Golf Apparel and Accessories Dartmouth, NS",,,https://www.thecbrb.ca/directory/clothing-stores/cbrb-best-businesses-in-canada-2022-kandy-golf,https://www.thecbrb.ca/directory/clothing-stores,no,CBRB directory public listing
Mission Thrift Store,+16473604762,Clothing Stores,"Clothing store Newmarket, ON",,,https://www.thecbrb.ca/directory/clothing-stores/best-businesses-in-canada-2021-mission-thrift-store,https://www.thecbrb.ca/directory/clothing-stores,no,CBRB directory public listing
Rebel Apparel Inc.,+19056969957,Clothing Stores,,"Clothing Manufacturer Mississauga , Ontario",,https://www.thecbrb.ca/directory/clothing-stores/cbrb-best-businesses-in-canada-2024-rebel-apparel-inc,https://www.thecbrb.ca/directory/clothing-stores,no,CBRB directory public listing
Revelle Shop,+18337383553,Clothing Stores,,"Clothing Store Toronto, Ontario",,https://www.thecbrb.ca/directory/clothing-stores/cbrb-best-businesses-in-canada-2023-revelle-shop,https://www.thecbrb.ca/directory/clothing-stores,no,CBRB directory public listing
Salstyle Inc,+19052357272,Clothing Stores,,"Alterations & Dry Cleaning Newmarket, Ontario",,https://www.thecbrb.ca/directory/clothing-stores/cbrb-best-businesses-in-canada-2023-salstyle-inc,https://www.thecbrb.ca/directory/clothing-stores,no,CBRB directory public listing
Snip & Stitch Sewing Centre Ltd,+12507562176,Clothing Stores,,"Fabric store Nanaimo, British Columbia",,https://www.thecbrb.ca/directory/clothing-stores/best-businesses-in-canada-2021-snip-stitch-sewing-centre-ltd,https://www.thecbrb.ca/directory/clothing-stores,no,CBRB directory public listing
Stitch in the Ditch,+12504486806,Clothing Stores,,"Quilt Supplies & Accessories Kelowna, British Columbia",https://www.stitchintheditch.com/,https://www.thecbrb.ca/directory/clothing-stores/cbrb-best-businesses-in-canada-2023-stitch-in-the-ditch,https://www.thecbrb.ca/directory/clothing-stores,no,CBRB directory public listing
Suited Menswear,+14039807888,Clothing Stores,,"Men's Clothing Store Airdrie, Alberta",,https://www.thecbrb.ca/directory/clothing-stores/best-businesses-in-canada-2022-suited-menswear,https://www.thecbrb.ca/directory/clothing-stores,no,CBRB directory public listing
The Second Chance Foundation Thrift Store,+14162676742,Clothing Stores,,"Clothing Store Toronto, Ontario",,https://www.thecbrb.ca/directory/clothing-stores/best-businesses-in-canada-2022-the-second-chance-foundation-thrift-store,https://www.thecbrb.ca/directory/clothing-stores,no,CBRB directory public listing
Doyle It In Inc.,+12269738745,Coaching Services,,"Consulting & Coaching Services London, Ontario",https://doyleitin.com/,https://www.thecbrb.ca/directory/coaching-services/cbrb-best-businesses-in-canada-doyle-it-in-inc,https://www.thecbrb.ca/directory/coaching-services,yes,CBRB directory public listing
Ingbrigtson Life Services LTD,+17806864254,Coaching Services,,"Life Coaching and Mentoring Edmonton , Alberta",,https://www.thecbrb.ca/directory/coaching-services/cbrb-best-businesses-in-canada-ingbrigtson-life-services-ltd,https://www.thecbrb.ca/directory/coaching-services,yes,CBRB directory public listing
Top Prospects Goaltending,+14038055928,Coaching Services,,"Goaltender Development Programs Calgary, Alberta",,https://www.thecbrb.ca/directory/coaching-services/cbrb-best-businesses-in-canada-top-prospects-goaltending,https://www.thecbrb.ca/directory/coaching-services,yes,CBRB directory public listing
EB Solution,+18333330018,Computer Services/Phone Repair,,"IT Services Toronto , Ontario",https://ebsolution.ca/,https://www.thecbrb.ca/directory/computer-servicesphone-repair/cbrb-best-businesses-in-canada-eb-solution,https://www.thecbrb.ca/directory/computer-servicesphone-repair,yes,CBRB directory public listing
Foresight for IT Corp.,+17804862860,Computer Services/Phone Repair,,"Managed Cybersecurity & IT Services Edmonton, Alberta",,https://www.thecbrb.ca/directory/computer-servicesphone-repair/cbrb-best-businesses-in-canada-foresight-for-it-corp,https://www.thecbrb.ca/directory/computer-servicesphone-repair,yes,CBRB directory public listing
NetSentri,+15879055436,Computer Services/Phone Repair,IT Support Services North America,,,https://www.thecbrb.ca/directory/computer-servicesphone-repair/cbrb-best-businesses-in-canada-netsentri,https://www.thecbrb.ca/directory/computer-servicesphone-repair,yes,CBRB directory public listing
PAX Technology Services Inc.,+14168335219,Computer Services/Phone Repair,,"IT Services & Technology Solutions Toronto, Ontario",,https://www.thecbrb.ca/directory/computer-servicesphone-repair/cbrb-best-businesses-in-canada-pax-technology-services-inc,https://www.thecbrb.ca/directory/computer-servicesphone-repair,yes,CBRB directory public listing
TeckPath,+14034535854,Computer Services/Phone Repair,,"Computer Support and Services Calgary, Alberta",,https://www.thecbrb.ca/directory/computer-servicesphone-repair/cbrb-best-businesses-in-canada-teckpath,https://www.thecbrb.ca/directory/computer-servicesphone-repair,yes,CBRB directory public listing
TL Skynet Inc.,+19052680421,Computer Services/Phone Repair,,"Computer Support and Services Mississauga, Ontario",,https://www.thecbrb.ca/directory/computer-servicesphone-repair/cbrb-best-businesses-in-canada-tl-skynet-inc,https://www.thecbrb.ca/directory/computer-servicesphone-repair,yes,CBRB directory public listing
UNMETERED,+18884206321,Computer Services/Phone Repair,,"Global Infrastructure Services Burnaby, British Columbia",https://unmetered.management/,https://www.thecbrb.ca/directory/computer-servicesphone-repair/cbrb-best-businesses-in-canada-unmetered,https://www.thecbrb.ca/directory/computer-servicesphone-repair,yes,CBRB directory public listing
Binarium Corp,+18552746899,Computer Services/Phone Repair,,"Computer support and services Mississauga, Ontario",,https://www.thecbrb.ca/directory/computer-servicesphone-repair/best-businesses-in-canada-2021-binarium-corp,https://www.thecbrb.ca/directory/computer-servicesphone-repair,yes,CBRB directory public listing
Calgary PC Medic,+14038616575,Computer Services/Phone Repair,,"Computer Repair Services Calgary, Alberta",,https://www.thecbrb.ca/directory/computer-servicesphone-repair/cbrb-best-businesses-in-canada-2023-calgary-pc-medic,https://www.thecbrb.ca/directory/computer-servicesphone-repair,yes,CBRB directory public listing
C Computers Inc,+19052962020,Computer Services/Phone Repair,,"Computer Repair and IT Solutions Hamilton, Ontario",,https://www.thecbrb.ca/directory/computer-servicesphone-repair/best-businesses-in-canada-2022-c-computers-inc,https://www.thecbrb.ca/directory/computer-servicesphone-repair,yes,CBRB directory public listing
Creative POS Ltd.,+14168940446,Computer Services/Phone Repair,,"Point-Of-Sale Systems Store Mississauga, Ontario",,https://www.thecbrb.ca/directory/computer-servicesphone-repair/cbrb-best-businesses-in-canada-2023-creative-pos-ltd,https://www.thecbrb.ca/directory/computer-servicesphone-repair,yes,CBRB directory public listing
Droplet Lab,+16474904644,Computer Services/Phone Repair,,"Software company Markham , Ontario",,https://www.thecbrb.ca/directory/computer-servicesphone-repair/best-businesses-in-canada-2022-droplet-lab,https://www.thecbrb.ca/directory/computer-servicesphone-repair,yes,CBRB directory public listing
Edmonton Tech Support,+17802468580,Computer Services/Phone Repair,,"Computer repair service Edmonton, Alberta",,https://www.thecbrb.ca/directory/computer-servicesphone-repair/best-businesses-in-canada-2021-edmonton-tech-support,https://www.thecbrb.ca/directory/computer-servicesphone-repair,yes,CBRB directory public listing
Ezee Computer Training,+15194731391,Computer Services/Phone Repair,,"Training Centre London, Ontario",,https://www.thecbrb.ca/directory/computer-servicesphone-repair/best-businesses-in-canada-2022-ezee-computer-training,https://www.thecbrb.ca/directory/computer-servicesphone-repair,yes,CBRB directory public listing
Fix Factory Canada,+18883493349,Computer Services/Phone Repair,,"Mobile phone repair shop Calgary, Alberta",,https://www.thecbrb.ca/directory/computer-servicesphone-repair/best-businesses-in-canada-2021-fix-factory-canada,https://www.thecbrb.ca/directory/computer-servicesphone-repair,yes,CBRB directory public listing
GA Systems Inc.,+17806802635,Computer Services/Phone Repair,,"Computer Support and Services Edmonton, Alberta",,https://www.thecbrb.ca/directory/computer-servicesphone-repair/cbrb-best-businesses-in-canada-2023-ga-systems-inc,https://www.thecbrb.ca/directory/computer-servicesphone-repair,yes,CBRB directory public listing
Green Bee 3,+14168553300,Computer Services/Phone Repair,,"Computer support and Services Vaughan, Ontario",,https://www.thecbrb.ca/directory/computer-servicesphone-repair/cbrb-best-businesses-in-canada-2024-green-bee-3,https://www.thecbrb.ca/directory/computer-servicesphone-repair,yes,CBRB directory public listing
Infusion Edutainment VR Learning,+12505339487,Computer Services/Phone Repair,,"Software Company Victoria, British Columbia",,https://www.thecbrb.ca/directory/computer-servicesphone-repair/best-businesses-in-canada-2021-infusion-edutainment,https://www.thecbrb.ca/directory/computer-servicesphone-repair,yes,CBRB directory public listing
Integrated Communication Consultants,+15199334285,Computer Services/Phone Repair,,"Telecommunications Service Provider London, Ontario",,https://www.thecbrb.ca/directory/computer-servicesphone-repair/best-businesses-in-canada-2021-integrated-communication-consultants,https://www.thecbrb.ca/directory/computer-servicesphone-repair,yes,CBRB directory public listing
ITopia Corp,+14034418134,Computer Services/Phone Repair,,"IT Services Calgary, Alberta",,https://www.thecbrb.ca/directory/computer-servicesphone-repair/cbrb-best-businesses-in-canada-2022-itopia-corp,https://www.thecbrb.ca/directory/computer-servicesphone-repair,yes,CBRB directory public listing
I.T. Ideas Inc.,+16049868568,Computer Services/Phone Repair,Computer support and services British Columbia,,,https://www.thecbrb.ca/directory/computer-servicesphone-repair/cbrb-best-businesses-in-canada-2024-i-t-ideas-inc,https://www.thecbrb.ca/directory/computer-servicesphone-repair,yes,CBRB directory public listing
Konverge Digital Solutions Corporation,+14166402345,Computer Services/Phone Repair,,"Software company Toronto, Ontario",https://www.konverge.com/,https://www.thecbrb.ca/directory/computer-servicesphone-repair/best-businesses-in-canada-2021-konverge-digital-solutions-corporation,https://www.thecbrb.ca/directory/computer-servicesphone-repair,yes,CBRB directory public listing
Mycondolink,+18884165055,Computer Services/Phone Repair,,"Computer software store Toronto, Ontario",,https://www.thecbrb.ca/directory/computer-servicesphone-repair/best-businesses-in-canada-2022-mycondolink,https://www.thecbrb.ca/directory/computer-servicesphone-repair,yes,CBRB directory public listing
"Power & Tel of Canada, Ltd.",+18003695086,Computer Services/Phone Repair,,"Telecommunications service provider Burlington, Ontario",,https://www.thecbrb.ca/directory/computer-servicesphone-repair/best-businesses-in-canada-2022-power-tel-of-canada-ltd,https://www.thecbrb.ca/directory/computer-servicesphone-repair,yes,CBRB directory public listing
Proof It Document Editing,+17802248120,Computer Services/Phone Repair,,"Document Editing and Proofreading Services Edmonton, Alberta",,https://www.thecbrb.ca/directory/computer-servicesphone-repair/cbrb-best-businesses-in-canada-2022-proof-it-document-editing,https://www.thecbrb.ca/directory/computer-servicesphone-repair,yes,CBRB directory public listing
Red Leaf,+14372157446,Computer Services/Phone Repair,,"Mobile phone repair shop Toronto, Ontario",,https://www.thecbrb.ca/directory/computer-servicesphone-repair/best-businesses-in-canada-2021-red-leaf,https://www.thecbrb.ca/directory/computer-servicesphone-repair,yes,CBRB directory public listing
Sazan Consulting,+16473131970,Computer Services/Phone Repair,,"Consultant Toronto, Ontario",,https://www.thecbrb.ca/directory/computer-servicesphone-repair/best-businesses-in-canada-2021-sazan-consulting,https://www.thecbrb.ca/directory/computer-servicesphone-repair,yes,CBRB directory public listing
Soft-L Ltd.,+14164281130,Computer Services/Phone Repair,,"Software Company Barrie, Ontario",,https://www.thecbrb.ca/directory/computer-servicesphone-repair/best-businesses-in-canada-2022-soft-l-ltd,https://www.thecbrb.ca/directory/computer-servicesphone-repair,yes,CBRB directory public listing
Tesla Computers,+15199743700,Computer Services/Phone Repair,,"Computer repair service Windsor, Ontario",,https://www.thecbrb.ca/directory/computer-servicesphone-repair/best-businesses-in-canada-2022-tesla-computers,https://www.thecbrb.ca/directory/computer-servicesphone-repair,yes,CBRB directory public listing
The Tec Fixer,+14166841234,Computer Services/Phone Repair,,"Computer service Toronto, Ontario",http://www.thetecfixer.com/,https://www.thecbrb.ca/directory/computer-servicesphone-repair/best-businesses-in-canada-2021-the-tec-fixer,https://www.thecbrb.ca/directory/computer-servicesphone-repair,yes,CBRB directory public listing
Voice2Net,+16137131555,Computer Services/Phone Repair,,"Telephone company Prescott, Ontario",,https://www.thecbrb.ca/directory/computer-servicesphone-repair/best-businesses-in-canada-2022-voice2net,https://www.thecbrb.ca/directory/computer-servicesphone-repair,yes,CBRB directory public listing
ZODHA SOLUTIONS Inc.,+14385237715,Computer Services/Phone Repair,,"Software Training Institute Montreal, Quebec",,https://www.thecbrb.ca/directory/computer-servicesphone-repair/cbrb-best-businesses-in-canada-2023-zodha-solutions-inc,https://www.thecbrb.ca/directory/computer-servicesphone-repair,yes,CBRB directory public listing
Grand Cinnamon Banquet & Convention,+14165199773,Convention Centres,,"Banquet Hall Toronto , Ontario",,https://www.thecbrb.ca/directory/convention-centres/cbrb-best-businesses-in-canada-2022-grand-cinnamon-banquet-convention,https://www.thecbrb.ca/directory/convention-centres,no,CBRB directory public listing
Millennium Gardens Banquet Centre,+19054555335,Convention Centres,,"Banquet Hall Brampton , Ontario",,https://www.thecbrb.ca/directory/convention-centres/best-businesses-in-canada-2021-millennium-gardens-banquet-centre,https://www.thecbrb.ca/directory/convention-centres,no,CBRB directory public listing
Muse Event Space,+14163028411,Convention Centres,,"Banquet Hall Vaughan, Ontario",,https://www.thecbrb.ca/directory/convention-centres/best-businesses-in-canada-2022-muse-event-space,https://www.thecbrb.ca/directory/convention-centres,no,CBRB directory public listing
Palacio Event Centre,+19059490555,Convention Centres,,"Wedding & Event Venue Mississauga, Ontario",,https://www.thecbrb.ca/directory/convention-centres/cbrb-best-businesses-in-canada-2023-palacio-event-centre,https://www.thecbrb.ca/directory/convention-centres,no,CBRB directory public listing
Venue 308,+14038884718,Convention Centres,,"Event venue Calgary, Alberta",,https://www.thecbrb.ca/directory/convention-centres/best-businesses-in-canada-2021-venue-308,https://www.thecbrb.ca/directory/convention-centres,no,CBRB directory public listing
By The Bay Cottages,+19026722307,Cottage Rentals,,"Cottage Stanhope , Prince Edward Island",https://bythebaycottages.ca/,https://www.thecbrb.ca/directory/cottage-rentals/cbrb-best-businesses-in-canada-2024-by-the-bay-cottages,https://www.thecbrb.ca/directory/cottage-rentals,yes,CBRB directory public listing
VACATION RENTALS,+14168318956,Cottage Rentals,,"Vacation Rentals Properties Toronto , Ontario",https://vrentalhome.com/,https://www.thecbrb.ca/directory/cottage-rentals/cbrb-best-businesses-in-canada-2023-vacation-rentals,https://www.thecbrb.ca/directory/cottage-rentals,yes,CBRB directory public listing
Bessant Pelech Associates Inc.,+14165745978,Consultants,,"Long-Term Care & Gerontology Consulting Services Mississauga, Ontario",,https://www.thecbrb.ca/directory/consultants/cbrb-best-businesses-in-canada-bessant-pelech-associates-inc,https://www.thecbrb.ca/directory/consultants,yes,CBRB directory public listing
Conseil KAD-KAD Consultancy,+15146387965,Consultants,,"Business & Management Consultant Montreal, Quebec",,https://www.thecbrb.ca/directory/consultants/cbrb-best-businesses-in-canada-conseil-kad-kad-consultancy,https://www.thecbrb.ca/directory/consultants,yes,CBRB directory public listing
Perite PharmaSys Inc.,+13303303090,Consultants,,"Pharmaceutical Consultants Brampton, Ontario",,https://www.thecbrb.ca/directory/consultants/cbrb-best-businesses-in-canada-perite-pharmasys-inc,https://www.thecbrb.ca/directory/consultants,yes,CBRB directory public listing
Planning Protocol,+14037031726,Consultants,,"Land Development Consulting Calgary, Alberta",,https://www.thecbrb.ca/directory/consultants/cbrb-best-businesses-in-canada-planning-protocol,https://www.thecbrb.ca/directory/consultants,yes,CBRB directory public listing
Cannabis License Experts,+18006516280,Consultants,,"Consultant Burlington, Ontario",,https://www.thecbrb.ca/directory/consultants/best-businesses-in-canada-2021-cannabis-license-experts,https://www.thecbrb.ca/directory/consultants,yes,CBRB directory public listing
CanBenefits,+18889100780,Consultants,,"Disability Services Toronto, Ontario",,https://www.thecbrb.ca/directory/consultants/cbrb-best-businesses-in-canada-2023-canbenefits,https://www.thecbrb.ca/directory/consultants,yes,CBRB directory public listing
Dana PharMed Inc.,+14164184890,Consultants,,"Business Management Consultant Toronto, Ontario",,https://www.thecbrb.ca/directory/consultants/cbrb-best-businesses-in-canada-dana-pharmed-inc,https://www.thecbrb.ca/directory/consultants,yes,CBRB directory public listing
Divonify Incorporated,+12262412617,Consultants,,"Consultants Kitchener, Ontario",,https://www.thecbrb.ca/directory/consultants/cbrb-best-businesses-in-canada-2023-divonify-incorporated,https://www.thecbrb.ca/directory/consultants,yes,CBRB directory public listing
ECC CONSULTING,+14034548278,Consultants,,"Education consulting Calgary, Alberta",https://ecc-consulting.ca/,https://www.thecbrb.ca/directory/consultants/best-businesses-in-canada-2022-ecc-consulting,https://www.thecbrb.ca/directory/consultants,yes,CBRB directory public listing
LSA Education,+15145695008,Consultants,,"Education Consulting Company Montreal, Quebec",,https://www.thecbrb.ca/directory/consultants/cbrb-best-businesses-in-canada-2023-lsa-education,https://www.thecbrb.ca/directory/consultants,yes,CBRB directory public listing
NECI The Procurement School Inc,+12503700041,Consultants,,"Training and consulting organization Victoria, British Columbia",,https://www.thecbrb.ca/directory/consultants/best-businesses-in-canada-2022-neci-the-procurement-school-inc,https://www.thecbrb.ca/directory/consultants,yes,CBRB directory public listing
Nordland Business Solutions Inc.,+16476896073,Consultants,,"Business Management Consulting Toronto, Ontario",,https://www.thecbrb.ca/directory/consultants/cbrb-best-businesses-in-canada-2023-nordland-business-solutions-inc,https://www.thecbrb.ca/directory/consultants,yes,CBRB directory public listing
Solnor Environnement Inc.,+15143602032,Consultants,,"Environmental Consultant Sainte-Julienne, Quebec",https://www.solnorenvironnement.com/,https://www.thecbrb.ca/directory/consultants/cbrb-best-businesses-in-canada-solnor-environnement-inc,https://www.thecbrb.ca/directory/consultants,yes,CBRB directory public listing
Stamped Engineering Corporation,+17803283875,Consultants,,"Engineering Consultant Edmonton, Alberta",,https://www.thecbrb.ca/directory/consultants/best-businesses-in-canada-2022-stamped-engineering-corporation,https://www.thecbrb.ca/directory/consultants,yes,CBRB directory public listing
Structura Vision Engineering Inc.,+17808075074,Consultants,,"Engineering Design & Consulting Firm Edmonton, Alberta",,https://www.thecbrb.ca/directory/consultants/cbrb-best-businesses-in-canada-structura-vision-engineering-inc,https://www.thecbrb.ca/directory/consultants,yes,CBRB directory public listing
Workplaces,+17808506957,Consultants,"Business Management Consultant Edmonton, AB",,,https://www.thecbrb.ca/directory/consultants/best-businesses-in-canada-2021-workplaces,https://www.thecbrb.ca/directory/consultants,yes,CBRB directory public listing
Qualimet,+17804695870,Consultants,"Engineering consultant Edmonton, AB",,,https://www.thecbrb.ca/directory/consultants/best-businesses-in-canada-2022-qualimet,https://www.thecbrb.ca/directory/consultants,yes,CBRB directory public listing
YYC Tech Consulting,+15873183355,Consultants,"Business management consultant Calgary, AB",,,https://www.thecbrb.ca/directory/consultants/best-businesses-in-canada-2022-yyc-tech-consulting,https://www.thecbrb.ca/directory/consultants,yes,CBRB directory public listing
Alterna Cremation Ltd.,+12048084490,Cremation Services,,"Cremation Service Winnipeg, Manitoba",,https://www.thecbrb.ca/directory/cremation-services/cbrb-best-businesses-in-canada-2024-alterna-cremation-ltd,https://www.thecbrb.ca/directory/cremation-services,yes,CBRB directory public listing
Alphabet Daycare,+14034066060,Daycare Centres,,"Daycare Centre Red Deer, Alberta",,https://www.thecbrb.ca/directory/daycare-centres/cbrb-best-businesses-in-canada-alphabet-daycare,https://www.thecbrb.ca/directory/daycare-centres,no,CBRB directory public listing
Kids 'R' Us #1 Daycare,+17807585437,Daycare Centres,,"Daycare Centre Edmonton, Alberta",,https://www.thecbrb.ca/directory/daycare-centres/cbrb-best-businesses-in-canada-kids-r-us-1-daycare,https://www.thecbrb.ca/directory/daycare-centres,no,CBRB directory public listing
Kids Zone Child Care Centre,+19054039351,Daycare Centres,"Childcare Services Mississauga, O ntario",,,https://www.thecbrb.ca/directory/daycare-centres/cbrb-best-businesses-in-canada-kids-zone-child-care-centre,https://www.thecbrb.ca/directory/daycare-centres,no,CBRB directory public listing
Loyal True Blue and Orange Home,+19057371011,Daycare Centres,,"Child Care Centre Richmond Hill, Ontario",,https://www.thecbrb.ca/directory/daycare-centres/cbrb-best-businesses-in-canada-loyal-true-blue-and-orange-home,https://www.thecbrb.ca/directory/daycare-centres,no,CBRB directory public listing
The Castle Childcare Centre,+14377756096,Daycare Centres,,"Child Care Centre Toronto , Ontario",,https://www.thecbrb.ca/directory/daycare-centres/cbrb-best-businesses-in-canada-the-castle-childcare-centre,https://www.thecbrb.ca/directory/daycare-centres,no,CBRB directory public listing
Wee Watch Licensed Home Child Care Sarnia,+15193367948,Daycare Centres,"Home Child Care Agency Sarnia, ON",,,https://www.thecbrb.ca/directory/daycare-centres/cbrb-best-businesses-in-canada-wee-watch-licensed-home-child-care-sarnia,https://www.thecbrb.ca/directory/daycare-centres,no,CBRB directory public listing
Bright Beginnings Montessori,+14035734777,Daycare Centres,,"Daycare Penhold, Alberta",,https://www.thecbrb.ca/directory/daycare-centres/cbrb-best-businesses-in-canada-bright-beginnings-montessori,https://www.thecbrb.ca/directory/daycare-centres,no,CBRB directory public listing
Centre D'Apprentissage De La Petite Enfance - La Colombe,+17807571123,Daycare Centres,,"Day Care Center Edmonton, Alberta",,https://www.thecbrb.ca/directory/daycare-centres/cbrb-best-businesses-in-canada-2023-la-colombe,https://www.thecbrb.ca/directory/daycare-centres,no,CBRB directory public listing
Eh to Zed Preschool Canada Guelph,+15197668469,Daycare Centres,,"Daycare Centre Guelph, Ontario",,https://www.thecbrb.ca/directory/daycare-centres/best-businesses-in-canada-2021-eh-to-zed-preschool-canada-guelph,https://www.thecbrb.ca/directory/daycare-centres,no,CBRB directory public listing
Enlightened Beginnings,+17806170137,Daycare Centres,,"Daycare Centre Grimshaw, Alberta",,https://www.thecbrb.ca/directory/daycare-centres/best-businesses-in-canada-2021-enlightened-beginnings,https://www.thecbrb.ca/directory/daycare-centres,no,CBRB directory public listing
Gan Shelanu Daycare,+19055972210,Daycare Centres,,"Daycare Centre Vaughan, Ontario",,https://www.thecbrb.ca/directory/daycare-centres/best-businesses-in-canada-2021-gan-shelanu-daycare,https://www.thecbrb.ca/directory/daycare-centres,no,CBRB directory public listing
Kids Start Smart Inc.,+15872249535,Daycare Centres,"Child Care Services Calgary, AB",,https://kidsstartsmart.com/,https://www.thecbrb.ca/directory/daycare-centres/cbrb-best-businesses-in-canada-2023-kids-start-smart-inc,https://www.thecbrb.ca/directory/daycare-centres,no,CBRB directory public listing
Learn n' Play Childcare Centre,+16045610444,Daycare Centres,"Daycare Centre Abbotsford, BC",,,https://www.thecbrb.ca/directory/daycare-centres/cbrb-best-businesses-in-canada-2024-learn-n-play-childcare-centre,https://www.thecbrb.ca/directory/daycare-centres,no,CBRB directory public listing
Lexie's Little Bears Child Care Inc.,+12505903603,Daycare Centres,"Day care Centre Victoria, BC",,,https://www.thecbrb.ca/directory/daycare-centres/cbrb-best-businesses-in-canada-2022-lexies-little-bears-child-care-inc,https://www.thecbrb.ca/directory/daycare-centres,no,CBRB directory public listing
Little Stars Daycare and Preschool,+14034577787,Daycare Centres,"Day care Centre Calgary, AB",,,https://www.thecbrb.ca/directory/daycare-centres/cbrb-best-businesses-in-canada-2024-little-stars-daycare-and-preschool,https://www.thecbrb.ca/directory/daycare-centres,no,CBRB directory public listing
Mandi Day Care,+14167498110,Daycare Centres,,"Day Care Center Toronto, Ontario",,https://www.thecbrb.ca/directory/daycare-centres/cbrb-best-businesses-in-canada-mandi-day-care,https://www.thecbrb.ca/directory/daycare-centres,no,CBRB directory public listing
Mon Petit Univers,+16474032327,Daycare Centres,,"Day care center Toronto, Ontario",,https://www.thecbrb.ca/directory/daycare-centres/best-businesses-in-canada-2022-mon-petit-univers,https://www.thecbrb.ca/directory/daycare-centres,no,CBRB directory public listing
Montessori Early Development Academy,+14039917976,Daycare Centres,,"Daycare Centre Calgary, Alberta",,https://www.thecbrb.ca/directory/daycare-centres/best-businesses-in-canada-2021-montessori-early-development-academy,https://www.thecbrb.ca/directory/daycare-centres,no,CBRB directory public listing
Over The Rainbow Children's Centre Inc,+19058503553,Daycare Centres,,"Day care center Vaughan, Ontario",,https://www.thecbrb.ca/directory/daycare-centres/best-businesses-in-canada-2022-over-the-rainbow-childrens-centre-inc,https://www.thecbrb.ca/directory/daycare-centres,no,CBRB directory public listing
Play Island Explorers,+19057736677,Daycare Centres,,"Day care center Richmond Hill, Ontario",,https://www.thecbrb.ca/directory/daycare-centres/best-businesses-in-canada-2021-play-island-explorers,https://www.thecbrb.ca/directory/daycare-centres,no,CBRB directory public listing
The Children's Path Child Care Centre,+19058507667,Daycare Centres,"Day care center Vaughan, ON",,,https://www.thecbrb.ca/directory/daycare-centres/best-businesses-in-canada-2022-the-childrens-path-child-care-centre,https://www.thecbrb.ca/directory/daycare-centres,no,CBRB directory public listing
Royal Daycare Centre,+15872965120,Daycare Centres,"Day care centre Calgary, AB",,,https://www.thecbrb.ca/directory/daycare-centres/cbrb-best-businesses-in-canada-2023-royal-daycare-centre,https://www.thecbrb.ca/directory/daycare-centres,no,CBRB directory public listing
Safari Kid on Yonge,+19056980188,Daycare Centres,"Day care centre Richmond Hill, ON",,http://www.safarikid.ca/,https://www.thecbrb.ca/directory/daycare-centres/best-businesses-in-canada-2021-safari-kid-on-yonge,https://www.thecbrb.ca/directory/daycare-centres,no,CBRB directory public listing
Vaughan Kids Daycare,+19054173633,Daycare Centres,"Childcare Center Vaughan, ON",,,https://www.thecbrb.ca/directory/daycare-centres/cbrb-best-businesses-in-canada-2024-vaughan-kids-daycare,https://www.thecbrb.ca/directory/daycare-centres,no,CBRB directory public listing
Aspects of Dance,+19053209518,Dance Schools,"Dance School Burlington , ON",,,https://www.thecbrb.ca/directory/dance-schools/cbrb-best-businesses-in-canada-aspects-of-dance,https://www.thecbrb.ca/directory/dance-schools,no,CBRB directory public listing
CR DanceXtreme Inc.,+12502863376,Dance Schools,"Dance School Campbell River, BC",,,https://www.thecbrb.ca/directory/dance-schools/cbrb-best-businesses-in-canada-cr-dancextreme-inc,https://www.thecbrb.ca/directory/dance-schools,no,CBRB directory public listing
Dancesations Dance Academy,+12892126525,Dance Schools,"Dance School St. Catharines, ON",,,https://www.thecbrb.ca/directory/dance-schools/cbrb-best-businesses-in-canada-dancesations-dance-academy,https://www.thecbrb.ca/directory/dance-schools,no,CBRB directory public listing
Fusion Force Studio,+16045331863,Dance Schools,"Dance School Langley City, BC",,,https://www.thecbrb.ca/directory/dance-schools/cbrb-best-businesses-in-canada-fusion-force-studio,https://www.thecbrb.ca/directory/dance-schools,no,CBRB directory public listing
Hoofers Performing Arts Ltd,+19054041779,Dance Schools,"Dance School Oshawa, ON",,,https://www.thecbrb.ca/directory/dance-schools/cbrb-best-businesses-in-canada-hoofers-performing-arts-ltd,https://www.thecbrb.ca/directory/dance-schools,no,CBRB directory public listing
Jessica's Dance Innovations,,Dance Schools,"Dance School Brampton, ON",,,https://www.thecbrb.ca/directory/dance-schools/cbrb-best-businesses-in-canada-jessicas-dance-innovations,https://www.thecbrb.ca/directory/dance-schools,no,CBRB directory public listing
(905) 494-1411,,Dance Schools,,,,https://www.thecbrb.ca/directory/dance-schools/cbrb-best-businesses-in-canada-jessicas-dance-innovations,https://www.thecbrb.ca/directory/dance-schools,no,CBRB directory public listing
Kootenay DanceXtreme Inc.,+17784815155,Dance Schools,"Dance School Kimberley & Cranbrook, BC",,https://kootenaydancextreme.com/,https://www.thecbrb.ca/directory/dance-schools/cbrb-best-businesses-in-canada-kootenay-dancextreme-inc,https://www.thecbrb.ca/directory/dance-schools,no,CBRB directory public listing
Omkara Academy of Dance,+16478789009,Dance Schools,"Indian Classical Dance Academy Brampton , ON",,,https://www.thecbrb.ca/directory/dance-schools/cbrb-best-businesses-in-canada-omkara-academy-of-dance,https://www.thecbrb.ca/directory/dance-schools,no,CBRB directory public listing
PROTÉGÉ Dance Company,+19052312111,Dance Schools,"Dance School Ajax , ON",,,https://www.thecbrb.ca/directory/dance-schools/cbrb-best-businesses-in-canada-protégé-dance-company,https://www.thecbrb.ca/directory/dance-schools,no,CBRB directory public listing
Academy Danza School Dance Rive Sud,+14504477672,Dance Schools,"Dance School Chambly, QC",,,https://www.thecbrb.ca/directory/dance-schools/best-businesses-in-canada-2022-academy-danza-school-dance-rive-sud,https://www.thecbrb.ca/directory/dance-schools,no,CBRB directory public listing
Arthur Murray Dance Centres,+12896606100,Dance Schools,"Dance School Ajax , ON",,,https://www.thecbrb.ca/directory/dance-schools/best-businesses-in-canada-2021-arthur-murray-dance-centres,https://www.thecbrb.ca/directory/dance-schools,no,CBRB directory public listing
Calgary Regional Dance,+15875837009,Dance Schools,"Dance School Calgary, AB",,,https://www.thecbrb.ca/directory/dance-schools/best-businesses-in-canada-2022-calgary-regional-dance,https://www.thecbrb.ca/directory/dance-schools,no,CBRB directory public listing
Creative Connexions Performing Arts Centre,+16479047432,Dance Schools,"Dance School Ajax, ON",,,https://www.thecbrb.ca/directory/dance-schools/best-businesses-in-canada-2021-creative-connexions-performing-arts-centre,https://www.thecbrb.ca/directory/dance-schools,no,CBRB directory public listing
Flame Studio,+14168008653,Dance Schools,"Dance Conservatory Richmond Hill, ON",,,https://www.thecbrb.ca/directory/dance-schools/best-businesses-in-canada-2021-flame-studio,https://www.thecbrb.ca/directory/dance-schools,no,CBRB directory public listing
Giselle's ShowTyme Dance Studio,+13066408268,Dance Schools,"Dance School Assiniboia, SK",,,https://www.thecbrb.ca/directory/dance-schools/cbrb-best-businesses-in-canada-2022-giselles-showtyme-dance-studio,https://www.thecbrb.ca/directory/dance-schools,no,CBRB directory public listing
Live to Dance Academy,+19058277771,Dance Schools,"Dance School Oakville, ON",,,https://www.thecbrb.ca/directory/dance-schools/cbrb-best-businesses-in-canada-2024-live-to-dance-academy,https://www.thecbrb.ca/directory/dance-schools,no,CBRB directory public listing
Martin School Of Dance & Baton,+13063523601,Dance Schools,"Dance School Regina, SK",,,https://www.thecbrb.ca/directory/dance-schools/cbrb-best-businesses-in-canada-2022-martin-school-of-dance-baton,https://www.thecbrb.ca/directory/dance-schools,no,CBRB directory public listing
Oakville Academy For The Arts,+19058442787,Dance Schools,"Dance School Oakville , ON",,,https://www.thecbrb.ca/directory/dance-schools/best-businesses-in-canada-2021-oakville-academy-for-the-arts,https://www.thecbrb.ca/directory/dance-schools,no,CBRB directory public listing
Reach For The Stars Dance Company,+15197477827,Dance Schools,"Dance company Waterloo, ON",,,https://www.thecbrb.ca/directory/dance-schools/best-businesses-in-canada-2021-reach-for-the-stars-dance-company,https://www.thecbrb.ca/directory/dance-schools,no,CBRB directory public listing
We Litty,+12893148585,Dance Schools,"Dance School Ajax, ON",,,https://www.thecbrb.ca/directory/dance-schools/best-businesses-in-canada-2021-we-litty,https://www.thecbrb.ca/directory/dance-schools,no,CBRB directory public listing
XBa School of Dance,+16042209679,Dance Schools,"Dance School Surrey, BC",,,https://www.thecbrb.ca/directory/dance-schools/best-businesses-in-canada-2021-xba-school-of-dance,https://www.thecbrb.ca/directory/dance-schools,no,CBRB directory public listing
Flambé @ Home,+17785156128,Delivery Services,,"Meal Delivery Service Kaleden, British Columbia",,https://www.thecbrb.ca/directory/delivery-services/cbrb-best-businesses-in-canada-2022-flambé-home,https://www.thecbrb.ca/directory/delivery-services,yes,CBRB directory public listing
Appleday Dental Care,+19057853439,Dental Clinics,"Dental Clinic Mississauga, ON",,,https://www.thecbrb.ca/directory/dental-clinics/cbrb-best-businesses-in-canada-appleday-dental-care,https://www.thecbrb.ca/directory/dental-clinics,yes,CBRB directory public listing
Bourquin Dental Centre,+16048596555,Dental Clinics,"Dental Centre Abbotsford, BC",,,https://www.thecbrb.ca/directory/dental-clinics/cbrb-best-businesses-in-canada-bourquin-dental-centre,https://www.thecbrb.ca/directory/dental-clinics,yes,CBRB directory public listing
DentalIS,+14167408887,Dental Clinics,"Dental Clinic Etobicoke , ON",,,https://www.thecbrb.ca/directory/dental-clinics/cbrb-best-businesses-in-canada-dentalis,https://www.thecbrb.ca/directory/dental-clinics,yes,CBRB directory public listing
Dr. David Farkouh and Friends,+14164894425,Dental Clinics,"Pediatric Dentist Toronto, ON",,,https://www.thecbrb.ca/directory/dental-clinics/cbrb-best-businesses-in-canada-dr-david-farkouh-and-friends,https://www.thecbrb.ca/directory/dental-clinics,yes,CBRB directory public listing
Dr.Kohli Dental Clinic,+17095962550,Dental Clinics,"Dental Clinic Carbonear, NL",,,https://www.thecbrb.ca/directory/dental-clinics/cbrb-best-businesses-in-canada-dr-kohli-dental-clinic,https://www.thecbrb.ca/directory/dental-clinics,yes,CBRB directory public listing
Edge Dental,+16049880377,Dental Clinics,"General & Family Dentistry North Vancouver, BC",,,https://www.thecbrb.ca/directory/dental-clinics/cbrb-best-businesses-in-canada-edge-dental,https://www.thecbrb.ca/directory/dental-clinics,yes,CBRB directory public listing
Hyland Dental Centre,+15196790808,Dental Clinics,"Dental Clinic London , ON",,,https://www.thecbrb.ca/directory/dental-clinics/cbrb-best-businesses-in-canada-hyland-dental-centre,https://www.thecbrb.ca/directory/dental-clinics,yes,CBRB directory public listing
Lougheed Family Dental,+16045537070,Dental Clinics,"Dental C linic Coquitlam, BC",,,https://www.thecbrb.ca/directory/dental-clinics/cbrb-best-businesses-in-canada-lougheed-family-dental,https://www.thecbrb.ca/directory/dental-clinics,yes,CBRB directory public listing
Oshawa Dentist,+19057256060,Dental Clinics,"Dental Clinic Oshawa, ON",,,https://www.thecbrb.ca/directory/dental-clinics/cbrb-best-businesses-in-canada-oshawa-dentist,https://www.thecbrb.ca/directory/dental-clinics,yes,CBRB directory public listing
Smilee Dental Centre,+19052270303,Dental Clinics,"Dental Clinic Thorold, ON",,,https://www.thecbrb.ca/directory/dental-clinics/cbrb-best-businesses-in-canada-smilee-dental-centre,https://www.thecbrb.ca/directory/dental-clinics,yes,CBRB directory public listing
Solo Dental Centre,+16042997656,Dental Clinics,"Dental Clinic Burnaby, BC",,,https://www.thecbrb.ca/directory/dental-clinics/cbrb-best-businesses-in-canada-solo-dental-centre,https://www.thecbrb.ca/directory/dental-clinics,yes,CBRB directory public listing
Stonegate Dental,+15198220800,Dental Clinics,"Dental Clinic Guelph , ON",,,https://www.thecbrb.ca/directory/dental-clinics/cbrb-best-businesses-in-canada-stonegate-dental,https://www.thecbrb.ca/directory/dental-clinics,yes,CBRB directory public listing
Westoak Dental Centre,+19058253336,Dental Clinics,,"Dental Clinic Oakville, Ontario",,https://www.thecbrb.ca/directory/dental-clinics/cbrb-best-businesses-in-canada-westoak-dental-centre,https://www.thecbrb.ca/directory/dental-clinics,yes,CBRB directory public listing
Alba Dental Centre,+15197772020,Dental Clinics,"Dental Clinic London , ON",,,https://www.thecbrb.ca/directory/dental-clinics/cbrb-best-businesses-in-canada-2024-alba-dental-centre,https://www.thecbrb.ca/directory/dental-clinics,yes,CBRB directory public listing
Apple Tree Dental,+15196411411,Dental Clinics,"Dental Clinic London , ON",,,https://www.thecbrb.ca/directory/dental-clinics/cbrb-best-businesses-in-canada-2022-apple-tree-dental,https://www.thecbrb.ca/directory/dental-clinics,yes,CBRB directory public listing
Aqua Dental,+16138255000,Dental Clinics,"General Dentist Ottawa , ON",,,https://www.thecbrb.ca/directory/dental-clinics/best-businesses-in-canada-2021-aqua-dental,https://www.thecbrb.ca/directory/dental-clinics,yes,CBRB directory public listing
Aqua Dental Wellness,+12046633423,Dental Clinics,"Dental Clinic Winnipeg , MB",,,https://www.thecbrb.ca/directory/dental-clinics/best-businesses-in-canada-2021-aqua-dental-wellness,https://www.thecbrb.ca/directory/dental-clinics,yes,CBRB directory public listing
Aurora Dental Clinic,+17807917737,Dental Clinics,"Dentist Fort McMurray, AB",,,https://www.thecbrb.ca/directory/dental-clinics/cbrb-best-businesses-in-canada-2023-aurora-dental-clinic,https://www.thecbrb.ca/directory/dental-clinics,yes,CBRB directory public listing
Beddington Dental Clinic,+14032754000,Dental Clinics,"Dentist Calgary, AB",,,https://www.thecbrb.ca/directory/dental-clinics/best-businesses-in-canada-2022-beddington-dental-clinic,https://www.thecbrb.ca/directory/dental-clinics,yes,CBRB directory public listing
Bisson Dentistry,+15198213561,Dental Clinics,"Dentist Guelph , ON",,,https://www.thecbrb.ca/directory/dental-clinics/best-businesses-in-canada-2022-bisson-dentistry,https://www.thecbrb.ca/directory/dental-clinics,yes,CBRB directory public listing
Champion Dental Hygiene,+15195751455,Dental Clinics,"Dental hygienist Kitchener, ON",,,https://www.thecbrb.ca/directory/dental-clinics/best-businesses-in-canada-2022-champion-dental-hygiene,https://www.thecbrb.ca/directory/dental-clinics,yes,CBRB directory public listing
Crystalline Dental,+19053030700,Dental Clinics,"Dental Clinic Vaughan, ON",,,https://www.thecbrb.ca/directory/dental-clinics/cbrb-best-businesses-in-canada-2024-crystalline-dental,https://www.thecbrb.ca/directory/dental-clinics,yes,CBRB directory public listing
Dental Centre @ The Royal Bank Plaza,+14163627400,Dental Clinics,"Dental Centre Toronto, ON",,,https://www.thecbrb.ca/directory/dental-clinics/cbrb-best-businesses-in-canada-2023-dental-centre-the-royal-bank-plaza,https://www.thecbrb.ca/directory/dental-clinics,yes,CBRB directory public listing
Dentistry@Cornwall,+16139330030,Dental Clinics,"Dental Office Cornwall, ON",,,https://www.thecbrb.ca/directory/dental-clinics/cbrb-best-businesses-in-canada-2024-dentistrycornwall,https://www.thecbrb.ca/directory/dental-clinics,yes,CBRB directory public listing
Dentist At False Creek Olympic Village,+16045597270,Dental Clinics,"Dentist Vancouver, BC",,,https://www.thecbrb.ca/directory/dental-clinics/best-businesses-in-canada-2022-dentist-at-false-creek-olympic-village,https://www.thecbrb.ca/directory/dental-clinics,yes,CBRB directory public listing
Dentistry While You Dream,+15194742400,Dental Clinics,"Dentist London , ON",,,https://www.thecbrb.ca/directory/dental-clinics/best-businesses-in-canada-2022-dentistry-while-you-dream,https://www.thecbrb.ca/directory/dental-clinics,yes,CBRB directory public listing
Dr. Andrew Tsandelis,+15197489200,Dental Clinics,"Dentist Kitchener, ON",,,https://www.thecbrb.ca/directory/dental-clinics/best-businesses-in-canada-2021-dr-andrew-tsandelis,https://www.thecbrb.ca/directory/dental-clinics,yes,CBRB directory public listing
Dr. Jacques L. Cormier Professional Corp.,+15065329546,Dental Clinics,"General Dentistry Shediac, NB",,,https://www.thecbrb.ca/directory/dental-clinics/cbrb-best-businesses-in-canada-2024-dr-jacques-l-cormier,https://www.thecbrb.ca/directory/dental-clinics,yes,CBRB directory public listing
Dr. Mark Richardson Dental,+15194731955,Dental Clinics,"Dentist London, ON",,,https://www.thecbrb.ca/directory/dental-clinics/cbrb-best-businesses-in-canada-2023-dr-mark-richardson-dental,https://www.thecbrb.ca/directory/dental-clinics,yes,CBRB directory public listing
Eid Dental Clinic,+15196670777,Dental Clinics,"Dental Clinic London , ON",,,https://www.thecbrb.ca/directory/dental-clinics/cbrb-best-businesses-in-canada-2023-eid-dental-clinic,https://www.thecbrb.ca/directory/dental-clinics,yes,CBRB directory public listing
Glenwood Dental Care,+17807842481,Dental Clinics,"Dental Clinic Edmonton , AB",,,https://www.thecbrb.ca/directory/dental-clinics/cbrb-best-businesses-in-canada-2023-glenwood-dental-care,https://www.thecbrb.ca/directory/dental-clinics,yes,CBRB directory public listing
Huntington Family Dental,+15873162994,Dental Clinics,"Family Dentistry Calgary , AB",,,https://www.thecbrb.ca/directory/dental-clinics/cbrb-best-businesses-in-canada-2023-huntington-family-dental,https://www.thecbrb.ca/directory/dental-clinics,yes,CBRB directory public listing
Image Dental,+14032173100,Dental Clinics,"Dentist Calgary , AB",,https://imagedentalcalgary.ca/,https://www.thecbrb.ca/directory/dental-clinics/best-businesses-in-canada-2022-image-dental,https://www.thecbrb.ca/directory/dental-clinics,yes,CBRB directory public listing
Ivory Dental Laboratory,+16132161111,Dental Clinics,"Dental Laboratory Ottawa, ON",,,https://www.thecbrb.ca/directory/dental-clinics/cbrb-best-businesses-in-canada-ivory-dental-laboratory,https://www.thecbrb.ca/directory/dental-clinics,yes,CBRB directory public listing
KMA Dental,+16135487963,Dental Clinics,"Dentist Kingston, ON",,,https://www.thecbrb.ca/directory/dental-clinics/cbrb-best-businesses-in-canada-2022-kma-dental,https://www.thecbrb.ca/directory/dental-clinics,yes,CBRB directory public listing
Krystal Dental Hygiene,+17788557790,Dental Clinics,"Dental Hygienist Vancouver, BC",,,https://www.thecbrb.ca/directory/dental-clinics/cbrb-best-businesses-in-canada-2023-krystal-dental-hygiene,https://www.thecbrb.ca/directory/dental-clinics,yes,CBRB directory public listing
Lumi’s Dental Hygiene Care,+12264445001,Dental Clinics,Dental Hygienist Kitchener . ON,,,https://www.thecbrb.ca/directory/dental-clinics/best-businesses-in-canada-2021-lumis-dental-hygiene-care,https://www.thecbrb.ca/directory/dental-clinics,yes,CBRB directory public listing
Love It Dental,+17787384088,Dental Clinics,"Dental Clinic Kelowna, BC",,,https://www.thecbrb.ca/directory/dental-clinics/cbrb-best-businesses-in-canada-2023-love-it-dental,https://www.thecbrb.ca/directory/dental-clinics,yes,CBRB directory public listing
Mehan Dental,+15196225444,Dental Clinics,"Dentist Cambridge, ON",,,https://www.thecbrb.ca/directory/dental-clinics/cbrb-best-businesses-in-canada-2023-mehan-dental,https://www.thecbrb.ca/directory/dental-clinics,yes,CBRB directory public listing
OTTAWA SEDATION DENTAL,+16132253564,Dental Clinics,"General and Sedation Dentistry Ottawa, ON",,,https://www.thecbrb.ca/directory/dental-clinics/cbrb-best-businesses-in-canada-2024-ottawa-sedation-dental,https://www.thecbrb.ca/directory/dental-clinics,yes,CBRB directory public listing
Oxford Oral & Maxillofacial Surgery Centre,+15192042080,Dental Clinics,"Dental clinic London, ON",,,https://www.thecbrb.ca/directory/dental-clinics/cbrb-best-businesses-in-canada-2024-oxford-oral-maxillofacial-surgery-c,https://www.thecbrb.ca/directory/dental-clinics,yes,CBRB directory public listing
Parkview Dental & Dental Implant Centre,+16044381555,Dental Clinics,"Dentist Vancouver, BC",,,https://www.thecbrb.ca/directory/dental-clinics/best-businesses-in-canada-2022-parkview-dental-dental-implant-centre,https://www.thecbrb.ca/directory/dental-clinics,yes,CBRB directory public listing
Park Lawn Smiles Dental,+16476975701,Dental Clinics,"Dental Clinic Toronto, ON",,,https://www.thecbrb.ca/directory/dental-clinics/cbrb-best-businesses-in-canada-park-lawn-smiles-dental,https://www.thecbrb.ca/directory/dental-clinics,yes,CBRB directory public listing
Retter Dental Care,+15144889579,Dental Clinics,,"Dentist Montreal, Quebec",,https://www.thecbrb.ca/directory/dental-clinics/cbrb-best-businesses-in-canada-2023-retter-dental-care,https://www.thecbrb.ca/directory/dental-clinics,yes,CBRB directory public listing
Sharing Smiles Dental,+14165007250,Dental Clinics,"Dental Clinic Mississauga, ON",,,https://www.thecbrb.ca/directory/dental-clinics/best-businesses-in-canada-2022-sharing-smiles-dental,https://www.thecbrb.ca/directory/dental-clinics,yes,CBRB directory public listing
Sundance Dental,+14032562727,Dental Clinics,"Dentist Calgary, AB",,,https://www.thecbrb.ca/directory/dental-clinics/cbrb-best-businesses-in-canada-2024-sundance-dental,https://www.thecbrb.ca/directory/dental-clinics,yes,CBRB directory public listing
Sunny Dental Clinic,+16473507869,Dental Clinics,"Dental Clinic Toronto , ON",,,https://www.thecbrb.ca/directory/dental-clinics/best-businesses-in-canada-2022-sunny-dental-clinic,https://www.thecbrb.ca/directory/dental-clinics,yes,CBRB directory public listing
West Airdrie Dental,+14039800404,Dental Clinics,"Dentist Airdrie, AB",,,https://www.thecbrb.ca/directory/dental-clinics/best-businesses-in-canada-2022-west-airdrie-dental,https://www.thecbrb.ca/directory/dental-clinics,yes,CBRB directory public listing
Yukon Denture Clinic,+18676682510,Dental Clinics,"Denture Care Center Whitehorse, YT",,,https://www.thecbrb.ca/directory/dental-clinics/cbrb-best-businesses-in-canada-2023-yukon-denture-clinic,https://www.thecbrb.ca/directory/dental-clinics,yes,CBRB directory public listing
Adamo Import Limited,+14162425575,Distribution Services,,"Import & Distribution Company Toronto, Ontario",,https://www.thecbrb.ca/directory/distribution-services/cbrb-best-businesses-in-canada-2023-adamo-import-limited,https://www.thecbrb.ca/directory/distribution-services,yes,CBRB directory public listing
Distributions Marie-Jeanne,+14186190541,Distribution Services,Distribution Services Lé,"vis, Quebec",,https://www.thecbrb.ca/directory/distribution-services/cbrb-best-businesses-in-canada-2023-distributions-marie-jeanne,https://www.thecbrb.ca/directory/distribution-services,yes,CBRB directory public listing
Fanshawe Driving School,+15196865454,Driving Schools,"Driving School London, ON",,,https://www.thecbrb.ca/directory/driving-schools/cbrb-best-businesses-in-canada-fanshawe-driving-school,https://www.thecbrb.ca/directory/driving-schools,no,CBRB directory public listing
Golden Star Driving School,+16043413300,Driving Schools,"Driving School Vancouver, BC",,,https://www.thecbrb.ca/directory/driving-schools/cbrb-best-businesses-in-canada-golden-star-driving-school,https://www.thecbrb.ca/directory/driving-schools,no,CBRB directory public listing
Good Drivers,+19052766066,Driving Schools,"Driving School Mississauga, ON",,,https://www.thecbrb.ca/directory/driving-schools/cbrb-best-businesses-in-canada-good-drivers,https://www.thecbrb.ca/directory/driving-schools,no,CBRB directory public listing
Noble Driving School,+17804504981,Driving Schools,"Driving School Edmonton, AB",,,https://www.thecbrb.ca/directory/driving-schools/cbrb-best-businesses-in-canada-noble-driving-school,https://www.thecbrb.ca/directory/driving-schools,no,CBRB directory public listing
SAMS Driving School,+19054937267,Driving Schools,"Driving School Whitby, ON",,,https://www.thecbrb.ca/directory/driving-schools/cbrb-best-businesses-in-canada-sams-driving-school,https://www.thecbrb.ca/directory/driving-schools,no,CBRB directory public listing
Steer'ngo Driving School,+16134136699,Driving Schools,"Driving School Ottawa, ON",,,https://www.thecbrb.ca/directory/driving-schools/cbrb-best-businesses-in-canada-steerngo-driving-school,https://www.thecbrb.ca/directory/driving-schools,no,CBRB directory public listing
Aamco Driving School Inc.,+14162837929,Driving Schools,"Driving School Toronto, ON",,,https://www.thecbrb.ca/directory/driving-schools/best-businesses-in-canada-2021-aamco-driving-school-inc,https://www.thecbrb.ca/directory/driving-schools,no,CBRB directory public listing
All Class Driving Academy Ltd.,+17809653536,Driving Schools,"Drivers license training school Edmonton, AB",,,https://www.thecbrb.ca/directory/driving-schools/cbrb-best-businesses-in-canada-all-class-driving-academy-ltd,https://www.thecbrb.ca/directory/driving-schools,no,CBRB directory public listing
All Seasons Driving School,+19054208641,Driving Schools,"Driving School Pickering, ON",,,https://www.thecbrb.ca/directory/driving-schools/best-businesses-in-canada-2022-all-seasons-driving-school,https://www.thecbrb.ca/directory/driving-schools,no,CBRB directory public listing
All Women Drivers Inc.,+16478215445,Driving Schools,"Driving School Toronto, ON",,,https://www.thecbrb.ca/directory/driving-schools/cbrb-best-businesses-in-canada-2023-all-women-drivers-inc,https://www.thecbrb.ca/directory/driving-schools,no,CBRB directory public listing
Brisa Driving School Inc,+14162452812,Driving Schools,"Driving School Toronto, ON",,,https://www.thecbrb.ca/directory/driving-schools/cbrb-best-businesses-in-canada-2023-brisa-driving-school-inc,https://www.thecbrb.ca/directory/driving-schools,no,CBRB directory public listing
City Driving School ltd,+17809651151,Driving Schools,"Driving School Edmonton, AB",,,https://www.thecbrb.ca/directory/driving-schools/best-businesses-in-canada-2022-city-driving-school-ltd,https://www.thecbrb.ca/directory/driving-schools,no,CBRB directory public listing
Crown Truck Driving Academy,+16472283006,Driving Schools,"Drivers License Training School Brampton, ON",,,https://www.thecbrb.ca/directory/driving-schools/cbrb-best-businesses-in-canada-2022-crown-truck-driving-academy,https://www.thecbrb.ca/directory/driving-schools,no,CBRB directory public listing
DriveTrend Driving School,+18007651821,Driving Schools,"Driving School Vaughan, ON",,,https://www.thecbrb.ca/directory/driving-schools/cbrb-best-businesses-in-canada-2023-drivetrend-driving-school,https://www.thecbrb.ca/directory/driving-schools,no,CBRB directory public listing
Eagle Truck Driving School,+15197966900,Driving Schools,"Driving School Tecumseh, ON",,,https://www.thecbrb.ca/directory/driving-schools/best-businesses-in-canada-2022-eagle-truck-driving-school,https://www.thecbrb.ca/directory/driving-schools,no,CBRB directory public listing
Emmanuel Driving Academy,+16479907787,Driving Schools,"Driving School Toronto, ON",,,https://www.thecbrb.ca/directory/driving-schools/best-businesses-in-canada-2021-emmanuel-driving-academy,https://www.thecbrb.ca/directory/driving-schools,no,CBRB directory public listing
GR8 Drivers,+16472260074,Driving Schools,"Driving School Pickering, ON",,,https://www.thecbrb.ca/directory/driving-schools/cbrb-best-businesses-in-canada-2023-gr8-drivers,https://www.thecbrb.ca/directory/driving-schools,no,CBRB directory public listing
HAMILTON DRIVING SCHOOL INC,+18664372005,Driving Schools,"Driving School Hamilton, ON",,,https://www.thecbrb.ca/directory/driving-schools/best-businesses-in-canada-2022-hamilton-driving-school-inc,https://www.thecbrb.ca/directory/driving-schools,no,CBRB directory public listing
High Grade Truck Driving,+13064419650,Driving Schools,Truck Driver Training School Saskatchewan,,,https://www.thecbrb.ca/directory/driving-schools/cbrb-best-businesses-in-canada-2023-high-grade-truck-driving,https://www.thecbrb.ca/directory/driving-schools,no,CBRB directory public listing
"One 2 One Driving School, Chestermere",+14034020498,Driving Schools,"Driving School Chestermere, AB",,,https://www.thecbrb.ca/directory/driving-schools/best-businesses-in-canada-2021-one-2-one-driving-school-chestermere,https://www.thecbrb.ca/directory/driving-schools,no,CBRB directory public listing
ONS Driving School,+17802382245,Driving Schools,"Driving School Edmonton, AB",,,https://www.thecbrb.ca/directory/driving-schools/best-businesses-in-canada-2021-ons-driving-school,https://www.thecbrb.ca/directory/driving-schools,no,CBRB directory public listing
Professional Driver Training Academy,+18006741786,Driving Schools,"Driving School Mississauga, ON",,,https://www.thecbrb.ca/directory/driving-schools/best-businesses-in-canada-2021-professional-driver-training-academy,https://www.thecbrb.ca/directory/driving-schools,no,CBRB directory public listing
Safetrack Driving School Ltd.,+17802360022,Driving Schools,"Driving School Edmonton, AB",,,https://www.thecbrb.ca/directory/driving-schools/cbrb-best-businesses-in-canada-safetrack-driving-school-ltd,https://www.thecbrb.ca/directory/driving-schools,no,CBRB directory public listing
Shevyboy's Driving School Ltd.,+12047619359,Driving Schools,"Driving School Brandon, MB",,,https://www.thecbrb.ca/directory/driving-schools/best-businesses-in-canada-2021-shevyboys-driving-school-ltd,https://www.thecbrb.ca/directory/driving-schools,no,CBRB directory public listing
Steer'ngo Driving school Ottawa,+16134136699,Driving Schools,"Driving School Ottawa, ON",,,https://www.thecbrb.ca/directory/driving-schools/cbrb-best-businesses-in-canada-steerngo-driving-school,https://www.thecbrb.ca/directory/driving-schools,no,CBRB directory public listing
TD Driving School,+16047674799,Driving Schools,"Driving School Burnaby, BC",,,https://www.thecbrb.ca/directory/driving-schools/best-businesses-in-canada-2021-td-driving-school,https://www.thecbrb.ca/directory/driving-schools,no,CBRB directory public listing
Western Driving Academy,+15196617723,Driving Schools,"Driving School London, ON",,,https://www.thecbrb.ca/directory/driving-schools/best-businesses-in-canada-2021-western-driving-academy,https://www.thecbrb.ca/directory/driving-schools,no,CBRB directory public listing
Disco Mobile P.G. Party,+18196790732,DJ Services,,"Services de DJ Sherbrooke, Québec",,https://www.thecbrb.ca/directory/dj-services/cbrb-best-businesses-in-canada-disco-mobile-p-g-party,https://www.thecbrb.ca/directory/dj-services,yes,CBRB directory public listing
Pez Productions,,DJ Services,,"DJ Services & Photobooths Calgary, Alberta",,https://www.thecbrb.ca/directory/dj-services/cbrb-best-businesses-in-canada-pez-productions,https://www.thecbrb.ca/directory/dj-services,yes,CBRB directory public listing
403-980-2172,,DJ Services,Best DJ Services in Canada,,,https://www.thecbrb.ca/directory/dj-services/cbrb-best-businesses-in-canada-pez-productions,https://www.thecbrb.ca/directory/dj-services,yes,CBRB directory public listing
DJ Vixen,+14165607397,DJ Services,DJ service GTA and Surrounding Areas,,https://www.facebook.com/DJ-Vixen,https://www.thecbrb.ca/directory/dj-services/best-businesses-in-canada-2021-dj-vixen,https://www.thecbrb.ca/directory/dj-services,yes,CBRB directory public listing
JASON'S DJ SERVICE,+19055447903,DJ Services,"DJ service Hamilton, ON",,,https://www.thecbrb.ca/directory/dj-services/best-businesses-in-canada-2021-jasons-dj-service,https://www.thecbrb.ca/directory/dj-services,yes,CBRB directory public listing
Mobile Vibe Productions,+17058901849,DJ Services,,"DJ Services & Photobooths New Tecumseth, Ontario",,https://www.thecbrb.ca/directory/dj-services/cbrb-best-businesses-in-canada-mobile-vibe-productions,https://www.thecbrb.ca/directory/dj-services,yes,CBRB directory public listing
Roadshow Collectibles,+14168939027,E-Commerce Services,,"E-commerce Service Toronto, Ontario",,https://www.thecbrb.ca/directory/e-commerce-services/best-businesses-in-canada-2021-roadshow-collectibles,https://www.thecbrb.ca/directory/e-commerce-services,yes,CBRB directory public listing
David Lopinski Electric LTD.,+19056438800,Electricians,"Electrician Hamilton, ON",,http://dlopinskielectric.com/,https://www.thecbrb.ca/directory/electricians/cbrb-best-businesses-in-canada-david-lopinski-electric-ltd,https://www.thecbrb.ca/directory/electricians,yes,CBRB directory public listing
G.T. Mobile Electric Ltd.,+14167175878,Electricians,"Electrical Contractor Scarborough, ON",,,https://www.thecbrb.ca/directory/electricians/cbrb-best-businesses-in-canada-g-t-mobile-electric-ltd,https://www.thecbrb.ca/directory/electricians,yes,CBRB directory public listing
iElectrik,+15145742228,Electricians,"Electrician Laval, QC",,,https://www.thecbrb.ca/directory/electricians/cbrb-best-businesses-in-canada-ielectrik,https://www.thecbrb.ca/directory/electricians,yes,CBRB directory public listing
Ontario Electrical Group Inc.,+14168996600,Electricians,"Electrician Toronto, ON",,,https://www.thecbrb.ca/directory/electricians/cbrb-best-businesses-in-canada-ontario-electrical-group-inc,https://www.thecbrb.ca/directory/electricians,yes,CBRB directory public listing
SKS Electrical Ltd,+14038698890,Electricians,,"Electrical Contractor Calgary, Alberta",,https://www.thecbrb.ca/directory/electricians/cbrb-best-businesses-in-canada-sks-electrical-ltd,https://www.thecbrb.ca/directory/electricians,yes,CBRB directory public listing
Absolutely Electrical,+12507046808,Electricians,"Electrician Victoria, BC",,,https://www.thecbrb.ca/directory/electricians/best-businesses-in-canada-2021-absolutely-electrical,https://www.thecbrb.ca/directory/electricians,yes,CBRB directory public listing
Brisk Electric Ltd,+16138756216,Electricians,"Electrical Contractor Ottawa, ON",,,https://www.thecbrb.ca/directory/electricians/cbrb-best-businesses-in-canada-2023-brisk-electric-ltd,https://www.thecbrb.ca/directory/electricians,yes,CBRB directory public listing
Crown Electric Ltd.,+19058472804,Electricians,"Electrician Oakville, ON",,,https://www.thecbrb.ca/directory/electricians/cbrb-best-businesses-in-canada-2024-crown-electric-ltd,https://www.thecbrb.ca/directory/electricians,yes,CBRB directory public listing
Cox Electric,+14035630428,Electricians,"Electrician Coleman ,AB",,,https://www.thecbrb.ca/directory/electricians/best-businesses-in-canada-2021-cox-electric,https://www.thecbrb.ca/directory/electricians,yes,CBRB directory public listing
Dion Électrique,+15147783711,Electricians,"Electrician Saint-Philippe, QC",,,https://www.thecbrb.ca/directory/electricians/cbrb-best-businesses-in-canada-2024-dion-électrique,https://www.thecbrb.ca/directory/electricians,yes,CBRB directory public listing
Eclipse Electrical Services LTD,+14168387519,Electricians,"Electrician Mississauga, ON",,,https://www.thecbrb.ca/directory/electricians/best-businesses-in-canada-2021-eclipse-electrical-services-ltd,https://www.thecbrb.ca/directory/electricians,yes,CBRB directory public listing
Evolta Electric,+16139022386,Electricians,"Electrical Contractor Ottawa, ON",,,https://www.thecbrb.ca/directory/electricians/cbrb-best-businesses-in-canada-2022-evolta-electric,https://www.thecbrb.ca/directory/electricians,yes,CBRB directory public listing
Expert Electric Ltd.,+16046818338,Electricians,Electrical Services & Repair Company British Columbia,,https://www.expertelectric.ca/,https://www.thecbrb.ca/directory/electricians/cbrb-best-businesses-in-canada-2023-expert-electric-ltd,https://www.thecbrb.ca/directory/electricians,yes,CBRB directory public listing
Hotwire Power Group,+14165535533,Electricians,"Electrician Richmond Hill, ON",,,https://www.thecbrb.ca/directory/electricians/best-businesses-in-canada-2022-hotwire-power-group,https://www.thecbrb.ca/directory/electricians,yes,CBRB directory public listing
Ivy League Electric Inc.,+19056353919,Electricians,"Electrician Burlington, ON",,,https://www.thecbrb.ca/directory/electricians/best-businesses-in-canada-2021-ivy-league-electric-inc,https://www.thecbrb.ca/directory/electricians,yes,CBRB directory public listing
Jeannot Electric,+13064349112,Electricians,"Electrician Moosomin, SK",,,https://www.thecbrb.ca/directory/electricians/best-businesses-in-canada-2022-jeannot-electric,https://www.thecbrb.ca/directory/electricians,yes,CBRB directory public listing
Klos Concepts Ltd.,+14162747076,Electricians,,"Electrician Toronto, Ontario",,https://www.thecbrb.ca/directory/electricians/best-businesses-in-canada-2021-klos-concepts-ltd,https://www.thecbrb.ca/directory/electricians,yes,CBRB directory public listing
Les entreprises Keb Inc.,+14186557481,Electricians,Electrician Lé,"vis, Quebec",,https://www.thecbrb.ca/directory/electricians/best-businesses-in-canada-2022-les-entreprises-keb-inc,https://www.thecbrb.ca/directory/electricians,yes,CBRB directory public listing
New Age Electrical Services,+19028176243,Electricians,"Electrical Service Halifax, NS",,,https://www.thecbrb.ca/directory/electricians/best-businesses-in-canada-2021-new-age-electrical-services,https://www.thecbrb.ca/directory/electricians,yes,CBRB directory public listing
Master In Electric,+19059512709,Electricians,"Electrician Bolton ,ON",,,https://www.thecbrb.ca/directory/electricians/best-businesses-in-canada-2022-master-in-electric,https://www.thecbrb.ca/directory/electricians,yes,CBRB directory public listing
Mr. Electric of GTA West,+18664324865,Electricians,"Electrician Mississauga ,ON",,,https://www.thecbrb.ca/directory/electricians/best-businesses-in-canada-2021-mr-electric-of-gta-west,https://www.thecbrb.ca/directory/electricians,yes,CBRB directory public listing
Raymond Electrical Solutions Ltd.,+17787102558,Electricians,"Electrical Contractor Maple Ridge, BC",,,https://www.thecbrb.ca/directory/electricians/cbrb-best-businesses-in-canada-2023-raymond-electrical-solutions-ltd,https://www.thecbrb.ca/directory/electricians,yes,CBRB directory public listing
R&H Electric,+16472589557,Electricians,"Electrical Services Mississauga, ON",,,https://www.thecbrb.ca/directory/electricians/cbrb-best-businesses-in-canada-2023-rh-electric,https://www.thecbrb.ca/directory/electricians,yes,CBRB directory public listing
Salco Lighting & Electrical Inc,+14162209983,Electricians,"Electrician Vaughan, ON",,,https://www.thecbrb.ca/directory/electricians/best-businesses-in-canada-2021-salco-lighting-electrical-inc,https://www.thecbrb.ca/directory/electricians,yes,CBRB directory public listing
Metalmark Engraving Services,+17804306355,Engraving Services,,"Engraving Services Edmonton, Alberta",,https://www.thecbrb.ca/directory/engraving-services/cbrb-best-businesses-in-canada-metalmark-engraving-services,https://www.thecbrb.ca/directory/engraving-services,yes,CBRB directory public listing
Adult Temptations,+18673933360,Entertainment Stores,,"Adult Entertainment Store Whitehorse , Yukon",,https://www.thecbrb.ca/directory/entertainment-stores/cbrb-best-businesses-in-canada-2022-adult-temptations,https://www.thecbrb.ca/directory/entertainment-stores,no,CBRB directory public listing
Cupid Boutique Sex Toys Shop Woodstock,+15195377544,Entertainment Stores,,"Pleasure Products Store Woodstock, Ontario",,https://www.thecbrb.ca/directory/entertainment-stores/cbrb-best-businesses-in-canada-2023-cupid-boutique-sex-toys-shop,https://www.thecbrb.ca/directory/entertainment-stores,no,CBRB directory public listing
Unlocked Ottawa,+16135091322,Escape Rooms,"Escape Room Center Ottawa, ON",,,https://www.thecbrb.ca/directory/escape-rooms/cbrb-best-businesses-in-canada-2022-unlocked-ottawa,https://www.thecbrb.ca/directory/escape-rooms,no,CBRB directory public listing
Prestige Woods Equestrian Centre,+16138262222,Equestrian Facilities,"Equestrian Facility Ottawa , ON",,,https://www.thecbrb.ca/directory/equestrians/best-businesses-in-canada-2022-prestige-woods-equestrian-centre,https://www.thecbrb.ca/directory/equestrians,no,CBRB directory public listing
Bassett Events Inc,+14166164660,Event Planners,,"Event Planner Toronto , Ontario",,https://www.thecbrb.ca/directory/event-planners/best-businesses-in-canada-2021-bassett-events-inc,https://www.thecbrb.ca/directory/event-planners,yes,CBRB directory public listing
Creative Mind Box Weddings and Events,+14164718242,Event Planners,,"Event Planner Oakville , Ontario",,https://www.thecbrb.ca/directory/event-planners/cbrb-best-businesses-in-canada-2023-creative-mind-box-weddings-and-events,https://www.thecbrb.ca/directory/event-planners,yes,CBRB directory public listing
Event Shoppe by Alyssa & Co.,+19057609098,Event Planners,"Event Planning,","Design and Rentals Concord, Ontario",,https://www.thecbrb.ca/directory/event-planners/cbrb-best-businesses-in-canada-2023-event-shoppe-by-alyssa-co,https://www.thecbrb.ca/directory/event-planners,yes,CBRB directory public listing
High Style Events,+14035125171,Event Planners,,"Event Planner Calgary, Alberta",,https://www.thecbrb.ca/directory/event-planners/best-businesses-in-canada-2021-high-style-events,https://www.thecbrb.ca/directory/event-planners,yes,CBRB directory public listing
LUX GROUP CORP,+14039300175,Excavation Contractors,,"Maintenance Services/Snow Removal in Calgary, Alberta",,https://www.thecbrb.ca/directory/excavation-contractors/cbrb-best-businesses-in-canada-2024-lux-group-corp,https://www.thecbrb.ca/directory/excavation-contractors,yes,CBRB directory public listing
Rough Rock Contracting,+12502687871,Excavation Contractors,"Excavations Contractor and Rock Specialist Nanoose Bay, BC",,,https://www.thecbrb.ca/directory/excavation-contractors/best-businesses-in-canada-2022-rough-rock-contracting,https://www.thecbrb.ca/directory/excavation-contractors,yes,CBRB directory public listing
The Slime Lab Ltd.,+19058782525,Family Experiences,,"Family Experience Milton, Ontario",,https://www.thecbrb.ca/directory/family-experiences/cbrb-best-businesses-in-canada-2024-the-slime-lab-ltd,https://www.thecbrb.ca/directory/family-experiences,no,CBRB directory public listing
Apparelmark | Fashion Design Services Agency,+17788388409,Fashion Designers,"Fashion Design Consultant Vancouver, BC",,,https://www.thecbrb.ca/directory/fashion-designers/best-businesses-in-canada-2021-apparelmark,https://www.thecbrb.ca/directory/fashion-designers,no,CBRB directory public listing
Senator Bespoke,+12369992999,Fashion Designers,,"Fashion Design Vancouver, British Columbia",,https://www.thecbrb.ca/directory/fashion-designers/best-businesses-in-canada-2021-senator-bespoke,https://www.thecbrb.ca/directory/fashion-designers,no,CBRB directory public listing
Bisti Money Service,+15142843030,Financial Services Providers,,"Foreign Exchange & International Payment Services Montreal, Quebec",,https://www.thecbrb.ca/directory/financial-services-providers/cbrb-best-businesses-in-canada-bisti-money-service,https://www.thecbrb.ca/directory/financial-services-providers,yes,CBRB directory public listing
Capital Direct Lending Corp,+16044301498,Financial Services Providers,,"Investments & Financial Services Vancouver, British Columbia",,https://www.thecbrb.ca/directory/financial-services-providers/cbrb-best-businesses-in-canada-capital-direct-lending-corp,https://www.thecbrb.ca/directory/financial-services-providers,yes,CBRB directory public listing
Credit Club Inc.,+18668251164,Financial Services Providers,,"Direct Online Lender Ottawa, Ontario",,https://www.thecbrb.ca/directory/financial-services-providers/cbrb-best-businesses-in-canada-credit-club-inc,https://www.thecbrb.ca/directory/financial-services-providers,yes,CBRB directory public listing
Experior Financial Group Inc.,+18889090696,Financial Services Providers,,"Financial Services Guelph, Ontario",,https://www.thecbrb.ca/directory/financial-services-providers/cbrb-best-businesses-in-canada-experior-financial-group-inc,https://www.thecbrb.ca/directory/financial-services-providers,yes,CBRB directory public listing
Equis Capital Finance,+19053057804,Financial Services Providers,,"Commercial Finance Firm Markham , Ontario",,https://www.thecbrb.ca/directory/financial-services-providers/cbrb-best-businesses-in-canada-equis-capital-finance,https://www.thecbrb.ca/directory/financial-services-providers,yes,CBRB directory public listing
Flip My Life Inc.,+19057707350,Financial Services Providers,,"Financial Planner Richmond Hill, Ontario",,https://www.thecbrb.ca/directory/financial-services-providers/cbrb-best-businesses-in-canada-flip-my-life-inc,https://www.thecbrb.ca/directory/financial-services-providers,yes,CBRB directory public listing
Groupe Financier Stratège,+14186284500,Financial Services Providers,Firme de Services Financiers Qué,"bec City, Québec",,https://www.thecbrb.ca/directory/financial-services-providers/cbrb-best-businesses-in-canada-groupe-financier-stratège,https://www.thecbrb.ca/directory/financial-services-providers,yes,CBRB directory public listing
Stellar Wealth Group,+18883092309,Financial Services Providers,Financial Planning Firm Canada,,,https://www.thecbrb.ca/directory/financial-services-providers/cbrb-best-businesses-in-canada-stellar-wealth-group,https://www.thecbrb.ca/directory/financial-services-providers,yes,CBRB directory public listing
Usolve Financial,+19054532274,Financial Services Providers,,"Loan Agency Brampton, Ontario",,https://www.thecbrb.ca/directory/financial-services-providers/cbrb-best-businesses-in-canada-usolve-financial,https://www.thecbrb.ca/directory/financial-services-providers,yes,CBRB directory public listing
Wealth & Estate Financial Canada Inc.,+19052329332,Financial Services Providers,,"Financial Planning Firm Mississauga, Ontario",,https://www.thecbrb.ca/directory/financial-services-providers/cbrb-best-businesses-in-canada-wealth-estate-financial-canada-inc,https://www.thecbrb.ca/directory/financial-services-providers,yes,CBRB directory public listing
123 Tax Pro,+14167630037,Financial Services Providers,"Tax Preparation,","Bookkeeping and Accounting North York, Ontario",,https://www.thecbrb.ca/directory/financial-services-providers/cbrb-best-businesses-in-canada-123-tax-pro,https://www.thecbrb.ca/directory/financial-services-providers,yes,CBRB directory public listing
A. Fisher & Associates,+14168420040,Financial Services Providers,,"Financial Institution Toronto, Ontario",,https://www.thecbrb.ca/directory/financial-services-providers/cbrb-best-businesses-in-canada-2023-a-fisher-associates,https://www.thecbrb.ca/directory/financial-services-providers,yes,CBRB directory public listing
Advantage Financial Services,+14033819195,Financial Services Providers,,"Financial Services/Portfolio Management Lethbridge, Alberta",,https://www.thecbrb.ca/directory/financial-services-providers/cbrb-best-businesses-in-canada-2023-advantage-financial-services,https://www.thecbrb.ca/directory/financial-services-providers,yes,CBRB directory public listing
Affordable Accounting Solutions,+14035613697,Financial Services Providers,,"Tax preparation service Calgary, Alberta",http://gettaxes.ca/,https://www.thecbrb.ca/directory/financial-services-providers/best-businesses-in-canada-2021-affordable-accounting-solutions,https://www.thecbrb.ca/directory/financial-services-providers,yes,CBRB directory public listing
AvoidProbate.ca,+18446677628,Financial Services Providers,,"Estate planning attorney East Gwillimbury, Ontario",,https://www.thecbrb.ca/directory/financial-services-providers/best-businesses-in-canada-2021-avoidprobate-ca,https://www.thecbrb.ca/directory/financial-services-providers,yes,CBRB directory public listing
Better Financial,+15194381889,Financial Services Providers,,"Financial consultant London, Ontario",,https://www.thecbrb.ca/directory/financial-services-providers/best-businesses-in-canada-2021-better-financial,https://www.thecbrb.ca/directory/financial-services-providers,yes,CBRB directory public listing
Blue Umbrella Financial Services,+16472774433,Financial Services Providers,,"Life insurance agency Toronto, Ontario",,https://www.thecbrb.ca/directory/financial-services-providers/best-businesses-in-canada-2022-blue-umbrella-financial-services,https://www.thecbrb.ca/directory/financial-services-providers,yes,CBRB directory public listing
Bookkeeping Bizz,+16478660733,Financial Services Providers,,"Accounting firm Toronto, Ontario",http://www.bookkeepingbizz.com/,https://www.thecbrb.ca/directory/financial-services-providers/best-businesses-in-canada-2021-bookkeeping-bizz,https://www.thecbrb.ca/directory/financial-services-providers,yes,CBRB directory public listing
Book Nerds Bookkeeping & Business Solutions,+17803800085,Financial Services Providers,,"Bookkeeping and Office Solutions Grande Prairie, Alberta",,https://www.thecbrb.ca/directory/financial-services-providers/best-businesses-in-canada-2022-book-nerds-bookkeeping-business-solutions,https://www.thecbrb.ca/directory/financial-services-providers,yes,CBRB directory public listing
CG Accounting & Bookkeeping Inc,+12893891749,Financial Services Providers,,"Bookkeeping service Hamilton, Ontario",,https://www.thecbrb.ca/directory/financial-services-providers/best-businesses-in-canada-2022-cg-accounting-bookkeeping-inc,https://www.thecbrb.ca/directory/financial-services-providers,yes,CBRB directory public listing
CIK Capital Corp,+19055985626,Financial Services Providers,,"Financial I nstitution Toronto, Ontario",,https://www.thecbrb.ca/directory/financial-services-providers/cbrb-best-businesses-in-canada-cik-capital-corp,https://www.thecbrb.ca/directory/financial-services-providers,yes,CBRB directory public listing
Financial Services - Serguei Totrov,+14162220533,Financial Services Providers,"Mortgage, Insurance, Investment, RRSP,","RESP Services Toronto, Ontario",,https://www.thecbrb.ca/directory/financial-services-providers/cbrb-best-businesses-in-canada-2024-financial-services-serguei-totrov,https://www.thecbrb.ca/directory/financial-services-providers,yes,CBRB directory public listing
Ghion Tax and Accounting,+16047154659,Financial Services Providers,,"Tax preparation Surrey, British Columbia",https://www.ghionaccounting.com/,https://www.thecbrb.ca/directory/financial-services-providers/best-businesses-in-canada-2022-ghion-tax-and-accounting,https://www.thecbrb.ca/directory/financial-services-providers,yes,CBRB directory public listing
iCapital Financial Services,+14162517070,Financial Services Providers,,"Loan agency Toronto, Ontario",,https://www.thecbrb.ca/directory/financial-services-providers/best-businesses-in-canada-2021-icapital-financial-services,https://www.thecbrb.ca/directory/financial-services-providers,yes,CBRB directory public listing
iFinance Canada \ Medicard by iFinance,+18886899876,Financial Services Providers,,"Finance Company Toronto, Ontario",https://ifinancecanada.com/,https://www.thecbrb.ca/directory/financial-services-providers/cbrb-best-businesses-in-canada-2024-ifinance-canada-medicard-by-ifinance,https://www.thecbrb.ca/directory/financial-services-providers,yes,CBRB directory public listing
Keeping the Books Inc.,+12898387481,Financial Services Providers,,"Bookkeeping Service Cambridge, Ontario",,https://www.thecbrb.ca/directory/financial-services-providers/best-businesses-in-canada-2022-keeping-the-books-inc,https://www.thecbrb.ca/directory/financial-services-providers,yes,CBRB directory public listing
Kalos LLP I Transactions Diligence Advisory,+14034540807,Financial Services Providers,,"Chartered Professional Accountants Calgary, Alberta",,https://www.thecbrb.ca/directory/financial-services-providers/best-businesses-in-canada-2021-kalos-llp-i-transactions-diligence-advisor,https://www.thecbrb.ca/directory/financial-services-providers,yes,CBRB directory public listing
K.K. CPA - Chartered Professional Accountant,+19056671727,Financial Services Providers,,"Certified Public Accountant Hamilton, Ontario",,https://www.thecbrb.ca/directory/financial-services-providers/cbrb-best-businesses-in-canada-2023-k-k-cpa,https://www.thecbrb.ca/directory/financial-services-providers,yes,CBRB directory public listing
KNN Financial Corporation,+14164943334,Financial Services Providers,,"Financial Firm Toronto, Ontario",,https://www.thecbrb.ca/directory/financial-services-providers/cbrb-best-businesses-in-canada-2023-knn-financial-corporation,https://www.thecbrb.ca/directory/financial-services-providers,yes,CBRB directory public listing
LaBrie Professional Services,+17804694402,Financial Services Providers,,"Bookkeeping service Edmonton, Alberta",,https://www.thecbrb.ca/directory/financial-services-providers/best-businesses-in-canada-2022-labrie-professional-services,https://www.thecbrb.ca/directory/financial-services-providers,yes,CBRB directory public listing
Magic Accounting & Tax Services,+16478474909,Financial Services Providers,,"Accounting firm Richmond Hill, Ontario",,https://www.thecbrb.ca/directory/financial-services-providers/best-businesses-in-canada-2021-magic-accounting-tax-services,https://www.thecbrb.ca/directory/financial-services-providers,yes,CBRB directory public listing
Mandy's Accounting & Income Tax,+12505543415,Financial Services Providers,,"Accounting and Personal Income Tax Preparation Kamloops, British Columbia",,https://www.thecbrb.ca/directory/financial-services-providers/cbrb-best-businesses-in-canada-mandys-accounting-income-tax,https://www.thecbrb.ca/directory/financial-services-providers,yes,CBRB directory public listing
MNM Bookkeeping Services Inc,+19052380779,Financial Services Providers,,"Bookkeeping service Mississauga, Ontario",,https://www.thecbrb.ca/directory/financial-services-providers/best-businesses-in-canada-2021-mnm-bookkeeping-services-inc,https://www.thecbrb.ca/directory/financial-services-providers,yes,CBRB directory public listing
MPCPA Professional Corporation,+19052461267,Financial Services Providers,,"Accounting Firm Brampton, Ontario",,https://www.thecbrb.ca/directory/financial-services-providers/cbrb-best-businesses-in-canada-2024-mpcpa-professional-corporation,https://www.thecbrb.ca/directory/financial-services-providers,yes,CBRB directory public listing
Noah Belcher - iA Private Wealth,+16045350547,Financial Services Providers,,"Financial Consultant Surrey, British Columbia",,https://www.thecbrb.ca/directory/financial-services-providers/cbrb-best-businesses-in-canada-2023-noah-belcher-ia-private-wealth,https://www.thecbrb.ca/directory/financial-services-providers,yes,CBRB directory public listing
Northlake Financial,+18886525320,Financial Services Providers,,"Financial Institution Barrie , Ontario",,https://www.thecbrb.ca/directory/financial-services-providers/cbrb-best-businesses-in-canada-2023-northlake-financial,https://www.thecbrb.ca/directory/financial-services-providers,yes,CBRB directory public listing
NXT Accounting & Tax Services,+17807501190,Financial Services Providers,,"Accounting Firm Fort McMurray, Alberta",,https://www.thecbrb.ca/directory/financial-services-providers/cbrb-best-businesses-in-canada-2023-nxt-accounting-tax-services,https://www.thecbrb.ca/directory/financial-services-providers,yes,CBRB directory public listing
Onpoint Financial Tutors,+14373411177,Financial Services Providers,,"Financial License Coaching Vaughan, Ontario",https://opft.ca/,https://www.thecbrb.ca/directory/financial-services-providers/cbrb-best-businesses-in-canada-2022-onpoint-financial-tutors,https://www.thecbrb.ca/directory/financial-services-providers,yes,CBRB directory public listing
Outline Unicorn,+16138547844,Financial Services Providers,,"Bookkeeping Service Ottawa, Ontario",,https://www.thecbrb.ca/directory/financial-services-providers/cbrb-best-businesses-in-canada-2024-outline-unicorn,https://www.thecbrb.ca/directory/financial-services-providers,yes,CBRB directory public listing
Patncat Co Inc.,+19055318102,Financial Services Providers,,"Bookkeeping Service Hamilton, Ontario",,https://www.thecbrb.ca/directory/financial-services-providers/cbrb-best-businesses-in-canada-2023-patncat-co-inc,https://www.thecbrb.ca/directory/financial-services-providers,yes,CBRB directory public listing
QUEEN FINANCIAL GROUP INC.,+14168480288,Financial Services Providers,,"Financial Planner Markham, Ontario",,https://www.thecbrb.ca/directory/financial-services-providers/cbrb-best-businesses-in-canada-2022-queen-financial-group-inc,https://www.thecbrb.ca/directory/financial-services-providers,yes,CBRB directory public listing
Rubach Wealth,+16478087700,Financial Services Providers,,"Financial Planner Toronto, Ontario",,https://www.thecbrb.ca/directory/financial-services-providers/cbrb-best-businesses-in-canada-2022-rubach-wealth,https://www.thecbrb.ca/directory/financial-services-providers,yes,CBRB directory public listing
Solid Financial Solutions Inc,+14035051882,Financial Services Providers,,"Financial Consultant Red Deer, Alberta",https://solidfinancialsolutions.ca/,https://www.thecbrb.ca/directory/financial-services-providers/cbrb-best-businesses-in-canada-2022-solid-financial-solutions-inc,https://www.thecbrb.ca/directory/financial-services-providers,yes,CBRB directory public listing
ST Accounting CPA Professional Corp,+16479270672,Financial Services Providers,,"Accountant Aurora, Ontario",,https://www.thecbrb.ca/directory/financial-services-providers/best-businesses-in-canada-2023-financial-services-st-accounting-cpa-pro,https://www.thecbrb.ca/directory/financial-services-providers,yes,CBRB directory public listing
Sun Life Financial- Serena Rohrer,+14036000300,Financial Services Providers,,"Life Insurance Agency & Mutual Fund Advisor Red Deer, Alberta",,https://www.thecbrb.ca/directory/financial-services-providers/best-businesses-in-canada-2021-sun-life-financial-serena-rohrer,https://www.thecbrb.ca/directory/financial-services-providers,yes,CBRB directory public listing
Tax Eagles,+16478774546,Financial Services Providers,Tax Preparation Service Ontario,,,https://www.thecbrb.ca/directory/financial-services-providers/cbrb-best-businesses-in-canada-2023-tax-eagles,https://www.thecbrb.ca/directory/financial-services-providers,yes,CBRB directory public listing
Tax Partners,+19058368755,Financial Services Providers,,"Tax Preparation Service Newmarket, Ontario",,https://www.thecbrb.ca/directory/financial-services-providers/best-businesses-in-canada-2021-tax-partners,https://www.thecbrb.ca/directory/financial-services-providers,yes,CBRB directory public listing
Taxsmart,+15196016401,Financial Services Providers,,"Tax Preparation Service London, Ontario",,https://www.thecbrb.ca/directory/financial-services-providers/cbrb-best-businesses-in-canada-2022-taxsmart,https://www.thecbrb.ca/directory/financial-services-providers,yes,CBRB directory public listing
Volpe Financial Solutions,+14167021017,Financial Services Providers,,"Financial Advisor Oakville, Ontario",,https://www.thecbrb.ca/directory/financial-services-providers/best-businesses-in-canada-2021-volpe-financial-solutions,https://www.thecbrb.ca/directory/financial-services-providers,yes,CBRB directory public listing
Warkentin Group Private Wealth Management,+12044142479,Financial Services Providers,,"Financial Planner Winnipeg, Manitoba",,https://www.thecbrb.ca/directory/financial-services-providers/best-businesses-in-canada-2021-warkentin-group-private-wealth-management,https://www.thecbrb.ca/directory/financial-services-providers,yes,CBRB directory public listing
Zuleta Associates Inc,+15196500559,Financial Services Providers,,"Financial and Business Services Cambridge, Ontario",,https://www.thecbrb.ca/directory/financial-services-providers/cbrb-best-businesses-in-canada-2023-zuleta-associates-inc,https://www.thecbrb.ca/directory/financial-services-providers,yes,CBRB directory public listing
Agence d'Empreintes Électroniques,+15143527774,Fingerprinting Services,,"Fingerprinting service Montreal, Quebec",,https://www.thecbrb.ca/directory/fingerprinting-services/best-businesses-in-canada-2021-agence-dempreintes-électroniques-digital,https://www.thecbrb.ca/directory/fingerprinting-services,yes,CBRB directory public listing
PDQ Notary & Process Services Inc.,+17805051187,Fingerprinting Services,,"Notary and Fingerprinting Services Grande Prairie, Alberta",,https://www.thecbrb.ca/directory/fingerprinting-services/cbrb-best-businesses-in-canada-2024-pdq-notary-process-services-inc,https://www.thecbrb.ca/directory/fingerprinting-services,yes,CBRB directory public listing
Animatrik Film Design,+16042912200,Film/TV Studios,,"Film Production Company Burnaby, British Columbia",,https://www.thecbrb.ca/directory/television-and-radio-broadcast-and-production-services/cbrb-best-businesses-in-canada-2022-animatrik-film-design,https://www.thecbrb.ca/directory/television-and-radio-broadcast-and-production-services,no,CBRB directory public listing
Flame Sensations Fireplaces,+13655002158,Fireplace Stores,,"Fireplace Store Aurora, Ontario",,https://www.thecbrb.ca/directory/fireplace-stores/cbrb-best-businesses-in-canada-flame-sensations-fireplaces,https://www.thecbrb.ca/directory/fireplace-stores,no,CBRB directory public listing
Vintage Stove & Fireplace Ltd.,+19028434490,Fireplace Stores,,"Fireplace Store Brookfield, Nova Scotia",,https://www.thecbrb.ca/directory/fireplace-stores/cbrb-best-businesses-in-canada-2024-vintage-stove-fireplace-ltd,https://www.thecbrb.ca/directory/fireplace-stores,no,CBRB directory public listing
Van Zelst's Flea Market,+15193501745,Flea Markets,,"Flea Market Chatham, Ontario",,https://www.thecbrb.ca/directory/flea-markets/cbrb-best-businesses-in-canada-2024-van-zelsts-flea-market,https://www.thecbrb.ca/directory/flea-markets,no,CBRB directory public listing
Flowers in West Hill Inc.,+14162824579,Florist/Plant Nurseries,,"Florist Toronto, Ontario",http://www.flowersinwesthill.com/,https://www.thecbrb.ca/directory/floristplant-nurseries/cbrb-best-businesses-in-canada-flowers-in-west-hill-inc,https://www.thecbrb.ca/directory/floristplant-nurseries,no,CBRB directory public listing
Les Serres Robert Plante Greenhouses,+16138359266,Florist/Plant Nurseries,,"Garden Centre Ottawa, Ontario",,https://www.thecbrb.ca/directory/floristplant-nurseries/cbrb-best-businesses-in-canada-les-serres-robert-plante-greenhouses,https://www.thecbrb.ca/directory/floristplant-nurseries,no,CBRB directory public listing
Select Blooms Floral Boutique,,Florist/Plant Nurseries,,"Florist Orleans , Ontario",,https://www.thecbrb.ca/directory/floristplant-nurseries/cbrb-best-businesses-in-canada-select-blooms-floral-boutique,https://www.thecbrb.ca/directory/floristplant-nurseries,no,CBRB directory public listing
(613) 837-9966,,Florist/Plant Nurseries,,,,https://www.thecbrb.ca/directory/floristplant-nurseries/cbrb-best-businesses-in-canada-select-blooms-floral-boutique,https://www.thecbrb.ca/directory/floristplant-nurseries,no,CBRB directory public listing
VineTech Canada Inc.,+19059844324,Florist/Plant Nurseries,,"Grapevine Nursery Niagara-on-the-Lake, Ontario",,https://www.thecbrb.ca/directory/floristplant-nurseries/cbrb-best-businesses-in-canada-vinetech-canada-inc,https://www.thecbrb.ca/directory/floristplant-nurseries,no,CBRB directory public listing
FINE FLORAL DESIGNS,+12503858411,Florist/Plant Nurseries,,"Florist Victoria, British Columbia",,https://www.thecbrb.ca/directory/floristplant-nurseries/best-businesses-in-canada-2022-fine-floral-designs,https://www.thecbrb.ca/directory/floristplant-nurseries,no,CBRB directory public listing
Fleurs D'epargne,+16047295729,Florist/Plant Nurseries,,"Florist Burnaby, British Columbia",,https://www.thecbrb.ca/directory/floristplant-nurseries/best-businesses-in-canada-2022-fleurs-depargne,https://www.thecbrb.ca/directory/floristplant-nurseries,no,CBRB directory public listing
Florals by Bushra,+14377713919,Florist/Plant Nurseries,,"Florist Mississauga, Ontario",,https://www.thecbrb.ca/directory/floristplant-nurseries/best-businesses-in-canada-2022-florals-by-bushra,https://www.thecbrb.ca/directory/floristplant-nurseries,no,CBRB directory public listing
Flower Creations,+14163642395,Florist/Plant Nurseries,,"Florist Toronto, Ontario",,https://www.thecbrb.ca/directory/floristplant-nurseries/best-businesses-in-canada-2021-flower-creations,https://www.thecbrb.ca/directory/floristplant-nurseries,no,CBRB directory public listing
Foster’s Floral Studio,+19027074213,Florist/Plant Nurseries,,"Full Service Retail Florist Eastern Passage, Nova Scotia",,https://www.thecbrb.ca/directory/floristplant-nurseries/cbrb-best-businesses-in-canada-2023-fosters-floral-studio,https://www.thecbrb.ca/directory/floristplant-nurseries,no,CBRB directory public listing
Kemptville Flower Shop and Garden Centre,+16132587454,Florist/Plant Nurseries,,"Florist Kemptville, Ontario",,https://www.thecbrb.ca/directory/floristplant-nurseries/best-businesses-in-canada-2022-kemptville-flower-shop-and-garden-centre,https://www.thecbrb.ca/directory/floristplant-nurseries,no,CBRB directory public listing
Ottawa Flowers,+16137375555,Florist/Plant Nurseries,,"Florist Ottawa , Ontario",,https://www.thecbrb.ca/directory/floristplant-nurseries/best-businesses-in-canada-2021-ottawa-flowers,https://www.thecbrb.ca/directory/floristplant-nurseries,no,CBRB directory public listing
Parkside Gardens Greenhouse & Landscaping,+12049672135,Florist/Plant Nurseries,,"Greenhouse Riding Mountain, Manitoba",,https://www.thecbrb.ca/directory/floristplant-nurseries/best-businesses-in-canada-2022-parkside-gardens-greenhouse-landscaping,https://www.thecbrb.ca/directory/floristplant-nurseries,no,CBRB directory public listing
Roots and Shoots,+15879834749,Florist/Plant Nurseries,,"Plant nursery Sherwood Park, Alberta",,https://www.thecbrb.ca/directory/floristplant-nurseries/best-businesses-in-canada-2021-roots-and-shoots,https://www.thecbrb.ca/directory/floristplant-nurseries,no,CBRB directory public listing
Rose Prick,+14167849888,Florist/Plant Nurseries,,"Florist North York , Ontario",https://roseprick.ca/pages/contact-us,https://www.thecbrb.ca/directory/floristplant-nurseries/best-businesses-in-canada-2021-rose-prick,https://www.thecbrb.ca/directory/floristplant-nurseries,no,CBRB directory public listing
"Acropolis Organics, Olive Oils & Vinegars",+14164295111,Food Manufacturers/Markets,"Olive oil manufacturer Toronto, ON",,,https://www.thecbrb.ca/directory/food-manufacturersmarkets/best-businesses-in-canada-2021-acropolis-organics-olive-oils-vinegars,https://www.thecbrb.ca/directory/food-manufacturersmarkets,no,CBRB directory public listing
Simply Health,+17803918773,Food Manufacturers/Markets,"Health food store Edmonton, AB",,,https://www.thecbrb.ca/directory/food-manufacturersmarkets/best-businesses-in-canada-2022-simply-health,https://www.thecbrb.ca/directory/food-manufacturersmarkets,no,CBRB directory public listing
Sinco Food Equipment,+15192088884,Food Manufacturers/Markets,"Restaurant Supply Store Waterloo, ON",,,https://www.thecbrb.ca/directory/food-manufacturersmarkets/best-businesses-in-canada-2022-sinco-food-equipment,https://www.thecbrb.ca/directory/food-manufacturersmarkets,no,CBRB directory public listing
Global Golden Gate Corp.,+19057388383,Freight & Logistics Services,,"Global Freight Forwarding and Logistics Service Vaughan, Ontario",,https://www.thecbrb.ca/directory/freight-logistics-services/cbrb-best-businesses-in-canada-global-golden-gate-corp,https://www.thecbrb.ca/directory/freight-logistics-services,yes,CBRB directory public listing
SPARX Logistics Canada Limited,+19057608001,Freight & Logistics Services,,"Logistics Servic es Vaughan, Ontario",,https://www.thecbrb.ca/directory/freight-logistics-services/cbrb-best-businesses-in-canada-sparx-logistics-canada-limited,https://www.thecbrb.ca/directory/freight-logistics-services,yes,CBRB directory public listing
Sprinter Emergency Transport Inc.,+19059709229,Freight & Logistics Services,,"Expedite and Air Delivery Service Mississauga, Ontario",,https://www.thecbrb.ca/directory/freight-logistics-services/cbrb-best-businesses-in-canada-sprinter-emergency-transport-inc,https://www.thecbrb.ca/directory/freight-logistics-services,yes,CBRB directory public listing
VelocityEX Limited,+16475548359,Freight & Logistics Services,,"Pharmaceutical Transportation Solutions Burlington, Ontario",,https://www.thecbrb.ca/directory/freight-logistics-services/cbrb-best-businesses-in-canada-velocityex-limited,https://www.thecbrb.ca/directory/freight-logistics-services,yes,CBRB directory public listing
911 logistics ltd,+17786000911,Freight & Logistics Services,,"Logistics service Surrey, British Columbia",,https://www.thecbrb.ca/directory/freight-logistics-services/best-businesses-in-canada-2021-911-logistics-ltd,https://www.thecbrb.ca/directory/freight-logistics-services,yes,CBRB directory public listing
Ace Final Mile,+16472712761,Freight & Logistics Services,,"Parcel Delivery and Logistics Services London, Ontario",,https://www.thecbrb.ca/directory/freight-logistics-services/cbrb-best-businesses-in-canada-ace-final-mile,https://www.thecbrb.ca/directory/freight-logistics-services,yes,CBRB directory public listing
ACUMEN LOGISTICS LTD,+16045032912,Freight & Logistics Services,,"Logistics service Surrey, British Columbia",,https://www.thecbrb.ca/directory/freight-logistics-services/best-businesses-in-canada-2022-acumen-logistics-ltd,https://www.thecbrb.ca/directory/freight-logistics-services,yes,CBRB directory public listing
A G Logistics/www.roro.ca,+18194245141,Freight & Logistics Services,Logistics Service Québec,,,https://www.thecbrb.ca/directory/freight-logistics-services/cbrb-best-businesses-in-canada-2023-a-g-logisticswww-roro-ca,https://www.thecbrb.ca/directory/freight-logistics-services,yes,CBRB directory public listing
Antares Marine Consultants Inc.,+15142419944,Freight & Logistics Services,"Marine & Cargo Surveyors, Ship Inspection, Safety,","Security and MLC Audit Brossard, Quebec",,https://www.thecbrb.ca/directory/freight-logistics-services/best-businesses-in-canada-2022-antares-marine-consultants-inc,https://www.thecbrb.ca/directory/freight-logistics-services,yes,CBRB directory public listing
CANCS (Canada Courier Systems),+16476174500,Freight & Logistics Services,"Dedicated Courier,","Freight & Logistics Services Toronto, Ontario",https://cancs.ca/,https://www.thecbrb.ca/directory/freight-logistics-services/best-businesses-in-canada-2021-cancs-canada-courier-systems,https://www.thecbrb.ca/directory/freight-logistics-services,yes,CBRB directory public listing
CVC Sling Shot Transportation Inc.,+16045159462,Freight & Logistics Services,,"Trucking Company Delta, British Columbia",,https://www.thecbrb.ca/directory/freight-logistics-services/cbrb-best-businesses-in-canada-2024-cvc-sling-shot-transportation-inc,https://www.thecbrb.ca/directory/freight-logistics-services,yes,CBRB directory public listing
Elite Logix Inc.,+19053330400,Freight & Logistics Services,,"Logistics service Burlington, Ontario",,https://www.thecbrb.ca/directory/freight-logistics-services/best-businesses-in-canada-2021-elite-logix-inc,https://www.thecbrb.ca/directory/freight-logistics-services,yes,CBRB directory public listing
Fortuna Transport,+14502334177,Freight & Logistics Services,,"Transportation Service Laval, Quebec",,https://www.thecbrb.ca/directory/freight-logistics-services/best-businesses-in-canada-2022-fortuna-transport,https://www.thecbrb.ca/directory/freight-logistics-services,yes,CBRB directory public listing
Loneridge Services Ltd.,+13062298490,Freight & Logistics Services,,"Trucking Company Saskatoon, Saskatchewan",,https://www.thecbrb.ca/directory/freight-logistics-services/cbrb-best-businesses-in-canada-2023-loneridge-services-ltd,https://www.thecbrb.ca/directory/freight-logistics-services,yes,CBRB directory public listing
National Transport,+15146335444,Freight & Logistics Services,,"Transportation Services Dorval, Quebec",https://www.nationaltrans.ca/index.php,https://www.thecbrb.ca/directory/freight-logistics-services/cbrb-best-businesses-in-canada-2024-national-transport,https://www.thecbrb.ca/directory/freight-logistics-services,yes,CBRB directory public listing
Phantom Logistics,+19024030112,Freight & Logistics Services,,"Logistics and Transportation Halifax, Nova Scotia",,https://www.thecbrb.ca/directory/freight-logistics-services/cbrb-best-businesses-in-canada-2024-phantom-logistics,https://www.thecbrb.ca/directory/freight-logistics-services,yes,CBRB directory public listing
Reliance Logistics Group Inc.,+14165485626,Freight & Logistics Services,,"Logistics service Richmond Hill, Ontario",,https://www.thecbrb.ca/directory/freight-logistics-services/best-businesses-in-canada-2021-reliance-logistics-group-inc,https://www.thecbrb.ca/directory/freight-logistics-services,yes,CBRB directory public listing
The Shipping Shop,+18888607447,Freight & Logistics Services,"Logistics Service Woodstock, ON",,https://theshippingshop.ca/,https://www.thecbrb.ca/directory/freight-logistics-services/cbrb-best-businesses-in-canada-2024-the-shipping-shop,https://www.thecbrb.ca/directory/freight-logistics-services,yes,CBRB directory public listing
Virdi Trucking,+19056720071,Freight & Logistics Services,,"Trucking Company Mississauga, Ontario",,https://www.thecbrb.ca/directory/freight-logistics-services/cbrb-best-businesses-in-canada-2023-virdi-trucking,https://www.thecbrb.ca/directory/freight-logistics-services,yes,CBRB directory public listing
Everlasting Memorials,+12043344721,Funeral Homes,,"Monument maker West Saint Paul, Manitoba",,https://www.thecbrb.ca/directory/funeral-homes/best-businesses-in-canada-2021-everlasting-memorials,https://www.thecbrb.ca/directory/funeral-homes,yes,CBRB directory public listing
Prince George Funeral Service (2008) Ltd,+12505643880,Funeral Homes,,"Funeral Home Prince George, British Columbia",,https://www.thecbrb.ca/directory/funeral-homes/best-businesses-in-canada-2021-prince-george-funeral-service-2008-ltd,https://www.thecbrb.ca/directory/funeral-homes,yes,CBRB directory public listing
Voyage Funeral Home and Crematorium,+12046683151,Funeral Homes,,"Funeral Home Winnipeg, Manitoba",https://voyagefuneralhomes.com/,https://www.thecbrb.ca/directory/funeral-homes/cbrb-best-businesses-in-canada-2024-voyage-funeral-home,https://www.thecbrb.ca/directory/funeral-homes,yes,CBRB directory public listing
L Furniture,+17787532443,Furniture Repair Shops & Stores,,"Furniture Store Kelowna, British Columbia",,https://www.thecbrb.ca/directory/furniture-repair-shops-stores/cbrb-best-businesses-in-canada-l-furniture,https://www.thecbrb.ca/directory/furniture-repair-shops-stores,no,CBRB directory public listing
FURNITURE FLIPS BY LEX,+12044708139,Furniture Repair Shops & Stores,"Furniture repair shop Winnipeg, MB",,,https://www.thecbrb.ca/directory/furniture-repair-shops-stores/best-businesses-in-canada-2021-furniture-flips-by-lex,https://www.thecbrb.ca/directory/furniture-repair-shops-stores,no,CBRB directory public listing
Harms Kitchen Design,+12043810070,Furniture Repair Shops & Stores,"Furniture Store Winnipeg, MB",,,https://www.thecbrb.ca/directory/furniture-repair-shops-stores/best-businesses-in-canada-2021-harms-kitchen-design,https://www.thecbrb.ca/directory/furniture-repair-shops-stores,no,CBRB directory public listing
J.Daniels Home Furnishings,+14165199927,Furniture Repair Shops & Stores,,"Furniture Store Toronto, Ontario",,https://www.thecbrb.ca/directory/furniture-repair-shops-stores/best-businesses-in-canada-2021-j-daniels-home-furnishings,https://www.thecbrb.ca/directory/furniture-repair-shops-stores,no,CBRB directory public listing
Maple Leaf Appliance Repair,+16042605566,Furniture Repair Shops & Stores,"Appliance repair service Vancouver, BC",,http://mlappliancerepair.ca/,https://www.thecbrb.ca/directory/furniture-repair-shops-stores/best-businesses-in-canada-2021-maple-leaf-appliance-repair,https://www.thecbrb.ca/directory/furniture-repair-shops-stores,no,CBRB directory public listing
Polanco Furniture,+16137618690,Furniture Repair Shops & Stores,"Furniture Store Ottawa, ON",,,https://www.thecbrb.ca/directory/furniture-repair-shops-stores/best-businesses-in-canada-2022-polanco-furniture,https://www.thecbrb.ca/directory/furniture-repair-shops-stores,no,CBRB directory public listing
SélectroTech,+14384033583,Furniture Repair Shops & Stores,,"Appliance Repair Service McMasterville, Quebec",,https://www.thecbrb.ca/directory/furniture-repair-shops-stores/best-businesses-in-canada-2022-sélectrotech,https://www.thecbrb.ca/directory/furniture-repair-shops-stores,no,CBRB directory public listing
Active Games Now,+19058476017,Game & Entertainment Centres,,"Laser Tag Center Mississauga, Ontario",,https://www.thecbrb.ca/directory/game-entertainment-centres/cbrb-best-businesses-in-canada-active-games-now,https://www.thecbrb.ca/directory/game-entertainment-centres,no,CBRB directory public listing
Dutch Growers Home & Garden,+13067214769,Garden Centers,,"Garden Centre & Fashion Boutique Regina, Saskatchewan",,https://www.thecbrb.ca/directory/garden-centers/cbrb-best-businesses-in-canada-dutch-growers-home-garden,https://www.thecbrb.ca/directory/garden-centers,no,CBRB directory public listing
Blesket Canada,+19055985899,Gift Shops,,"Gift Shop Brampton, Ontario",,https://www.thecbrb.ca/directory/gift-shops/best-businesses-in-canada-2022-blesket-canada,https://www.thecbrb.ca/directory/gift-shops,no,CBRB directory public listing
Brassy Lassy Inc.,+17092375277,Gift Shops,,"Gift Shop St. John's, Newfoundland and Labrador",,https://www.thecbrb.ca/directory/gift-shops/best-businesses-in-canada-2021-brassy-lassy-inc,https://www.thecbrb.ca/directory/gift-shops,no,CBRB directory public listing
Cougar Creek Golf Resort,+17808924545,Golf Courses,,"Golf Course Carvel, Alberta",,https://www.thecbrb.ca/directory/golf-courses/cbrb-best-businesses-in-canada-2023-cougar-creek-golf-resort,https://www.thecbrb.ca/directory/golf-courses,no,CBRB directory public listing
Rivershore Estate & Golf Links,+12505734622,Golf Courses,"Golf Course,","Pro Shop and Restaurant Kamloops, British Columbia",,https://www.thecbrb.ca/directory/golf-courses/cbrb-best-businesses-in-canada-2023-rivershore-estate-golf-links,https://www.thecbrb.ca/directory/golf-courses,no,CBRB directory public listing
The Club House,+12262135160,Golf Courses,,"Indoor Golf Course London , Ontario",,https://www.thecbrb.ca/directory/golf-courses/cbrb-best-businesses-in-canada-2022-the-club-house,https://www.thecbrb.ca/directory/golf-courses,no,CBRB directory public listing
Toronto Golf Lessons,+14163979850,Golf Instructors,,"Golf instructor Toronto, Ontario",,https://www.thecbrb.ca/directory/golf-instructors/best-businesses-in-canada-2021-toronto-golf-lessons,https://www.thecbrb.ca/directory/golf-instructors,yes,CBRB directory public listing
North Pro Sports,+13062491991,Gun Shops/Shooting Ranges,,"Gun Shops Saskatoon, Saskatchewan",,https://www.thecbrb.ca/directory/gun-shopsshooting-ranges/cbrb-best-businesses-in-canada-2023-north-pro-sports,https://www.thecbrb.ca/directory/gun-shopsshooting-ranges,no,CBRB directory public listing
The Bullet Box,+19025671090,Gun Shops/Shooting Ranges,,"Pro Shop & Shooting Range Sydney, Nova Scotia",,https://www.thecbrb.ca/directory/gun-shopsshooting-ranges/best-businesses-in-canada-2022-the-bullet-box,https://www.thecbrb.ca/directory/gun-shopsshooting-ranges,no,CBRB directory public listing
Nutime,+16478488081,Grocery Stores,"Nuts & Dried Fruits Store Thornhill, ON",,,https://www.thecbrb.ca/directory/grocery-stores/cbrb-best-businesses-in-canada-nutime,https://www.thecbrb.ca/directory/grocery-stores,no,CBRB directory public listing
A & D Fresh Market,+13067811067,Grocery Stores,"Supermarket Pilot Butte, SK",,,https://www.thecbrb.ca/directory/grocery-stores/best-businesses-in-canada-2022-a-d-fresh-market,https://www.thecbrb.ca/directory/grocery-stores,no,CBRB directory public listing
BALAI Filipino and Asian Food Mart,+19023967100,Grocery Stores,"Asian grocery store Stellarton, NS",,,https://www.thecbrb.ca/directory/grocery-stores/best-businesses-in-canada-2021-balai-filipino-and-asian-food-mart,https://www.thecbrb.ca/directory/grocery-stores,no,CBRB directory public listing
Centra Food Market,+19057136666,Grocery Stores,"Asian grocery store Aurora, ON",,,https://www.thecbrb.ca/directory/grocery-stores/best-businesses-in-canada-2022-centra-food-market,https://www.thecbrb.ca/directory/grocery-stores,no,CBRB directory public listing
dressed by an Olive,+15197351772,Grocery Stores,"Specialty Grocery Store Tecumseh, ON",,https://www.foodspecialist.ca/,https://www.thecbrb.ca/directory/grocery-stores/cbrb-best-businesses-in-canada-dressed-by-an-olive,https://www.thecbrb.ca/directory/grocery-stores,no,CBRB directory public listing
Kabayan Food Mart,+19024075460,Grocery Stores,"Asian Grocery Store Dartmouth, NS",,,https://www.thecbrb.ca/directory/grocery-stores/best-businesses-in-canada-2021-kabayan-food-mart,https://www.thecbrb.ca/directory/grocery-stores,no,CBRB directory public listing
Nosso Talho,+14165317462,Grocery Stores,"Butcher shop deli Toronto, ON",,,https://www.thecbrb.ca/directory/grocery-stores/best-businesses-in-canada-2022-nosso-talho,https://www.thecbrb.ca/directory/grocery-stores,no,CBRB directory public listing
Poissonnerie Sherbrooke,+15144865246,Grocery Stores,,"Seafood Market Montreal, Quebec",,https://www.thecbrb.ca/directory/grocery-stores/best-businesses-in-canada-2021-poissonnerie-sherbrooke,https://www.thecbrb.ca/directory/grocery-stores,no,CBRB directory public listing
Rehan’s Your Independent Grocer,+17055227111,Grocery Stores,,"Grocery store Greater Sudbury, Ontario",,https://www.thecbrb.ca/directory/grocery-stores/best-businesses-in-canada-2021-rehans-your-independent-grocer,https://www.thecbrb.ca/directory/grocery-stores,no,CBRB directory public listing
Victoria Olive Oil Co,+17782655045,Grocery Stores,,"Gourmet Grocery Store Victoria, British Columbia",,https://www.thecbrb.ca/directory/grocery-stores/best-businesses-in-canada-2022-victoria-olive-oil-co,https://www.thecbrb.ca/directory/grocery-stores,no,CBRB directory public listing
No Limits Fitness,+17784705550,Gyms,,"Gym Kamloops, British Columbia",,https://www.thecbrb.ca/directory/gyms/cbrb-best-businesses-in-canada-no-limits-fitness,https://www.thecbrb.ca/directory/gyms,yes,CBRB directory public listing
Physi-K Inc.,+14504904299,Gyms,,"Centre de gymnastique Laval, Québec",,https://www.thecbrb.ca/directory/gyms/cbrb-best-businesses-in-canada-physi-k-inc,https://www.thecbrb.ca/directory/gyms,yes,CBRB directory public listing
Crossfit South Surrey,+16048894091,Gyms,,"Gym Surrey, British Columbia",,https://www.thecbrb.ca/directory/gyms/cbrb-best-businesses-in-canada-2023-crossfit-south-surrey,https://www.thecbrb.ca/directory/gyms,yes,CBRB directory public listing
L'ÉCURIE,+15142731222,Gyms,,"Strength and Conditioning Facility Montreal, Quebec",,https://www.thecbrb.ca/directory/gyms/cbrb-best-businesses-in-canada-lécurie,https://www.thecbrb.ca/directory/gyms,yes,CBRB directory public listing
LOST CYCLE,+12269985678,Gyms,,"Indoor Cycling and Pilates Studio London, Ontario",,https://www.thecbrb.ca/directory/gyms/cbrb-best-businesses-in-canada-2024-lost-cycle,https://www.thecbrb.ca/directory/gyms,yes,CBRB directory public listing
Ora Fitness & Yoga,+16042185292,Gyms,,"Best Fitness Services Surrey, British Columbia",,https://www.thecbrb.ca/directory/gyms/cbrb-best-businesses-in-canada-ora-fitness-yoga,https://www.thecbrb.ca/directory/gyms,yes,CBRB directory public listing
Suka Fit,+17787547155,Gyms,,"Group Fitness/Yoga/Pilates Westbank, British Columbia",,https://www.thecbrb.ca/directory/gyms/cbrb-best-businesses-in-canada-2024-suka-fit,https://www.thecbrb.ca/directory/gyms,yes,CBRB directory public listing
Lighten Up Blonding Studio,+15877142449,Hair Salons & Barbers,,"Hair Salon Sherwood Park, Alberta",,https://www.thecbrb.ca/directory/hair-salons-barbers/cbrb-best-businesses-in-canada-lighten-up-blonding-studio,https://www.thecbrb.ca/directory/hair-salons-barbers,no,CBRB directory public listing
MEN ZONE Barbershop,+18888855911,Hair Salons & Barbers,Barbershop Greater Toronto Area,,,https://www.thecbrb.ca/directory/hair-salons-barbers/cbrb-best-businesses-in-canada-men-zone-barbershop,https://www.thecbrb.ca/directory/hair-salons-barbers,no,CBRB directory public listing
Organic Keratin,+16132632126,Hair Salons & Barbers,,"Hair Salon Gatineau, Quebec",,https://www.thecbrb.ca/directory/hair-salons-barbers/cbrb-best-businesses-in-canada-organic-keratin,https://www.thecbrb.ca/directory/hair-salons-barbers,no,CBRB directory public listing
Twin Style Barbershop,+19057310111,Hair Salons & Barbers,,"Barbershop Vaughan, Ontario",,https://www.thecbrb.ca/directory/hair-salons-barbers/cbrb-best-businesses-in-canada-twin-style-barbershop,https://www.thecbrb.ca/directory/hair-salons-barbers,no,CBRB directory public listing
2 Brothers Barbershop,+16135522000,Hair Salons & Barbers,,"Barber Shop Ottawa , Ontario",,https://www.thecbrb.ca/directory/hair-salons-barbers/cbrb-best-businesses-in-canada-2023-2-brothers-barbershop,https://www.thecbrb.ca/directory/hair-salons-barbers,no,CBRB directory public listing
Amado True Professional Hair Care,+19058933686,Hair Salons & Barbers,,"Beauty salon Vaughan , Ontario",,https://www.thecbrb.ca/directory/hair-salons-barbers/best-businesses-in-canada-2021-amado-true-professional-hair-care,https://www.thecbrb.ca/directory/hair-salons-barbers,no,CBRB directory public listing
Bighouse Barber Studio,+19058052887,Hair Salons & Barbers,,"Barber S hop Milton , Ontario",,https://www.thecbrb.ca/directory/hair-salons-barbers/cbrb-best-businesses-in-canada-2022-bighouse-barber-studio,https://www.thecbrb.ca/directory/hair-salons-barbers,no,CBRB directory public listing
Blurred Barbershop,+16046202466,Hair Salons & Barbers,,"Barber shop Burnaby, British Columbia",,https://www.thecbrb.ca/directory/hair-salons-barbers/best-businesses-in-canada-2022-blurred-barbershop,https://www.thecbrb.ca/directory/hair-salons-barbers,no,CBRB directory public listing
Georgios Salon,+14038755405,Hair Salons & Barbers,,"Wig shop Calgary, Alberta",,https://www.thecbrb.ca/directory/hair-salons-barbers/best-businesses-in-canada-2021-georgios-salon,https://www.thecbrb.ca/directory/hair-salons-barbers,no,CBRB directory public listing
Great Lengths Hair Gallery,+19059441312,Hair Salons & Barbers,,"Beauty salon Markham, Ontario",,https://www.thecbrb.ca/directory/hair-salons-barbers/best-businesses-in-canada-2021-great-lengths-hair-gallery,https://www.thecbrb.ca/directory/hair-salons-barbers,no,CBRB directory public listing
Hero's Barbershop,+19055544376,Hair Salons & Barbers,,"Barber shop Markham, Ontario",,https://www.thecbrb.ca/directory/hair-salons-barbers/best-businesses-in-canada-2021-heros-barbershop,https://www.thecbrb.ca/directory/hair-salons-barbers,no,CBRB directory public listing
King Barbershop,+12044517315,Hair Salons & Barbers,"Barber Shop Winnipeg , MB",,,https://www.thecbrb.ca/directory/hair-salons-barbers/best-businesses-in-canada-2021-king-barbershop,https://www.thecbrb.ca/directory/hair-salons-barbers,no,CBRB directory public listing
King Cut Barbershop,+13069866061,Hair Salons & Barbers,"Barber s hop Saskatoon, SK",,,https://www.thecbrb.ca/directory/hair-salons-barbers/cbrb-best-businesses-in-canada-2023-king-cut-barbershop,https://www.thecbrb.ca/directory/hair-salons-barbers,no,CBRB directory public listing
Mod Salon Inc.,+12507120009,Hair Salons & Barbers,,"Luxury Full Service Hair Salon Kelowna, British Columbia",,https://www.thecbrb.ca/directory/hair-salons-barbers/best-businesses-in-canada-2022-mod-salon-inc,https://www.thecbrb.ca/directory/hair-salons-barbers,no,CBRB directory public listing
Musa's Final Touch Barber Shop,+19059889595,Hair Salons & Barbers,,"Barber shop St. Catharines, Ontario",,https://www.thecbrb.ca/directory/hair-salons-barbers/best-businesses-in-canada-2022-musas-final-touch-barber-shop,https://www.thecbrb.ca/directory/hair-salons-barbers,no,CBRB directory public listing
Restore and Replenish Spa and Hair Studio,+16472900462,Hair Salons & Barbers,,"Hair Studio & Wellness Center Mississauga, Ontario",,https://www.thecbrb.ca/directory/hair-salons-barbers/best-businesses-in-canada-2022-restore-and-replenish-spa-and-hair-studio,https://www.thecbrb.ca/directory/hair-salons-barbers,no,CBRB directory public listing
Superstar Hair Studio,+19058842521,Hair Salons & Barbers,,"Hairdresser Richmond Hill, Ontario",,https://www.thecbrb.ca/directory/hair-salons-barbers/cbrb-best-businesses-in-canada-2023-superstar-hair-studio,https://www.thecbrb.ca/directory/hair-salons-barbers,no,CBRB directory public listing
The Gambit Barbershop,+19052643624,Hair Salons & Barbers,,"Barber shop Vaughan, Ontario",,https://www.thecbrb.ca/directory/hair-salons-barbers/best-businesses-in-canada-2021-the-gambit-barbershop,https://www.thecbrb.ca/directory/hair-salons-barbers,no,CBRB directory public listing
William Tissert Salon & Spa,+19054923170,Hair Salons & Barbers,"Hairdresser Pickering, ON",,,https://www.thecbrb.ca/directory/hair-salons-barbers/best-businesses-in-canada-2021-william-tissert-salon-spa,https://www.thecbrb.ca/directory/hair-salons-barbers,no,CBRB directory public listing
Columbia Helicopters Inc,+12508251900,Helicopter Services,,"Commercial Helicopter Charter and Aircraft Maintenance Nelson, British Columbia",,https://www.thecbrb.ca/directory/helicopter-services/cbrb-best-businesses-in-canada-columbia-helicopters-inc,https://www.thecbrb.ca/directory/helicopter-services,yes,CBRB directory public listing
No Limits Heli Adventures,+17788208888,Helicopter Services,,"Helicopter Tour Agency Whistler, British Columbia",,https://www.thecbrb.ca/directory/helicopter-services/cbrb-best-businesses-in-canada-2024-no-limits-heli-adventures,https://www.thecbrb.ca/directory/helicopter-services,yes,CBRB directory public listing
Cheresh Homes Inc.,+17053215981,Home Builders,"Home Builder Gravenhurst, ON",,,https://www.thecbrb.ca/directory/home-builders/cbrb-best-businesses-in-canada-cheresh-homes-inc,https://www.thecbrb.ca/directory/home-builders,yes,CBRB directory public listing
Custom Quality Build Ltd.,+15873234499,Home Builders,"Construction Company Lethbridge, AB",,,https://www.thecbrb.ca/directory/home-builders/cbrb-best-businesses-in-canada-custom-quality-build-ltd,https://www.thecbrb.ca/directory/home-builders,yes,CBRB directory public listing
DaCosta Construction Ltd,+16048451092,Home Builders,"Residential Home Builder Chilliwack, BC",,,https://www.thecbrb.ca/directory/home-builders/cbrb-best-businesses-in-canada-dacosta-construction-ltd,https://www.thecbrb.ca/directory/home-builders,yes,CBRB directory public listing
KingsGate Luxury Homes Inc.,+14168882288,Home Builders,"Luxury Custom Home Builder and Renovation Toronto, ON",,,https://www.thecbrb.ca/directory/home-builders/cbrb-best-businesses-in-canada-kingsgate-luxury-homes-inc,https://www.thecbrb.ca/directory/home-builders,yes,CBRB directory public listing
Lawrence Park Development,+14166292982,Home Builders,"Custom Home Builder & Developer Toronto, ON",,,https://www.thecbrb.ca/directory/home-builders/cbrb-best-businesses-in-canada-lawrence-park-development,https://www.thecbrb.ca/directory/home-builders,yes,CBRB directory public listing
Marvel Homes,+14169100808,Home Builders,"Custom Home Builder Toronto, ON",,,https://www.thecbrb.ca/directory/home-builders/cbrb-best-businesses-in-canada-marvel-homes,https://www.thecbrb.ca/directory/home-builders,yes,CBRB directory public listing
Nauss Homes,+15062278392,Home Builders,,"Custom Home Builder Moncton, New Brunswick",,https://www.thecbrb.ca/directory/home-builders/cbrb-best-businesses-in-canada-nauss-homes,https://www.thecbrb.ca/directory/home-builders,yes,CBRB directory public listing
Abstract Homes and Renovations,+16042405306,Home Builders,"Home Builder Vancouver, BC",,https://www.abstracthomes.com/,https://www.thecbrb.ca/directory/home-builders/best-businesses-in-canada-2021-abstract-homes-and-renovations-inc,https://www.thecbrb.ca/directory/home-builders,yes,CBRB directory public listing
AlleyLane Homes,+17783205471,Home Builders,"Home Builder Delta, BC",,,https://www.thecbrb.ca/directory/home-builders/cbrb-best-businesses-in-canada-2023-alleylane-homes,https://www.thecbrb.ca/directory/home-builders,yes,CBRB directory public listing
AM Pro Builders,+14165247055,Home Builders,"Home Builder Toronto, ON",,,https://www.thecbrb.ca/directory/home-builders/cbrb-best-businesses-in-canada-2023-am-pro-builders,https://www.thecbrb.ca/directory/home-builders,yes,CBRB directory public listing
Arc1 Design Build,+14038796711,Home Builders,"Building Design and Construction Company Calgary, AB",,,https://www.thecbrb.ca/directory/home-builders/best-businesses-in-canada-2021-arc1-design-build,https://www.thecbrb.ca/directory/home-builders,yes,CBRB directory public listing
Berry Homes LTD,+17804731800,Home Builders,"Home Builder Edmonton, AB",,,https://www.thecbrb.ca/directory/home-builders/best-businesses-in-canada-2021-berry-homes-ltd,https://www.thecbrb.ca/directory/home-builders,yes,CBRB directory public listing
Brabo Green Building Inc.,+14168397463,Home Builders,"Custom Home Builder Mississauga, ON",,,https://www.thecbrb.ca/directory/home-builders/cbrb-best-businesses-in-canada-2023-brabo-green-building-inc,https://www.thecbrb.ca/directory/home-builders,yes,CBRB directory public listing
Digreen Homes,+19055137999,Home Builders,"Home Builder Markham, ON",,,https://www.thecbrb.ca/directory/home-builders/best-businesses-in-canada-2021-digreen-homes,https://www.thecbrb.ca/directory/home-builders,yes,CBRB directory public listing
Elite Developments,+12898161024,Home Builders,"Home Builder Burlington, ON",,,https://www.thecbrb.ca/directory/home-builders/best-businesses-in-canada-2024-elite-developments,https://www.thecbrb.ca/directory/home-builders,yes,CBRB directory public listing
Hosseini Homes Corporation,+14167206673,Home Builders,"Custom home builder Toronto, ON",,,https://www.thecbrb.ca/directory/home-builders/best-businesses-in-canada-2021-hosseini-homes-corporation,https://www.thecbrb.ca/directory/home-builders,yes,CBRB directory public listing
Jii Fine Homes,+14166693779,Home Builders,"Custom Home Builder & Renovations Vaughan, ON",,,https://www.thecbrb.ca/directory/home-builders/cbrb-best-businesses-in-canada-2023-jii-fine-homes,https://www.thecbrb.ca/directory/home-builders,yes,CBRB directory public listing
Kingdom Builders,+16049245464,Home Builders,"Custom Home Builder North Vancouver, BC",,,https://www.thecbrb.ca/directory/home-builders/best-businesses-in-canada-2021-kingdom-builders,https://www.thecbrb.ca/directory/home-builders,yes,CBRB directory public listing
Lawrence Park Development,+18332409040,Home Builders,"Custom Home Builder & Developer Toronto, ON",,,https://www.thecbrb.ca/directory/home-builders/cbrb-best-businesses-in-canada-lawrence-park-development,https://www.thecbrb.ca/directory/home-builders,yes,CBRB directory public listing
Kingsview Management,+14163656885,Home Builders,,"Construction and Property Management Services Markham, Ontario",,https://www.thecbrb.ca/directory/home-builders/cbrb-best-businesses-in-canada-2023-kingsview-management,https://www.thecbrb.ca/directory/home-builders,yes,CBRB directory public listing
M & D Builders,+19055930909,Home Builders,"Custom Home Builder Mississauga, ON",,,https://www.thecbrb.ca/directory/home-builders/best-businesses-in-canada-2021-m-d-builders,https://www.thecbrb.ca/directory/home-builders,yes,CBRB directory public listing
Mann Pacific Homes LTD,+17789956021,Home Builders,"Construction company Surrey, BC",,,https://www.thecbrb.ca/directory/home-builders/best-businesses-in-canada-2021-mann-pacific-homes-ltd,https://www.thecbrb.ca/directory/home-builders,yes,CBRB directory public listing
New Valley Homes,+17808501100,Home Builders,,"Custom Home Builder Beaumont, Alberta",,https://www.thecbrb.ca/directory/home-builders/best-businesses-in-canada-2022-new-valley-homes,https://www.thecbrb.ca/directory/home-builders,yes,CBRB directory public listing
Platinum Signature Homes,+17809939787,Home Builders,"Custom Home Builder Edmonton, AB",,,https://www.thecbrb.ca/directory/home-builders/best-businesses-in-canada-2021-platinum-signature-homes,https://www.thecbrb.ca/directory/home-builders,yes,CBRB directory public listing
Prestige Build & Design Group Ltd,+16473884298,Home Builders,"Luxury Custom Home Builder Richmond Hill, ON",,,https://www.thecbrb.ca/directory/home-builders/cbrb-best-businesses-in-canada-2023-prestige-build-design-group-ltd,https://www.thecbrb.ca/directory/home-builders,yes,CBRB directory public listing
Skylight Homes,+15194539351,Home Builders,"Construction Company London , ON",,,https://www.thecbrb.ca/directory/home-builders/best-businesses-in-canada-2021-skylight-homes,https://www.thecbrb.ca/directory/home-builders,yes,CBRB directory public listing
Struktäll,+14387930791,Home Builders,"Home Builder Montreal, QC",,https://struktall.com/en/,https://www.thecbrb.ca/directory/home-builders/cbrb-best-businesses-in-canada-struktäll,https://www.thecbrb.ca/directory/home-builders,yes,CBRB directory public listing
Sunlight Heritage Homes,+15196535036,Home Builders,"New Home Builder Cambridge , ON",,https://www.sunlighthomes.ca/index.html,https://www.thecbrb.ca/directory/home-builders/cbrb-best-businesses-in-canada-2023-sunlight-heritage-homes,https://www.thecbrb.ca/directory/home-builders,yes,CBRB directory public listing
Valley Ridge Homes Ltd,+16048253954,Home Builders,"Custom Home Builder Abbotsford, BC",,,https://www.thecbrb.ca/directory/home-builders/best-businesses-in-canada-2022-valley-ridge-homes-ltd,https://www.thecbrb.ca/directory/home-builders,yes,CBRB directory public listing
Virtual Homes Inc.,+16475337690,Home Builders,"Custom Home Builder Toronto , ON",,https://virtualhomez.ca/,https://www.thecbrb.ca/directory/home-builders/best-businesses-in-canada-2021-virtual-homes-inc,https://www.thecbrb.ca/directory/home-builders,yes,CBRB directory public listing
Vithu Developments LTD,+16047673036,Home Builders,"Custom Home Builder Vancouver , BC",,,https://www.thecbrb.ca/directory/home-builders/best-businesses-in-canada-2021-vithu-developments-ltd,https://www.thecbrb.ca/directory/home-builders,yes,CBRB directory public listing
Bost Tile Ltd,+19059881538,Home Improvement Stores/Services,,"Flooring store St. Catharines, Ontario",,https://www.thecbrb.ca/directory/home-improvement-storesservices/cbrb-best-businesses-in-canada-bost-tile-ltd,https://www.thecbrb.ca/directory/home-improvement-storesservices,no,CBRB directory public listing
Loki Tiling Ltd.,+12505908453,Home Improvement Stores/Services,,"Full Service Tile Store & Bathroom/Kitchen Renovation Victoria, British Columbia",,https://www.thecbrb.ca/directory/home-improvement-storesservices/cbrb-best-businesses-in-canada-loki-tiling-ltd,https://www.thecbrb.ca/directory/home-improvement-storesservices,no,CBRB directory public listing
MSS TECHNOLOGIES LTD.,+14377755554,Home Improvement Stores/Services,,"Smart home Automation Services Brampton, Ontario",https://msspro.ca/,https://www.thecbrb.ca/directory/home-improvement-storesservices/cbrb-best-businesses-in-canada-mss-technologies-ltd,https://www.thecbrb.ca/directory/home-improvement-storesservices,no,CBRB directory public listing
Reno Sphere,+19053037777,Home Improvement Stores/Services,,"Home Improvement Store Vaughan, Ontario",,https://www.thecbrb.ca/directory/home-improvement-storesservices/cbrb-best-businesses-in-canada-reno-sphere,https://www.thecbrb.ca/directory/home-improvement-storesservices,no,CBRB directory public listing
Alberta Lighting & Decor,+17804500877,Home Improvement Stores/Services,,"Retail Lighting Store Edmonton, Alberta",,https://www.thecbrb.ca/directory/home-improvement-storesservices/cbrb-best-businesses-in-canada-2022-alberta-lighting-decor,https://www.thecbrb.ca/directory/home-improvement-storesservices,no,CBRB directory public listing
Building Supply Depot,+17804880606,Home Improvement Stores/Services,,"Building materials store Edmonton, Alberta",,https://www.thecbrb.ca/directory/home-improvement-storesservices/best-businesses-in-canada-2022-building-supply-depot,https://www.thecbrb.ca/directory/home-improvement-storesservices,no,CBRB directory public listing
Gorka's Food Equipment,+15192042925,Home Improvement Stores/Services,,"Home improvement store London, Ontario",,https://www.thecbrb.ca/directory/home-improvement-storesservices/cbrb-best-businesses-in-canada-2024-gorkas-food-equipment,https://www.thecbrb.ca/directory/home-improvement-storesservices,no,CBRB directory public listing
Magic Designs Inc,+16479942810,Home Improvement Stores/Services,,"Curtain store Vaughan, Ontario",,https://www.thecbrb.ca/directory/home-improvement-storesservices/best-businesses-in-canada-2021-magic-designs-inc,https://www.thecbrb.ca/directory/home-improvement-storesservices,no,CBRB directory public listing
SM Lighting & Bath Design,+16045912399,Home Improvement Stores/Services,,"Lighting Store Surrey, British Columbia",,https://www.thecbrb.ca/directory/home-improvement-storesservices/best-businesses-in-canada-2022-sm-lighting-bath-design,https://www.thecbrb.ca/directory/home-improvement-storesservices,no,CBRB directory public listing
Sun Blinds Inc,+17802882411,Home Improvement Stores/Services,,"Blinds shop Edmonton, Alberta",,https://www.thecbrb.ca/directory/home-improvement-storesservices/best-businesses-in-canada-2021-sun-blinds-inc,https://www.thecbrb.ca/directory/home-improvement-storesservices,no,CBRB directory public listing
Vitrerie Starlight,+15144479771,Home Improvement Stores/Services,,"Glass & mirror shop Montreal, Quebec",,https://www.thecbrb.ca/directory/home-improvement-storesservices/best-businesses-in-canada-2021-vitrerie-starlight,https://www.thecbrb.ca/directory/home-improvement-storesservices,no,CBRB directory public listing
Begin Inspections Ltd.,+14038031596,Home & Building Inspectors,"Home Inspector Calgary, AB",,,https://www.thecbrb.ca/directory/home-building-inspectors/cbrb-best-businesses-in-canada-begin-inspections-ltd,https://www.thecbrb.ca/directory/home-building-inspectors,yes,CBRB directory public listing
Inspectech Outaouais,+18195938674,Home & Building Inspectors,"Inspecteurs en Bâtiment Gatineau, QC",,,https://www.thecbrb.ca/directory/home-building-inspectors/cbrb-best-businesses-in-canada-inspectech-outaouais,https://www.thecbrb.ca/directory/home-building-inspectors,yes,CBRB directory public listing
Access Home Inspection Services Inc,+17808683152,Home & Building Inspectors,"Home Inspection Services Edmonton, AB",,https://accesshomeinspection.ca/,https://www.thecbrb.ca/directory/home-building-inspectors/best-businesses-in-canada-2022-access-home-inspection-services-inc,https://www.thecbrb.ca/directory/home-building-inspectors,yes,CBRB directory public listing
AL Inspection,+15149167079,Home & Building Inspectors,,"Home Inspector Montreal, Quebec",,https://www.thecbrb.ca/directory/home-building-inspectors/cbrb-best-businesses-in-canada-2024-al-inspection,https://www.thecbrb.ca/directory/home-building-inspectors,yes,CBRB directory public listing
Axxonlab Inc.,+18886755226,Home & Building Inspectors,"Environmental Analyses Services Mont-Royal, QC",,,https://www.thecbrb.ca/directory/home-building-inspectors/cbrb-best-businesses-in-canada-2022-axxonlab-inc,https://www.thecbrb.ca/directory/home-building-inspectors,yes,CBRB directory public listing
CTI Home and Septic Inspection,+19057460431,Home & Building Inspectors,"Home and Septic System Inspector Hamilton, ON",,https://www.ctiforensics.ca/,https://www.thecbrb.ca/directory/home-building-inspectors/best-businesses-in-canada-2021-cti-home-and-septic-inspection,https://www.thecbrb.ca/directory/home-building-inspectors,yes,CBRB directory public listing
Home Proof Inspections Inc,+16472243390,Home & Building Inspectors,"Home inspector Brampton, ON",,,https://www.thecbrb.ca/directory/home-building-inspectors/best-businesses-in-canada-2022-home-proof-inspections-inc,https://www.thecbrb.ca/directory/home-building-inspectors,yes,CBRB directory public listing
PIN Property Inspection Network Ltd.,+16132343000,Home & Building Inspectors,"Home inspector Ottawa, ON",,,https://www.thecbrb.ca/directory/home-building-inspectors/best-businesses-in-canada-2022-pin-property-inspection-network-ltd,https://www.thecbrb.ca/directory/home-building-inspectors,yes,CBRB directory public listing
TD Inspections,+15873490902,Home & Building Inspectors,"Home Inspection Services Calgary, AB",,,https://www.thecbrb.ca/directory/home-building-inspectors/cbrb-best-businesses-in-canada-2023-td-inspections,https://www.thecbrb.ca/directory/home-building-inspectors,yes,CBRB directory public listing
The Inspector - Home Inspection Services Inc.,,Home & Building Inspectors,"Home Inspection Services Vancouver, BC - (778)- 788-5301 <div role=""presentation"" class=""U26fgb mUbCce fKz7Od LRAOtb Znu9nd M9Bg4d"" jscontroller=""mxS5xe"" jsaction=""click:cOuCgd; mousedown:UX7yZ; mouseup:lbsD7e; mouseenter:tfO1Yc; mouseleave:JywGue; focus:AHmuwe; blur:O22p3e; contextmenu:mg9Pef;"" jsshadow aria-describedby=""h.td4ccxcydep0_l"" aria-label=""Copy heading link"" aria-disabled=""false"" data-tooltip=""Copy heading link"" aria-hidden=""true"" data-tooltip-position=""top"" data-tooltip-vertic",,https://www.theinspectors.org/,https://www.thecbrb.ca/directory/home-building-inspectors/best-businesses-in-canada-2022-the-inspector-home-inspection-services-i,https://www.thecbrb.ca/directory/home-building-inspectors,yes,CBRB directory public listing
Delta Hotels by Marriott Toronto Mississauga,+19058961000,Hotels/Motels,"Hotel Mississauga, ON",,,https://www.thecbrb.ca/directory/hotelsmotels/cbrb-best-businesses-in-canada-delta-hotels-by-marriott-toronto-mississau,https://www.thecbrb.ca/directory/hotelsmotels,no,CBRB directory public listing
Sandy Beach Lodge & Resort,+12504965765,Hotels/Motels,"Hotel/Resort Naramata, BC",,,https://www.thecbrb.ca/directory/hotelsmotels/cbrb-best-businesses-in-canada-sandy-beach-lodge-resort,https://www.thecbrb.ca/directory/hotelsmotels,no,CBRB directory public listing
Au Poste de Traite,+14187174134,Hotels/Motels,"Auberge & Restaurant Sainte-Famille, QC",,,https://www.thecbrb.ca/directory/hotelsmotels/cbrb-best-businesses-in-canada-2022-au-poste-de-traite,https://www.thecbrb.ca/directory/hotelsmotels,no,CBRB directory public listing
Becker's Chalets,+17808523779,Hotels/Motels,"Log Cabins Jasper, AB",,,https://www.thecbrb.ca/directory/hotelsmotels/cbrb-best-businesses-in-canada-2024-beckers-chalets,https://www.thecbrb.ca/directory/hotelsmotels,no,CBRB directory public listing
Best Western Plus St. John's Hotel & Suites,+17097585004,Hotels/Motels,"Hotel St. John's, NL",,,https://www.thecbrb.ca/directory/hotelsmotels/cbrb-best-businesses-in-canada-2022-best-western-plus-st-johns-hotel,https://www.thecbrb.ca/directory/hotelsmotels,no,CBRB directory public listing
Days Inn by Wyndham Saint John,+15066460366,Hotels/Motels,"Hotel Saint John, NB",,,https://www.thecbrb.ca/directory/hotelsmotels/cbrb-best-businesses-in-canada-2023-days-inn-by-wyndham-saint-john,https://www.thecbrb.ca/directory/hotelsmotels,no,CBRB directory public listing
Fairmont Royal York,+14163682511,Hotels/Motels,"Hotel Toronto , ON",,,https://www.thecbrb.ca/directory/hotelsmotels/best-businesses-in-canada-2021-fairmont-royal-york,https://www.thecbrb.ca/directory/hotelsmotels,no,CBRB directory public listing
Four Seasons Hotel,+14169640411,Hotels/Motels,"Hotel Toronto , ON",,,https://www.thecbrb.ca/directory/hotelsmotels/best-businesses-in-canada-2021-four-seasons-hotel,https://www.thecbrb.ca/directory/hotelsmotels,no,CBRB directory public listing
Hôtel du Domaine,+14187551335,Hotels/Motels,"Hotel Thetford Mines, QC",,,https://www.thecbrb.ca/directory/hotelsmotels/cbrb-best-businesses-in-canada-2023-hôtel-du-domaine,https://www.thecbrb.ca/directory/hotelsmotels,no,CBRB directory public listing
Lakeside Inn Restaurant and Bar,+16133369434,Hotels/Motels,"Motel and Restaurant Cloyne, ON",,,https://www.thecbrb.ca/directory/hotelsmotels/cbrb-best-businesses-in-canada-2024-lakeside-inn-restaurant-and-bar,https://www.thecbrb.ca/directory/hotelsmotels,no,CBRB directory public listing
The Oswego Hotel,+12509407500,Hotels/Motels,"Boutique Motel Victoria, BC",,,https://www.thecbrb.ca/directory/hotelsmotels/cbrb-best-businesses-in-canada-2023-the-oswego-hotel,https://www.thecbrb.ca/directory/hotelsmotels,no,CBRB directory public listing
The Waters Edge Inn,+17056534470,Hotels/Motels,"Boutique Motel Campbellford, ON",,,https://www.thecbrb.ca/directory/hotelsmotels/cbrb-best-businesses-in-canada-2023-the-waters-edge-inn,https://www.thecbrb.ca/directory/hotelsmotels,no,CBRB directory public listing
24 Seven Talent,+14165832555,Human Resources/Employment Agencies,,"Employment agency Toronto, Ontario",,https://www.thecbrb.ca/directory/human-resourcesemployment-agencies/cbrb-best-businesses-in-canada-24-seven-talent,https://www.thecbrb.ca/directory/human-resourcesemployment-agencies,yes,CBRB directory public listing
Nimbus HR Solutions Group Inc.,+19054674725,Human Resources/Employment Agencies,Human Resource Consulting Canada,,,https://www.thecbrb.ca/directory/human-resourcesemployment-agencies/cbrb-best-businesses-in-canada-nimbus-hr-solutions-group-inc,https://www.thecbrb.ca/directory/human-resourcesemployment-agencies,yes,CBRB directory public listing
RIGROVER EMPLOYMENT AGENCY,+15199144923,Human Resources/Employment Agencies,,"Staffing and Recruiting Agency London, Ontario",https://www.facebook.com/pages/category/Employment-Agency/RIG-ROVER-113726850005996/,https://www.thecbrb.ca/directory/human-resourcesemployment-agencies/cbrb-best-businesses-in-canada-rigrover-employment-agency,https://www.thecbrb.ca/directory/human-resourcesemployment-agencies,yes,CBRB directory public listing
Simcoe Employment,+17057188330,Human Resources/Employment Agencies,,"Professional Staffing Services Barrie, Ontario",,https://www.thecbrb.ca/directory/human-resourcesemployment-agencies/cbrb-best-businesses-in-canada-simcoe-employment,https://www.thecbrb.ca/directory/human-resourcesemployment-agencies,yes,CBRB directory public listing
Stellar Personnel,+16475578915,Human Resources/Employment Agencies,,"Staffing & Recruitment Agency Toronto, Ontario",,https://www.thecbrb.ca/directory/human-resourcesemployment-agencies/cbrb-best-businesses-in-canada-stellar-personnel,https://www.thecbrb.ca/directory/human-resourcesemployment-agencies,yes,CBRB directory public listing
Virtual HR Canada Inc.,+14169954783,Human Resources/Employment Agencies,,"HR Services Mississauga, Ontario",,https://www.thecbrb.ca/directory/human-resourcesemployment-agencies/cbrb-best-businesses-in-canada-virtual-hr-canada-inc,https://www.thecbrb.ca/directory/human-resourcesemployment-agencies,yes,CBRB directory public listing
Ampersands PR INC.,+15819782637,Human Resources/Employment Agencies,,"Employment Center Quebec City , Quebec",,https://www.thecbrb.ca/directory/human-resourcesemployment-agencies/cbrb-best-businesses-in-canada-2023-ampersands-pr-inc,https://www.thecbrb.ca/directory/human-resourcesemployment-agencies,yes,CBRB directory public listing
BAY Workforce Inc.,+14379950269,Human Resources/Employment Agencies,,"Employment Center Etobicoke , Ontario",,https://www.thecbrb.ca/directory/human-resourcesemployment-agencies/cbrb-best-businesses-in-canada-2022-bay-workforce-inc,https://www.thecbrb.ca/directory/human-resourcesemployment-agencies,yes,CBRB directory public listing
Beyond Bilingual Inc.,+14162181112,Human Resources/Employment Agencies,,"Recruitment Agency Toronto, Ontario",,https://www.thecbrb.ca/directory/human-resourcesemployment-agencies/cbrb-best-businesses-in-canada-2024-beyond-bilingual-inc,https://www.thecbrb.ca/directory/human-resourcesemployment-agencies,yes,CBRB directory public listing
Canadian Massage and Manual Osteopathic Therapists Association,+14033561160,Human Resources/Employment Agencies,,"Association Red Deer, Alberta",,https://www.thecbrb.ca/directory/human-resourcesemployment-agencies/cbrb-best-businesses-in-canada-2023-cmmota,https://www.thecbrb.ca/directory/human-resourcesemployment-agencies,yes,CBRB directory public listing
Cormack Recruitment,+18883662881,Human Resources/Employment Agencies,,"Recruitment Agency Calgary, Alberta",,https://www.thecbrb.ca/directory/human-resourcesemployment-agencies/best-businesses-in-canada-2021-cormack-recruitment,https://www.thecbrb.ca/directory/human-resourcesemployment-agencies,yes,CBRB directory public listing
EKC Homestay Corporation,+16476574981,Human Resources/Employment Agencies,,"Student Housing Center Toronto, Ontario",,https://www.thecbrb.ca/directory/human-resourcesemployment-agencies/cbrb-best-businesses-in-canada-2023-ekc-homestay-corporation,https://www.thecbrb.ca/directory/human-resourcesemployment-agencies,yes,CBRB directory public listing
Feed it Forward,+16478792433,Human Resources/Employment Agencies,,"Non-profit Organization Toronto, Ontario",,https://www.thecbrb.ca/directory/human-resourcesemployment-agencies/best-businesses-in-canada-2022-feed-it-forward,https://www.thecbrb.ca/directory/human-resourcesemployment-agencies,yes,CBRB directory public listing
GINCARE Staffing Solutions Inc.,+14165462236,Human Resources/Employment Agencies,,"Unemployment office Toronto, Ontario",,https://www.thecbrb.ca/directory/human-resourcesemployment-agencies/cbrb-best-businesses-in-canada-2024-gincare-staffing-solutions-inc,https://www.thecbrb.ca/directory/human-resourcesemployment-agencies,yes,CBRB directory public listing
Group NB,+18558688416,Human Resources/Employment Agencies,,"Staffing & Lumping Agency / Immigration Services Ottawa, Ontario",,https://www.thecbrb.ca/directory/human-resourcesemployment-agencies/cbrb-best-businesses-in-canada-2023-group-nb,https://www.thecbrb.ca/directory/human-resourcesemployment-agencies,yes,CBRB directory public listing
Martyn Bassett Associates,+18887780057,Human Resources/Employment Agencies,,"Executive Search Firm Toronto, Ontario",,https://www.thecbrb.ca/directory/human-resourcesemployment-agencies/best-businesses-in-canada-2022-martyn-bassett-associates,https://www.thecbrb.ca/directory/human-resourcesemployment-agencies,yes,CBRB directory public listing
Maxwell Management Group Ltd.,+18553054078,Human Resources/Employment Agencies,,"Recruiter Brantford, Ontario",,https://www.thecbrb.ca/directory/human-resourcesemployment-agencies/best-businesses-in-canada-2022-maxwell-management-group-ltd,https://www.thecbrb.ca/directory/human-resourcesemployment-agencies,yes,CBRB directory public listing
MM AGENCY,+14505430406,Human Resources/Employment Agencies,,"Employment agency Laval, Quebec",,https://www.thecbrb.ca/directory/human-resourcesemployment-agencies/cbrb-best-businesses-in-canada-2023-mm-agency,https://www.thecbrb.ca/directory/human-resourcesemployment-agencies,yes,CBRB directory public listing
Pathfinder Staffing Inc.,+16476601508,Human Resources/Employment Agencies,,"Employment Agency Brampton, Ontario",,https://www.thecbrb.ca/directory/human-resourcesemployment-agencies/best-businesses-in-canada-2021-pathfinder-staffing-inc,https://www.thecbrb.ca/directory/human-resourcesemployment-agencies,yes,CBRB directory public listing
Power Staffing Solutions,+14167010119,Human Resources/Employment Agencies,"IT, Professional,","and Healthcare Recruitment Services Toronto, Ontario",,https://www.thecbrb.ca/directory/human-resourcesemployment-agencies/cbrb-best-businesses-in-canada-2023-power-staffing-solutions,https://www.thecbrb.ca/directory/human-resourcesemployment-agencies,yes,CBRB directory public listing
Resume Services CA,+17787132494,Human Resources/Employment Agencies,,"Human Resources Services Vancouver, British Columbia",,https://www.thecbrb.ca/directory/human-resourcesemployment-agencies/cbrb-best-businesses-in-canada-2024-resume-services-ca,https://www.thecbrb.ca/directory/human-resourcesemployment-agencies,yes,CBRB directory public listing
RIGROVER EMPLOYMENT AGENCY,+16479387624,Human Resources/Employment Agencies,,"Staffing and Recruiting Agency London, Ontario",https://www.facebook.com/pages/category/Employment-Agency/RIG-ROVER-113726850005996/,https://www.thecbrb.ca/directory/human-resourcesemployment-agencies/cbrb-best-businesses-in-canada-rigrover-employment-agency,https://www.thecbrb.ca/directory/human-resourcesemployment-agencies,yes,CBRB directory public listing
Soccer NB,+15068304762,Human Resources/Employment Agencies,,"Non-profit Organization Moncton, New Brunswick",,https://www.thecbrb.ca/directory/human-resourcesemployment-agencies/cbrb-best-businesses-in-canada-2023-soccer-nb,https://www.thecbrb.ca/directory/human-resourcesemployment-agencies,yes,CBRB directory public listing
Trillium Med Village,+18668961205,Human Resources/Employment Agencies,,"Healthcare Staffing Agency Toronto, Ontario",,https://www.thecbrb.ca/directory/human-resourcesemployment-agencies/cbrb-best-businesses-in-canada-2024-trillium-med-village,https://www.thecbrb.ca/directory/human-resourcesemployment-agencies,yes,CBRB directory public listing
Toronto International Society of Innovation & Advanced Skills (TISIAS),+16476731012,Human Resources/Employment Agencies,,"Event Management Company Toronto, Ontario",,https://www.thecbrb.ca/directory/human-resourcesemployment-agencies/cbrb-best-businesses-in-canada-2024-tisias,https://www.thecbrb.ca/directory/human-resourcesemployment-agencies,yes,CBRB directory public listing
Wisteria Community Association,+12505916443,Human Resources/Employment Agencies,,"Soup Kitchen Nanaimo, British Columbia",,https://www.thecbrb.ca/directory/human-resourcesemployment-agencies/cbrb-best-businesses-in-canada-2023-wisteria-community-association,https://www.thecbrb.ca/directory/human-resourcesemployment-agencies,yes,CBRB directory public listing
Climate Experts Heating & Cooling Inc.,+19054927171,HVAC Contractors,,"General HVAC Contractor Pickering, Ontario",,https://www.thecbrb.ca/directory/hvac-contractors/cbrb-best-businesses-in-canada-climate-experts-heating-cooling-inc,https://www.thecbrb.ca/directory/hvac-contractors,yes,CBRB directory public listing
Coreline HVAC Supply Ltd.,+15874370483,HVAC Contractors,,"Air Conditioning & HVAC Accessories Supplier Calgary, Alberta",,https://www.thecbrb.ca/directory/hvac-contractors/cbrb-best-businesses-in-canada-coreline-hvac-supply-ltd,https://www.thecbrb.ca/directory/hvac-contractors,yes,CBRB directory public listing
Diverse Air Systems Inc.,+14165602366,HVAC Contractors,,"Condominium Heating and Air Conditioning Specialists Pickering, Ontario",,https://www.thecbrb.ca/directory/hvac-contractors/cbrb-best-businesses-in-canada-diverse-air-systems-inc,https://www.thecbrb.ca/directory/hvac-contractors,yes,CBRB directory public listing
Goyea Mechanical Services Inc.,+15192500116,HVAC Contractors,,"Heating and Cooling Services Oldcastle, Ontario",,https://www.thecbrb.ca/directory/hvac-contractors/cbrb-best-businesses-in-canada-goyea-mechanical-services-inc,https://www.thecbrb.ca/directory/hvac-contractors,yes,CBRB directory public listing
Green Heating and Air Inc.,+14166277724,HVAC Contractors,,"HVAC Specialist Mississauga, Ontario",,https://www.thecbrb.ca/directory/hvac-contractors/cbrb-best-businesses-in-canada-green-heating-and-air-inc,https://www.thecbrb.ca/directory/hvac-contractors,yes,CBRB directory public listing
Groupe Rousso,+18554923125,HVAC Contractors,,"HVAC & Air Duct Cleaning Longueuil, Quebec",,https://www.thecbrb.ca/directory/hvac-contractors/cbrb-best-businesses-in-canada-groupe-rousso,https://www.thecbrb.ca/directory/hvac-contractors,yes,CBRB directory public listing
4SEASONS HVAC,+16478870099,HVAC Contractors,,"HVAC Contractor Toronto, Ontario",http://arlmechanical.ca/,https://www.thecbrb.ca/directory/hvac-contractors/cbrb-best-businesses-in-canada-2023-4seasons-hvac,https://www.thecbrb.ca/directory/hvac-contractors,yes,CBRB directory public listing
Barben Industries Ltd.,+17809552533,HVAC Contractors,,"Compressed Air Equipment Sales and Service Nisku, Alberta",,https://www.thecbrb.ca/directory/hvac-contractors/cbrb-best-businesses-in-canada-2024-barben-industries-ltd,https://www.thecbrb.ca/directory/hvac-contractors,yes,CBRB directory public listing
BC Wide Home Services Ltd,+16044739690,HVAC Contractors,,"Heating contractor Burnaby, British Columbia",,https://www.thecbrb.ca/directory/hvac-contractors/best-businesses-in-canada-2021-bc-wide-home-services-ltd,https://www.thecbrb.ca/directory/hvac-contractors,yes,CBRB directory public listing
Bob's Heating & Cooling,+15068573217,HVAC Contractors,,"HVAC Contractor Moncton, New Brunswick",https://bobsheating.ca/,https://www.thecbrb.ca/directory/hvac-contractors/cbrb-best-businesses-in-canada-2024-bobs-heating-cooling,https://www.thecbrb.ca/directory/hvac-contractors,yes,CBRB directory public listing
Canadian Mr Fix,+17789529753,HVAC Contractors,,"HVAC Contractor New Westminster, British Columbia",,https://www.thecbrb.ca/directory/hvac-contractors/cbrb-best-businesses-in-canada-2023-canadian-mr-fix,https://www.thecbrb.ca/directory/hvac-contractors,yes,CBRB directory public listing
Cana-Air Cooling and Heating LTD.,+16476680902,HVAC Contractors,,"HVAC Contractor Toronto, Ontario",,https://www.thecbrb.ca/directory/hvac-contractors/cbrb-best-businesses-in-canada-2024-cana-air-cooling-and-heating-ltd,https://www.thecbrb.ca/directory/hvac-contractors,yes,CBRB directory public listing
Clean Air Canada Duct and Chimney LTD,+16045001668,HVAC Contractors,,"Air Duct and HVAC System Cleaning Company Lower Mainland, British Columbia",https://cleanaircanadaheating.ca/,https://www.thecbrb.ca/directory/hvac-contractors/cbrb-best-businesses-in-canada-clean-air-canada-duct-and-chimney,https://www.thecbrb.ca/directory/hvac-contractors,yes,CBRB directory public listing
Climatisation Gabriel Miron,+15146603385,HVAC Contractors,,"Air Conditioning Contractor Pointe-Calumet, Quebec",,https://www.thecbrb.ca/directory/hvac-contractors/cbrb-best-businesses-in-canada-2024-climatisation-gabriel-miron,https://www.thecbrb.ca/directory/hvac-contractors,yes,CBRB directory public listing
CS Purair Ventilation,+14385250615,HVAC Contractors,,"Air Duct & Furnace Cleaning La Prairie, Quebec",,https://www.thecbrb.ca/directory/hvac-contractors/cbrb-best-businesses-in-canada-cs-purair-ventilation,https://www.thecbrb.ca/directory/hvac-contractors,yes,CBRB directory public listing
Denaeyer Mechanical Inc.,+15196549732,HVAC Contractors,,"HVAC Contractor Kitchener, Ontario",,https://www.thecbrb.ca/directory/hvac-contractors/best-businesses-in-canada-2021-denaeyer-mechanical-inc,https://www.thecbrb.ca/directory/hvac-contractors,yes,CBRB directory public listing
Four Seasons Air Control (West ) Inc.,+19057950982,HVAC Contractors,,"HVAC Contractor Mississauga, Ontario",,https://www.thecbrb.ca/directory/hvac-contractors/best-businesses-in-canada-2022-four-seasons-air-control-west-inc,https://www.thecbrb.ca/directory/hvac-contractors,yes,CBRB directory public listing
General Heating & Air Conditioning,+16048348080,HVAC Contractors,,"HVAC Services Vancouver, British Columbia",,https://www.thecbrb.ca/directory/hvac-contractors/cbrb-best-businesses-in-canada-2023-general-heating-air-conditioning,https://www.thecbrb.ca/directory/hvac-contractors,yes,CBRB directory public listing
HVAC-GROUP,+14168072752,HVAC Contractors,,"HVAC Contractor Mississauga, Ontario",,https://www.thecbrb.ca/directory/hvac-contractors/best-businesses-in-canada-2021-hvac-group,https://www.thecbrb.ca/directory/hvac-contractors,yes,CBRB directory public listing
Nick's Refrigeration And Air Conditioning LTD.,+19027482233,HVAC Contractors,"Heating,","Ventilating & Air Conditioning Service Yarmouth, Nova Scotia",,https://www.thecbrb.ca/directory/hvac-contractors/best-businesses-in-canada-2022-nicks-refrigeration-and-air-conditioning,https://www.thecbrb.ca/directory/hvac-contractors,yes,CBRB directory public listing
Nordic Clean Air Ltd,+15069772519,HVAC Contractors,,"HVAC Contractor Quispamsis, New Brunswick",,https://www.thecbrb.ca/directory/hvac-contractors/best-businesses-in-canada-2022-nordic-clean-air-ltd,https://www.thecbrb.ca/directory/hvac-contractors,yes,CBRB directory public listing
Optimal Climate Air Inc.,+15194962022,HVAC Contractors,,"Residential and Commercial HVAC Services Cambridge, Ontario",,https://www.thecbrb.ca/directory/hvac-contractors/cbrb-best-businesses-in-canada-2023-optimal-climate-air-inc,https://www.thecbrb.ca/directory/hvac-contractors,yes,CBRB directory public listing
Reliable Energy,+15069615669,HVAC Contractors,,"HVAC Contractor Moncton, New Brunswick",,https://www.thecbrb.ca/directory/hvac-contractors/best-businesses-in-canada-2022-reliable-energy,https://www.thecbrb.ca/directory/hvac-contractors,yes,CBRB directory public listing
Rondeau's Refrigeration Services Inc.,+19024979764,HVAC Contractors,"Commercial, Residential,","Offshore and Marine HVAC/R Services Dartmouth, Nova Scotia",,https://www.thecbrb.ca/directory/hvac-contractors/cbrb-best-businesses-in-canada-2022-rondeaus-refrigeration-services-inc,https://www.thecbrb.ca/directory/hvac-contractors,yes,CBRB directory public listing
SDK Mechanical,+15195327105,HVAC Contractors,,"HVAC Contractor Wellesley, Ontario",,https://www.thecbrb.ca/directory/hvac-contractors/cbrb-best-businesses-in-canada-2023-sdk-mechanical,https://www.thecbrb.ca/directory/hvac-contractors,yes,CBRB directory public listing
Williams Kool Heat,+12898205665,HVAC Contractors,,"HVAC Contractor Welland, Ontario",,https://www.thecbrb.ca/directory/hvac-contractors/best-businesses-in-canada-2021-williams-kool-heat,https://www.thecbrb.ca/directory/hvac-contractors,yes,CBRB directory public listing
Ultra Vac Furnace & Duct Cleaning Ltd,+14316885872,HVAC Contractors,,"HVAC Contractor Winnipeg, Manitoba",,https://www.thecbrb.ca/directory/hvac-contractors/cbrb-best-businesses-in-canada-2023-ultra-vac-furnace-duct-cleaning-ltd,https://www.thecbrb.ca/directory/hvac-contractors,yes,CBRB directory public listing
A-Z Insurance,+19057072929,Insurance Agencies,,"Insurance Broker Markham, Ontario",,https://www.thecbrb.ca/directory/insurance-agencies/cbrb-best-businesses-in-canada-a-z-insurance,https://www.thecbrb.ca/directory/insurance-agencies,yes,CBRB directory public listing
isure insurance inc.,+18775252039,Insurance Agencies,"Insurance B roker Vaughan , ON",,,https://www.thecbrb.ca/directory/insurance-agencies/cbrb-best-businesses-in-canada-isure-insurance-inc,https://www.thecbrb.ca/directory/insurance-agencies,yes,CBRB directory public listing
Amyn Batliwalla Desjardins Insurance Agent,+14163831500,Insurance Agencies,,"Insurance Agency Toronto, Ontario",,https://www.thecbrb.ca/directory/insurance-agencies/best-businesses-in-canada-2021-amyn-batliwalla-desjardins-insurance-agent,https://www.thecbrb.ca/directory/insurance-agencies,yes,CBRB directory public listing
Doreen Stroud - World Financial Group,+12047921923,Insurance Agencies,"Insurance Broker Winnipeg , MB",,https://agents.wfgcanada.ca/doreen-stroud,https://www.thecbrb.ca/directory/insurance-agencies/best-businesses-in-canada-2021-world-financial-group,https://www.thecbrb.ca/directory/insurance-agencies,yes,CBRB directory public listing
Excel Insurance Group Lloydminster Inc.,+17808756178,Insurance Agencies,,"Insurance Broker Lloydminster, Alberta",,https://www.thecbrb.ca/directory/insurance-agencies/cbrb-best-businesses-in-canada-2023-excel-insurance-group-lloydminster,https://www.thecbrb.ca/directory/insurance-agencies,yes,CBRB directory public listing
Gene Meyer Insurance Agencies Limited,+19058900998,Insurance Agencies,"Insurance Agency Mississauga, ON",,,https://www.thecbrb.ca/directory/insurance-agencies/cbrb-best-businesses-in-canada-2022-gene-meyer-insurance-agencies-limited,https://www.thecbrb.ca/directory/insurance-agencies,yes,CBRB directory public listing
George@FSB Group Best Commercial Insurance,+14165202041,Insurance Agencies,"Insurance broker Mississauga, ON",,,https://www.thecbrb.ca/directory/insurance-agencies/best-businesses-in-canada-2021-georgefsb-group,https://www.thecbrb.ca/directory/insurance-agencies,yes,CBRB directory public listing
Hope Insurance Brokers,+17809060000,Insurance Agencies,"Insurance broker Edmonton, AB",,,https://www.thecbrb.ca/directory/insurance-agencies/best-businesses-in-canada-2022-hope-insurance-brokers,https://www.thecbrb.ca/directory/insurance-agencies,yes,CBRB directory public listing
Kastelein Stout Insurance Agencies Inc.,+16045264644,Insurance Agencies,"Insurance Agency New Westminster, BC",,,https://www.thecbrb.ca/directory/insurance-agencies/best-businesses-in-canada-2022-kastelein-stout-insurance-agencies-inc,https://www.thecbrb.ca/directory/insurance-agencies,yes,CBRB directory public listing
Kevin Burke Insurance & Financial Services Inc,+15064553276,Insurance Agencies,"Insurance Agency Fredericton, NB",,,https://www.thecbrb.ca/directory/insurance-agencies/cbrb-best-businesses-in-canada-2023-kevin-burke-insurance-financial-ser,https://www.thecbrb.ca/directory/insurance-agencies,yes,CBRB directory public listing
Multi Risk Insurance Brokers Inc.,+14162242800,Insurance Agencies,"Insurance & Financial Services Scarborough, ON",,https://www.multirisk.ca/,https://www.thecbrb.ca/directory/insurance-agencies/cbrb-best-businesses-in-canada-2023-multi-risk-insurance-brokers-inc,https://www.thecbrb.ca/directory/insurance-agencies,yes,CBRB directory public listing
Novinger Insurance Team,+14165288305,Insurance Agencies,"Insurance broker Toronto, ON",,,https://www.thecbrb.ca/directory/insurance-agencies/best-businesses-in-canada-2022-novinger-insurance-team,https://www.thecbrb.ca/directory/insurance-agencies,yes,CBRB directory public listing
Peter Mathai,+16479361524,Insurance Agencies,"Insurance broker Mississauga, ON",,https://www.facebook.com/peter.mathai.165,https://www.thecbrb.ca/directory/insurance-agencies/best-businesses-in-canada-2021-peter-mathai,https://www.thecbrb.ca/directory/insurance-agencies,yes,CBRB directory public listing
Savante Insurance Inc,+12042337289,Insurance Agencies,"Insurance Agency Winnipeg, MB",,,https://www.thecbrb.ca/directory/insurance-agencies/best-businesses-in-canada-2021-savante-insurance-inc,https://www.thecbrb.ca/directory/insurance-agencies,yes,CBRB directory public listing
Shawn Shirdarreh Insurance Broker,+19055974330,Insurance Agencies,"Insurance broker Markham, ON",,,https://www.thecbrb.ca/directory/insurance-agencies/best-businesses-in-canada-2022-shawn-shirdarreh-insurance-broker,https://www.thecbrb.ca/directory/insurance-agencies,yes,CBRB directory public listing
Simmi Paul Insurance Agency Inc.,+19059131016,Insurance Agencies,"Insurance Agency Brampton, ON",,,https://www.thecbrb.ca/directory/insurance-agencies/cbrb-best-businesses-in-canada-2023-simmi-paul-insurance-agency-inc,https://www.thecbrb.ca/directory/insurance-agencies,yes,CBRB directory public listing
Skyview Insurance Brokers,+16045995222,Insurance Agencies,"Insurance Agency Surrey, BC",,,https://www.thecbrb.ca/directory/insurance-agencies/cbrb-best-businesses-in-canada-2024-skyview-insurance-brokers,https://www.thecbrb.ca/directory/insurance-agencies,yes,CBRB directory public listing
Wesley Greer Desjardins Insurance,+17806706846,Insurance Agencies,"Insurance Agency Edmonton, AB",,,https://www.thecbrb.ca/directory/insurance-agencies/best-businesses-in-canada-2021-wesley-greer-desjardins-insurance,https://www.thecbrb.ca/directory/insurance-agencies,yes,CBRB directory public listing
Abhishek Patel Environ Design Inc.,+17789194593,Interior Designers,,"Building Permit & Design Consulting Surrey, British Columbia",,https://www.thecbrb.ca/directory/interior-designers/cbrb-best-businesses-in-canada-abhishek-patel-environ-design-inc,https://www.thecbrb.ca/directory/interior-designers,no,CBRB directory public listing
Design TWG,+19056967612,Interior Designers,,"Interior Designers Mississauga, Ontario",,https://www.thecbrb.ca/directory/interior-designers/cbrb-best-businesses-in-canada-design-twg,https://www.thecbrb.ca/directory/interior-designers,no,CBRB directory public listing
Hospitality Designs,+16042481806,Interior Designers,,"Furniture Manufacturer & Interior Designer Richmond, British Columbia",,https://www.thecbrb.ca/directory/interior-designers/cbrb-best-businesses-in-canada-hospitality-designs,https://www.thecbrb.ca/directory/interior-designers,no,CBRB directory public listing
In-ex-teriors,+19057198498,Interior Designers,,"Interior Design & Renovation Management Services Dundas, Ontario",,https://www.thecbrb.ca/directory/interior-designers/cbrb-best-businesses-in-canada-in-ex-teriors,https://www.thecbrb.ca/directory/interior-designers,no,CBRB directory public listing
MES Décors Inc.,+14379986650,Interior Designers,,"Home Staging & Interior Design Studio Milton, Ontario",,https://www.thecbrb.ca/directory/interior-designers/cbrb-best-businesses-in-canada-mes-décors-inc,https://www.thecbrb.ca/directory/interior-designers,no,CBRB directory public listing
Newfie Sisters Downsizing Inc.,+19058066468,Interior Designers,,"Home Staging Company Newmarket, Ontario",,https://www.thecbrb.ca/directory/interior-designers/cbrb-best-businesses-in-canada-newfie-sisters-downsizing-inc,https://www.thecbrb.ca/directory/interior-designers,no,CBRB directory public listing
Thornton Design,+19058937229,Interior Designers,,"Interior Designer Vaughan, Ontario",,https://www.thecbrb.ca/directory/interior-designers/cbrb-best-businesses-in-canada-thornton-design,https://www.thecbrb.ca/directory/interior-designers,no,CBRB directory public listing
Archic Studio,+16478396267,Interior Designers,,"Home Staging & Decoration Toronto, Ontario",,https://www.thecbrb.ca/directory/interior-designers/best-businesses-in-canada-2022-archic-studio,https://www.thecbrb.ca/directory/interior-designers,no,CBRB directory public listing
AzinDzine,+14162622419,Interior Designers,,"Interior Design & Home Staging Toronto, Ontario",,https://www.thecbrb.ca/directory/interior-designers/cbrb-best-businesses-in-canada-2024-azindzine,https://www.thecbrb.ca/directory/interior-designers,no,CBRB directory public listing
Betsy Wilson Interiors,+16476288009,Interior Designers,,"Residential Interior Design Services Inglewood, Ontario",,https://www.thecbrb.ca/directory/interior-designers/cbrb-best-businesses-in-canada-2024-betsy-wilson-interiors,https://www.thecbrb.ca/directory/interior-designers,no,CBRB directory public listing
i3 design group ltd,+16046628008,Interior Designers,,"Interior Designer Burnaby, British Columbia",,https://www.thecbrb.ca/directory/interior-designers/cbrb-best-businesses-in-canada-2023-i3-design-group,https://www.thecbrb.ca/directory/interior-designers,no,CBRB directory public listing
Novari Collective Curated Spaces Inc.,+16045349595,Interior Designers,,"Home Staging/Interior Design Langley Township, British Columbia",,https://www.thecbrb.ca/directory/interior-designers/cbrb-best-businesses-in-canada-2023-novari-collective-curated-spaces-inc,https://www.thecbrb.ca/directory/interior-designers,no,CBRB directory public listing
Rad Design Inc,+14169558282,Interior Designers,,"Interior designer Toronto, Ontario",,https://www.thecbrb.ca/directory/interior-designers/best-businesses-in-canada-2021-rad-design-inc,https://www.thecbrb.ca/directory/interior-designers,no,CBRB directory public listing
Royal Interior Design Ltd.,+14165735378,Interior Designers,,"Interior decorator Aurora, Ontario",,https://www.thecbrb.ca/directory/interior-designers/best-businesses-in-canada-2021-royal-interior-design-ltd,https://www.thecbrb.ca/directory/interior-designers,no,CBRB directory public listing
Bellissimo Law Group PC,+14167876505,Immigration & Naturalization Services,"Immigration Law Firm Toronto, ON",,,https://www.thecbrb.ca/directory/immigration-naturalization-services/cbrb-best-businesses-in-canada-bellissimo-law-group-pc,https://www.thecbrb.ca/directory/immigration-naturalization-services,yes,CBRB directory public listing
Bright Link Immigration Services Ltd.,+12042296980,Immigration & Naturalization Services,"Immigration & Citizenship Representation Winnipeg, MB",,,https://www.thecbrb.ca/directory/immigration-naturalization-services/cbrb-best-businesses-in-canada-bright-link-immigration-services-ltd,https://www.thecbrb.ca/directory/immigration-naturalization-services,yes,CBRB directory public listing
Can Entry Immigration,+12042945116,Immigration & Naturalization Services,"Immigration & Naturalization Services Winnipeg, MB",,,https://www.thecbrb.ca/directory/immigration-naturalization-services/cbrb-best-businesses-in-canada-can-entry-immigration,https://www.thecbrb.ca/directory/immigration-naturalization-services,yes,CBRB directory public listing
Crossing Canada Citizenship & Immigration Services Inc.,+15199921008,Immigration & Naturalization Services,"Immigration & Naturalization Services Windsor, ON",,,https://www.thecbrb.ca/directory/immigration-naturalization-services/cbrb-best-businesses-in-canada-crossing-canada-citizenship-immigration,https://www.thecbrb.ca/directory/immigration-naturalization-services,yes,CBRB directory public listing
El Camino Immigration Services Inc.,+16047915695,Immigration & Naturalization Services,"Immigration Services Chilliwack, BC",,,https://www.thecbrb.ca/directory/immigration-naturalization-services/cbrb-best-businesses-in-canada-el-camino-immigration-services-inc,https://www.thecbrb.ca/directory/immigration-naturalization-services,yes,CBRB directory public listing
Forest Hills Immigration,+14165255270,Immigration & Naturalization Services,Immigration & Refugee Consulting Services Ontario,,,https://www.thecbrb.ca/directory/immigration-naturalization-services/cbrb-best-businesses-in-canada-forest-hills-immigration,https://www.thecbrb.ca/directory/immigration-naturalization-services,yes,CBRB directory public listing
Kutum Immigration & Legal Services,+16477045723,Immigration & Naturalization Services,"Immigration & Legal Services Mississauga , ON",,,https://www.thecbrb.ca/directory/immigration-naturalization-services/cbrb-best-businesses-in-canada-kutum-immigration-legal-services,https://www.thecbrb.ca/directory/immigration-naturalization-services,yes,CBRB directory public listing
LCC Immigration,+18889999194,Immigration & Naturalization Services,"Immigration & Naturalization Services Brampton, ON",,,https://www.thecbrb.ca/directory/immigration-naturalization-services/cbrb-best-businesses-in-canada-lcc-immigration,https://www.thecbrb.ca/directory/immigration-naturalization-services,yes,CBRB directory public listing
Lewis & Associates LLP,+14169242227,Immigration & Naturalization Services,"Immigration & Refugee Lawyers Toronto, ON",,,https://www.thecbrb.ca/directory/immigration-naturalization-services/cbrb-best-businesses-in-canada-lewis-associates-llp,https://www.thecbrb.ca/directory/immigration-naturalization-services,yes,CBRB directory public listing
LMRT Immigration Services,+14387006165,Immigration & Naturalization Services,"Immigration Lawyers Montreal, QC",,,https://www.thecbrb.ca/directory/immigration-naturalization-services/cbrb-best-businesses-in-canada-lmrt-immigration-services,https://www.thecbrb.ca/directory/immigration-naturalization-services,yes,CBRB directory public listing
Mirzadegan Immigration and Citizenship Services Inc,+16479846477,Immigration & Naturalization Services,"Immigration & Naturalization Services Richmond Hill , ON",,,https://www.thecbrb.ca/directory/immigration-naturalization-services/cbrb-best-businesses-in-canada-mirzadegan-immigration-and-citizenship-ser,https://www.thecbrb.ca/directory/immigration-naturalization-services,yes,CBRB directory public listing
Patel Canada Visa Consultancy Inc.,+15873490188,Immigration & Naturalization Services,"Immigration Consultant Calgary, AB",,,https://www.thecbrb.ca/directory/immigration-naturalization-services/cbrb-best-businesses-in-canada-patel-canada-visa-consultancy-inc,https://www.thecbrb.ca/directory/immigration-naturalization-services,yes,CBRB directory public listing
Acme Overseas,+17785641800,Immigration & Naturalization Services,"Corporate office Surrey, BC",,,https://www.thecbrb.ca/directory/immigration-naturalization-services/best-businesses-in-canada-2021-acme-overseas,https://www.thecbrb.ca/directory/immigration-naturalization-services,yes,CBRB directory public listing
AV Locky Immigration Solutions Inc.,+15192086430,Immigration & Naturalization Services,"Corporate office Kitchener, ON",,,https://www.thecbrb.ca/directory/immigration-naturalization-services/best-businesses-in-canada-2021-av-locky-immigration-solutions-inc,https://www.thecbrb.ca/directory/immigration-naturalization-services,yes,CBRB directory public listing
Bastion Immigration Consulting,+14379723697,Immigration & Naturalization Services,"Immigration Law Firm Toronto, ON",,,https://www.thecbrb.ca/directory/immigration-naturalization-services/cbrb-best-businesses-in-canada-2024-bastion-immigration-consulting,https://www.thecbrb.ca/directory/immigration-naturalization-services,yes,CBRB directory public listing
Brum Immigration,+17054080503,Immigration & Naturalization Services,"Immigration & Naturalization Services Ottawa, ON",,,https://www.thecbrb.ca/directory/immigration-naturalization-services/best-businesses-in-canada-2021-brum-immigration,https://www.thecbrb.ca/directory/immigration-naturalization-services,yes,CBRB directory public listing
Bright Tomorrows Immigration Services,+16136992305,Immigration & Naturalization Services,"Immigration Services Ottawa, ON",,,https://www.thecbrb.ca/directory/immigration-naturalization-services/best-businesses-in-canada-2021-bright-tomorrows-immigration-services,https://www.thecbrb.ca/directory/immigration-naturalization-services,yes,CBRB directory public listing
Bureau Conseil en Immigration,+15144182525,Immigration & Naturalization Services,"Immigration & Naturalization Services Montreal, QC",,,https://www.thecbrb.ca/directory/immigration-naturalization-services/cbrb-best-businesses-in-canada-2022-bureau-conseil-en-immigration,https://www.thecbrb.ca/directory/immigration-naturalization-services,yes,CBRB directory public listing
"Canadian Immigration and Employment Consulting Services, Inc.",+14033987203,Immigration & Naturalization Services,"Immigration Services Calgary, AB",,,https://www.thecbrb.ca/directory/immigration-naturalization-services/cbrb-best-businesses-in-canada-2023-ciecsi,https://www.thecbrb.ca/directory/immigration-naturalization-services,yes,CBRB directory public listing
Canada On Path Immigration Services,+16473020199,Immigration & Naturalization Services,"Legal services Mississauga, ON",,,https://www.thecbrb.ca/directory/immigration-naturalization-services/best-businesses-in-canada-2021-canada-on-path-immigration-services,https://www.thecbrb.ca/directory/immigration-naturalization-services,yes,CBRB directory public listing
Canada Rise Immigration Ltd - Seema Gill,+17788300150,Immigration & Naturalization Services,"Immigration Service Surrey, BC",,http://www.canadarise.ca,https://www.thecbrb.ca/directory/immigration-naturalization-services/best-businesses-in-canada-2022-canada-rise-immigration-ltd-seema-gill,https://www.thecbrb.ca/directory/immigration-naturalization-services,yes,CBRB directory public listing
Canadian Provincial Nominee & Immigration Services,+14164477033,Immigration & Naturalization Services,"Immigration & Naturalization Services Toronto, ON",,,https://www.thecbrb.ca/directory/immigration-naturalization-services/best-businesses-in-canada-2021-canadian-provincial-nominee-immigration,https://www.thecbrb.ca/directory/immigration-naturalization-services,yes,CBRB directory public listing
Canadian Title Immigration and Visa Consulting Inc.,+14165421000,Immigration & Naturalization Services,"Immigration and Visa Specialists Richmond Hill, ON",,https://ctivci.ca/,https://www.thecbrb.ca/directory/immigration-naturalization-services/best-businesses-in-canada-2021-canadian-title-immigration-and-visa-consul,https://www.thecbrb.ca/directory/immigration-naturalization-services,yes,CBRB directory public listing
CANKURD IMMIGRATION SERVICES INC,+14032932333,Immigration & Naturalization Services,"Immigration Services Calgary, AB",,,https://www.thecbrb.ca/directory/immigration-naturalization-services/best-businesses-in-canada-2021-cankurd-immigration-services-inc,https://www.thecbrb.ca/directory/immigration-naturalization-services,yes,CBRB directory public listing
CanNest Immigration Consulting,+16046623266,Immigration & Naturalization Services,"Immigration & Naturalization Services Vancouver, BC",,,https://www.thecbrb.ca/directory/immigration-naturalization-services/best-businesses-in-canada-2021-cannest-immigration-consulting,https://www.thecbrb.ca/directory/immigration-naturalization-services,yes,CBRB directory public listing
Career Plus Immigration Consultants Inc.,+17807098600,Immigration & Naturalization Services,"Immigration & Naturalization Service Edmonton, AB",,,https://www.thecbrb.ca/directory/immigration-naturalization-services/cbrb-best-businesses-in-canada-2024-career-plus-immigration-consultants-i,https://www.thecbrb.ca/directory/immigration-naturalization-services,yes,CBRB directory public listing
Clarke Immigration Law,+12045996966,Immigration & Naturalization Services,"Immigration Law Firm Winnipeg, MB",,https://www.apply2manitoba.ca/,https://www.thecbrb.ca/directory/immigration-naturalization-services/best-businesses-in-canada-2022-clarke-immigration-law,https://www.thecbrb.ca/directory/immigration-naturalization-services,yes,CBRB directory public listing
Compass Immigration Services,+16136180776,Immigration & Naturalization Services,"Immigration & Naturalization Services Ottawa, ON",,,https://www.thecbrb.ca/directory/immigration-naturalization-services/best-businesses-in-canada-2021-compass-immigration-services,https://www.thecbrb.ca/directory/immigration-naturalization-services,yes,CBRB directory public listing
Contreras Law,+16049170473,Immigration & Naturalization Services,"Immigration attorney Port Moody, BC",,,https://www.thecbrb.ca/directory/immigration-naturalization-services/best-businesses-in-canada-2021-contreras-law,https://www.thecbrb.ca/directory/immigration-naturalization-services,yes,CBRB directory public listing
Cougar Immigration,+15198002212,Immigration & Naturalization Services,"Law firm Windsor, ON",,,https://www.thecbrb.ca/directory/immigration-naturalization-services/cbrb-best-businesses-in-canada-2023-cougar-immigration,https://www.thecbrb.ca/directory/immigration-naturalization-services,yes,CBRB directory public listing
DV Dhaliwal Immigration Consultancy Ltd.,+17788669664,Immigration & Naturalization Services,,"Immigration & Naturalization Services Victoria, British Columbia",,https://www.thecbrb.ca/directory/immigration-naturalization-services/best-businesses-in-canada-2021-dv-dhaliwal-immigration-consultancy-ltd,https://www.thecbrb.ca/directory/immigration-naturalization-services,yes,CBRB directory public listing
Equality Immigration Services,+16472504005,Immigration & Naturalization Services,"Immigration Consulting Services Toronto, ON",,,https://www.thecbrb.ca/directory/immigration-naturalization-services/cbrb-best-businesses-in-canada-2023-equality-immigration-services,https://www.thecbrb.ca/directory/immigration-naturalization-services,yes,CBRB directory public listing
Fourway Immigration Services,+16474658894,Immigration & Naturalization Services,"Immigration Consulting Firm Brampton, ON",,,https://www.thecbrb.ca/directory/immigration-naturalization-services/cbrb-best-businesses-in-canada-2024-fourway-immigration-services,https://www.thecbrb.ca/directory/immigration-naturalization-services,yes,CBRB directory public listing
Get In Canada,+14389204030,Immigration & Naturalization Services,"Immigration attorney Montreal, QC",,,https://www.thecbrb.ca/directory/immigration-naturalization-services/best-businesses-in-canada-2022-get-in-canada,https://www.thecbrb.ca/directory/immigration-naturalization-services,yes,CBRB directory public listing
Gill Visa House Immigration Services Inc.,+16479630085,Immigration & Naturalization Services,"Immigration Consultant Cambridge, ON",,,https://www.thecbrb.ca/directory/immigration-naturalization-services/cbrb-best-businesses-in-canada-2024-gill-visa-house-immigration-services,https://www.thecbrb.ca/directory/immigration-naturalization-services,yes,CBRB directory public listing
Guru Immigration Solutions,+16478612509,Immigration & Naturalization Services,"Canadian Immigration Visa Consulting Services Brampton, ON",,,https://www.thecbrb.ca/directory/immigration-naturalization-services/cbrb-best-businesses-in-canada-2023-guru-immigration-solutions,https://www.thecbrb.ca/directory/immigration-naturalization-services,yes,CBRB directory public listing
Hua ling Consultant Inc.,+14166972088,Immigration & Naturalization Services,"Immigration Consulting Toronto, ON",,,https://www.thecbrb.ca/directory/immigration-naturalization-services/cbrb-best-businesses-in-canada-hua-ling-consultant-inc,https://www.thecbrb.ca/directory/immigration-naturalization-services,yes,CBRB directory public listing
Idea Immigration Solutions Ltd,+16045971119,Immigration & Naturalization Services,"Immigration Consultant Surrey, BC",,,https://www.thecbrb.ca/directory/immigration-naturalization-services/best-businesses-in-canada-2021-idea-immigration-solutions-ltd,https://www.thecbrb.ca/directory/immigration-naturalization-services,yes,CBRB directory public listing
I-DREAM IMMIGRATION INC,+17789813000,Immigration & Naturalization Services,"Immigration & naturalization service Surrey, BC",,http://www.idimmigration.com/,https://www.thecbrb.ca/directory/immigration-naturalization-services/best-businesses-in-canada-2021-i-dream-immigration-inc,https://www.thecbrb.ca/directory/immigration-naturalization-services,yes,CBRB directory public listing
Jet Immigration,+19055952255,Immigration & Naturalization Services,"Full Service Immigration Firm Brampton, ON",,,https://www.thecbrb.ca/directory/immigration-naturalization-services/cbrb-best-businesses-in-canada-2022-jet-immigration,https://www.thecbrb.ca/directory/immigration-naturalization-services,yes,CBRB directory public listing
"Kahlon Law Office - Arshdeep Kahlon, Barrister and Solicitor",+16476767174,Immigration & Naturalization Services,"Immigration attorney Brampton, ON",,,https://www.thecbrb.ca/directory/immigration-naturalization-services/best-businesses-in-canada-2021-kahlon-law-office-arshdeep-kahlon-barri,https://www.thecbrb.ca/directory/immigration-naturalization-services,yes,CBRB directory public listing
Leila Maham Immigration Services,+14169995757,Immigration & Naturalization Services,"Consultant Toronto, ON",,,https://www.thecbrb.ca/directory/immigration-naturalization-services/cbrb-best-businesses-in-canada-2023-leila-maham-immigration-services,https://www.thecbrb.ca/directory/immigration-naturalization-services,yes,CBRB directory public listing
Mansouri Immigration Firm,+16044685747,Immigration & Naturalization Services,"Immigration & Naturalization Services Vancouver, BC",,,https://www.thecbrb.ca/directory/immigration-naturalization-services/cbrb-best-businesses-in-canada-2023-mansouri-immigration-firm,https://www.thecbrb.ca/directory/immigration-naturalization-services,yes,CBRB directory public listing
MDSVISA Immigration Services,+19057669600,Immigration & Naturalization Services,"Immigration & Naturalization Services Mississauga , ON",,,https://www.thecbrb.ca/directory/immigration-naturalization-services/best-businesses-in-canada-2021-mdsvisa-immigration-services,https://www.thecbrb.ca/directory/immigration-naturalization-services,yes,CBRB directory public listing
Migrating Bird Immigration Services Inc,+16043621969,Immigration & Naturalization Services,"Immigration & Naturalization Services North Vancouver, BC",,,https://www.thecbrb.ca/directory/immigration-naturalization-services/cbrb-best-businesses-in-canada-2023-migrating-bird-immigration-services,https://www.thecbrb.ca/directory/immigration-naturalization-services,yes,CBRB directory public listing
NIA Immigration Services,+16044455555,Immigration & Naturalization Services,"Immigration Attorney North Vancouver , BC",,,https://www.thecbrb.ca/directory/immigration-naturalization-services/cbrb-best-businesses-in-canada-2023-nia-immigration-services,https://www.thecbrb.ca/directory/immigration-naturalization-services,yes,CBRB directory public listing
Nohproblem Consulting INC and Jungmin Noh Immigration Consulting,+16047578688,Immigration & Naturalization Services,"Immigration and Education Consulting Business Vancouver , BC",,,https://www.thecbrb.ca/directory/immigration-naturalization-services/best-businesses-in-canada-2021-nohproblem-consulting,https://www.thecbrb.ca/directory/immigration-naturalization-services,yes,CBRB directory public listing
Nova Pathway Immigration Service Inc.,+14168007857,Immigration & Naturalization Services,"Education and Immigration Service Company Toronto, ON",,,https://www.thecbrb.ca/directory/immigration-naturalization-services/cbrb-best-businesses-in-canada-2023-nova-pathway-immigration-service-inc,https://www.thecbrb.ca/directory/immigration-naturalization-services,yes,CBRB directory public listing
Perez McKenzie Immigration,+17786509700,Immigration & Naturalization Services,,"Consultant Vancouver, British Columbia",,https://www.thecbrb.ca/directory/immigration-naturalization-services/best-businesses-in-canada-2021-perez-mckenzie-immigration,https://www.thecbrb.ca/directory/immigration-naturalization-services,yes,CBRB directory public listing
Rainbow Immigration Ltd.,+12042027900,Immigration & Naturalization Services,,"Immigration & Naturalization Services Winnipeg, Manitoba",,https://www.thecbrb.ca/directory/immigration-naturalization-services/best-businesses-in-canada-2021-rainbow-immigration-ltd,https://www.thecbrb.ca/directory/immigration-naturalization-services,yes,CBRB directory public listing
Swallow Immigration Consultancy Inc,+15062068585,Immigration & Naturalization Services,,"Immigration & Naturalization Services Fredericton, New Brunswick",,https://www.thecbrb.ca/directory/immigration-naturalization-services/best-businesses-in-canada-2021-swallow-immigration-consultancy-inc,https://www.thecbrb.ca/directory/immigration-naturalization-services,yes,CBRB directory public listing
Taaj Insurance Services,+12049968200,Immigration & Naturalization Services,,"Immigration & Naturalization Services Winnipeg, Manitoba",,https://www.thecbrb.ca/directory/immigration-naturalization-services/best-businesses-in-canada-2021-taaj-insurance-services,https://www.thecbrb.ca/directory/immigration-naturalization-services,yes,CBRB directory public listing
The Immigration Express,+18772392324,Immigration & Naturalization Services,,"Immigration & Naturalization Services Toronto, Ontario",,https://www.thecbrb.ca/directory/immigration-naturalization-services/best-businesses-in-canada-2022-the-immigration-express,https://www.thecbrb.ca/directory/immigration-naturalization-services,yes,CBRB directory public listing
Truway Immigration Consulting,+12896087408,Immigration & Naturalization Services,,"Immigration & Naturalization Services Mississauga, Ontario",,https://www.thecbrb.ca/directory/immigration-naturalization-services/best-businesses-in-canada-2022-truway-immigration-consulting,https://www.thecbrb.ca/directory/immigration-naturalization-services,yes,CBRB directory public listing
Visarete Immigration Services,+14168294753,Immigration & Naturalization Services,,"Immigration & Naturalization Services Whitby, Ontario",,https://www.thecbrb.ca/directory/immigration-naturalization-services/best-businesses-in-canada-2022-visarete-immigration-services,https://www.thecbrb.ca/directory/immigration-naturalization-services,yes,CBRB directory public listing
VisapourCanada,+15148333663,Immigration & Naturalization Services,"Regulated Canadian Immigration Consultants Saint-Zotique, QC",,https://visapourcanada.com/en/,https://www.thecbrb.ca/directory/immigration-naturalization-services/cbrb-best-businesses-in-canada-2022-visapourcanada,https://www.thecbrb.ca/directory/immigration-naturalization-services,yes,CBRB directory public listing
Waterbrooke Immigration Services Inc.,+16478184429,Immigration & Naturalization Services,"Licensed Immigration Consultants Brampton, ON",,,https://www.thecbrb.ca/directory/immigration-naturalization-services/cbrb-best-businesses-in-canada-2023-waterbrooke-immigration-services-inc,https://www.thecbrb.ca/directory/immigration-naturalization-services,yes,CBRB directory public listing
WestSquare Immigration Services Limited,+17802433786,Immigration & Naturalization Services,"Immigration Attorney Edmonton , AB",,,https://www.thecbrb.ca/directory/immigration-naturalization-services/best-businesses-in-canada-2021-westsquare-immigration-services-limited,https://www.thecbrb.ca/directory/immigration-naturalization-services,yes,CBRB directory public listing
Yarsa Immigration Services,+16047638817,Immigration & Naturalization Services,"Immigration Attorney Port Moody, BC",,,https://www.thecbrb.ca/directory/immigration-naturalization-services/cbrb-best-businesses-in-canada-2024-yarsa-immigration-services,https://www.thecbrb.ca/directory/immigration-naturalization-services,yes,CBRB directory public listing
Yoke Immigration Services Ltd,+19059043224,Immigration & Naturalization Services,"Canadian Immigration Services Toronto, ON",,,https://www.thecbrb.ca/directory/immigration-naturalization-services/cbrb-best-businesses-in-canada-2023-yoke-immigration-services-ltd,https://www.thecbrb.ca/directory/immigration-naturalization-services,yes,CBRB directory public listing
Condesa Jewelry Expertise,+16048741879,Jewelry and Accessory Stores,,"Jewelry Designer Vancouver, British Columbia",,https://www.thecbrb.ca/directory/jewelry-and-accessory-stores/cbrb-best-businesses-in-canada-condesa-jewelry-expertise,https://www.thecbrb.ca/directory/jewelry-and-accessory-stores,no,CBRB directory public listing
Independent Jewellers,+17804846342,Jewelry and Accessory Stores,,"Jewellery Store Edmonton, Alberta",,https://www.thecbrb.ca/directory/jewelry-and-accessory-stores/cbrb-best-businesses-in-canada-independent-jewellers,https://www.thecbrb.ca/directory/jewelry-and-accessory-stores,no,CBRB directory public listing
Seven Stones by Kimberly,,Jewelry and Accessory Stores,,"Custom Crystal & Diamond Jeweller Fort McMurray, Alberta",,https://www.thecbrb.ca/directory/jewelry-and-accessory-stores/cbrb-best-businesses-in-canada-seven-stones-by-kimberly,https://www.thecbrb.ca/directory/jewelry-and-accessory-stores,no,CBRB directory public listing
Zadel Jewellery Studio,+16046843866,Jewelry and Accessory Stores,,"Jewelry Store Vancouver, British Columbia",,https://www.thecbrb.ca/directory/jewelry-and-accessory-stores/best-businesses-in-canada-zadel-jewellery-studio,https://www.thecbrb.ca/directory/jewelry-and-accessory-stores,no,CBRB directory public listing
Atelier Dacko,+16479838781,Jewelry and Accessory Stores,,"Jeweler Toronto , Ontario",,https://www.thecbrb.ca/directory/jewelry-and-accessory-stores/best-businesses-in-canada-2022-atelier-dacko,https://www.thecbrb.ca/directory/jewelry-and-accessory-stores,no,CBRB directory public listing
Em’s Crystals,+12896544910,Jewelry and Accessory Stores,,"Jewelry Store Windsor, Ontario",,https://www.thecbrb.ca/directory/jewelry-and-accessory-stores/cbrb-best-businesses-in-canada-2023-ems-crystals,https://www.thecbrb.ca/directory/jewelry-and-accessory-stores,no,CBRB directory public listing
J. Vair Anderson Jewellers,+14032661669,Jewelry and Accessory Stores,,"Luxury Jewellery Store Calgary , Alberta",,https://www.thecbrb.ca/directory/jewelry-and-accessory-stores/cbrb-best-businesses-in-canada-2024-j-vair-anderson-jewellers,https://www.thecbrb.ca/directory/jewelry-and-accessory-stores,no,CBRB directory public listing
JY Jewellery,+19053379200,Jewelry and Accessory Stores,,"Jewelry store Oakville , Ontario",,https://www.thecbrb.ca/directory/jewelry-and-accessory-stores/best-businesses-in-canada-2021-jy-jewellery,https://www.thecbrb.ca/directory/jewelry-and-accessory-stores,no,CBRB directory public listing
Maison Goldberg Bijouterie,+15149351245,Jewelry and Accessory Stores,"Private Jeweler,","Jewelry Designer and Custom Engagement Rings Montreal, Quebec",,https://www.thecbrb.ca/directory/jewelry-and-accessory-stores/cbrb-best-businesses-in-canada-2023-maison-goldberg-bijouterie,https://www.thecbrb.ca/directory/jewelry-and-accessory-stores,no,CBRB directory public listing
National Jewel Creations,+16473504949,Jewelry and Accessory Stores,,"Diamond Dealers & Custom Engagement Ring Designers Toronto , Ontario",,https://www.thecbrb.ca/directory/jewelry-and-accessory-stores/best-businesses-in-canada-2022-national-jewel-creations,https://www.thecbrb.ca/directory/jewelry-and-accessory-stores,no,CBRB directory public listing
Po Tsui Jade & Jewellery,+19055130505,Jewelry and Accessory Stores,,"Jewelry store Markham , Ontario",,https://www.thecbrb.ca/directory/jewelry-and-accessory-stores/best-businesses-in-canada-2021-po-tsui-jade-jewellery,https://www.thecbrb.ca/directory/jewelry-and-accessory-stores,no,CBRB directory public listing
SALT. Fine Jewelry Inc,,Jewelry and Accessory Stores,,"Jewelry Store Toronto , Ontario",,https://www.thecbrb.ca/directory/jewelry-and-accessory-stores/cbrb-best-businesses-in-canada-2023-salt-fine-jewelry-inc,https://www.thecbrb.ca/directory/jewelry-and-accessory-stores,no,CBRB directory public listing
The 360 Shop,+19057618407,Jewelry and Accessory Stores,,"Watch Repair Service Vaughan, Ontario",,https://www.thecbrb.ca/directory/jewelry-and-accessory-stores/best-businesses-in-canada-2022-the-360-shop,https://www.thecbrb.ca/directory/jewelry-and-accessory-stores,no,CBRB directory public listing
The Pirate + The Gypsy Jewelry,+16045531937,Jewelry and Accessory Stores,,"Jewelry designer New Westminster, British Columbia",,https://www.thecbrb.ca/directory/jewelry-and-accessory-stores/best-businesses-in-canada-2021-the-pirate-the-gypsy-jewelry,https://www.thecbrb.ca/directory/jewelry-and-accessory-stores,no,CBRB directory public listing
Uppdoo Boutique,+16473500916,Jewelry and Accessory Stores,,"Leather Goods Store Toronto, Ontario",https://uppdoo.com/,https://www.thecbrb.ca/directory/jewelry-and-accessory-stores/cbrb-best-businesses-in-canada-2022-uppdoo-boutique,https://www.thecbrb.ca/directory/jewelry-and-accessory-stores,no,CBRB directory public listing
Valencia Jewellery,+19056159009,Jewelry and Accessory Stores,,"Jewelry Store Mississauga, Ontario",,https://www.thecbrb.ca/directory/jewelry-and-accessory-stores/cbrb-best-businesses-in-canada-2024-valencia-jewellery,https://www.thecbrb.ca/directory/jewelry-and-accessory-stores,no,CBRB directory public listing
Vancouver Cash for Gold,+16045582026,Jewelry and Accessory Stores,,"Jewelry buyer Vancouver, British Columbia",,https://www.thecbrb.ca/directory/jewelry-and-accessory-stores/best-businesses-in-canada-2021-vancouver-cash-for-gold,https://www.thecbrb.ca/directory/jewelry-and-accessory-stores,no,CBRB directory public listing
Watchfinder,+14169280128,Jewelry and Accessory Stores,,"Watch store Toronto, Ontario",,https://www.thecbrb.ca/directory/jewelry-and-accessory-stores/cbrb-best-businesses-in-canada-2023-watchfinder,https://www.thecbrb.ca/directory/jewelry-and-accessory-stores,no,CBRB directory public listing
Zen Moissanite,,Jewelry and Accessory Stores,,"Jeweler Wendover, Ontario",,https://www.thecbrb.ca/directory/jewelry-and-accessory-stores/cbrb-best-businesses-in-canada-2023-zen-moissanite,https://www.thecbrb.ca/directory/jewelry-and-accessory-stores,no,CBRB directory public listing
Anytime Landscaping Inc.,,Landscapers,"Landscaping & Property Maintenance Services Brampton, ON",,,https://www.thecbrb.ca/directory/landscapers/cbrb-best-businesses-in-canada-anytime-landscaping-inc,https://www.thecbrb.ca/directory/landscapers,yes,CBRB directory public listing
416-788-7124,,Landscapers,,,,https://www.thecbrb.ca/directory/landscapers/cbrb-best-businesses-in-canada-anytime-landscaping-inc,https://www.thecbrb.ca/directory/landscapers,yes,CBRB directory public listing
Bugaboo Landscaping Ltd,+14032837843,Landscapers,,"Property Maintenance Calgary, Alberta",,https://www.thecbrb.ca/directory/landscapers/cbrb-best-businesses-in-canada-bugaboo-landscaping-ltd,https://www.thecbrb.ca/directory/landscapers,yes,CBRB directory public listing
Burlington Landscaping and Sod,+19058185922,Landscapers,,"Sod & Irrigation Installation Services Burlington, Ontario",,https://www.thecbrb.ca/directory/landscapers/cbrb-best-businesses-in-canada-burlington-landscaping-and-sod,https://www.thecbrb.ca/directory/landscapers,yes,CBRB directory public listing
LandSharx,+14034568500,Landscapers,,"Lawn Care & Snow Removal Services Calgary, Alberta",,https://www.thecbrb.ca/directory/landscapers/cbrb-best-businesses-in-canada-landsharx,https://www.thecbrb.ca/directory/landscapers,yes,CBRB directory public listing
Nick's Renoland Inc.,+16043382566,Landscapers,,"Landscaping Company Surrey, British Columbia",,https://www.thecbrb.ca/directory/landscapers/cbrb-best-businesses-in-canada-nicks-renoland-inc,https://www.thecbrb.ca/directory/landscapers,yes,CBRB directory public listing
Oakville Fence Repair Ltd,+16474954151,Landscapers,"Fence,","Landscaping & Snow Removal Contractor Burlington, Ontario",,https://www.thecbrb.ca/directory/landscapers/cbrb-best-businesses-in-canada-oakville-fence-repair-ltd,https://www.thecbrb.ca/directory/landscapers,yes,CBRB directory public listing
Silvestro Landscape Construction Inc.,+15197716977,Landscapers,,"Landscape Construction Brantford, Ontario",,https://www.thecbrb.ca/directory/landscapers/cbrb-best-businesses-in-canada-silvestro-landscape-construction-inc,https://www.thecbrb.ca/directory/landscapers,yes,CBRB directory public listing
"The Growing Season, Inc.",+14164524889,Landscapers,,"Landscape Design & Installation Services Bolton, Ontario",,https://www.thecbrb.ca/directory/landscapers/cbrb-best-businesses-in-canada-the-growing-season-inc,https://www.thecbrb.ca/directory/landscapers,yes,CBRB directory public listing
Aussie Tree Care,+16132831698,Landscapers,,"Tree Services Lombardy, Ontario",,https://www.thecbrb.ca/directory/landscapers/cbrb-best-businesses-in-canada-2024-aussie-tree-care,https://www.thecbrb.ca/directory/landscapers,yes,CBRB directory public listing
Be Yard Smart Inc.,+14035480055,Landscapers,,"Lawn Care & Snow Removal Medicine Hat, Alberta",https://www.yardsmartmedicinehat.com/,https://www.thecbrb.ca/directory/landscapers/best-businesses-in-canada-2022-be-yard-smart-inc,https://www.thecbrb.ca/directory/landscapers,yes,CBRB directory public listing
Brad's Tree Service,+17056072684,Landscapers,,"Tree service Barrie, Ontario",,https://www.thecbrb.ca/directory/landscapers/best-businesses-in-canada-2021-brads-tree-service,https://www.thecbrb.ca/directory/landscapers,yes,CBRB directory public listing
Diamond Cut Lawn Services Ltd.,+14035271100,Landscapers,,"Lawn Maintenance and Vegetation Control Medicine Hat, Alberta",,https://www.thecbrb.ca/directory/landscapers/cbrb-best-businesses-in-canada-2022-diamond-cut-lawn-services-ltd,https://www.thecbrb.ca/directory/landscapers,yes,CBRB directory public listing
Fontaine Contracting LTD.,+16048455441,Landscapers,,"Landscaper Chilliwack, British Columbia",,https://www.thecbrb.ca/directory/landscapers/cbrb-best-businesses-in-canada-2023-fontaine-contracting-ltd,https://www.thecbrb.ca/directory/landscapers,yes,CBRB directory public listing
Froman's Landscaping,+15197560704,Landscapers,,"Landscape designer Brantford, Ontario",,https://www.thecbrb.ca/directory/landscapers/best-businesses-in-canada-2022-fromans-landscaping,https://www.thecbrb.ca/directory/landscapers,yes,CBRB directory public listing
Great White Landscaping & Snow Removal Ltd.,+15196483735,Landscapers,Landscape architect Ontario,,,https://www.thecbrb.ca/directory/landscapers/best-businesses-in-canada-2022-great-white-landscaping-snow-removal-ltd,https://www.thecbrb.ca/directory/landscapers,yes,CBRB directory public listing
Green Blade Lawn Care,+12048371764,Landscapers,Lawn Care & Snow Clearing Services Manitoba,,,https://www.thecbrb.ca/directory/landscapers/cbrb-best-businesses-in-canada-2024-green-blade-lawn-care,https://www.thecbrb.ca/directory/landscapers,yes,CBRB directory public listing
Greenfield Landscaping and Lawn Care,+19057097773,Landscapers,,"Landscaper Markham, Ontario",,https://www.thecbrb.ca/directory/landscapers/best-businesses-in-canada-2022-greenfield-landscaping-and-lawn-care,https://www.thecbrb.ca/directory/landscapers,yes,CBRB directory public listing
Groupe Delsol,+15142606890,Landscapers,,"Landscaping supply store Boisbriand, Quebec",http://www.hhsedmonton.com/,https://www.thecbrb.ca/directory/landscapers/best-businesses-in-canada-2021-groupe-delsol,https://www.thecbrb.ca/directory/landscapers,yes,CBRB directory public listing
H.S Lawn Care and Property Maintenance,+19055123680,Landscapers,,"Landscaping Services Hamilton, Ontario",https://imaginelawns.ca/,https://www.thecbrb.ca/directory/landscapers/best-businesses-in-canada-2022-h-s-lawn-care-and-property-maintenance,https://www.thecbrb.ca/directory/landscapers,yes,CBRB directory public listing
Kalagan Outdoor Design,+12503069449,Landscapers,,"Landscaping Services Vernon, British Columbia",https://kalaganoutdoordesign.com/,https://www.thecbrb.ca/directory/landscapers/best-businesses-in-canada-2022-kalagan-outdoor-design,https://www.thecbrb.ca/directory/landscapers,yes,CBRB directory public listing
LOTUS,+14166717270,Landscapers,,"Landscape Contractor Toronto, Ontario",,https://www.thecbrb.ca/directory/landscapers/best-businesses-in-canada-2021-lotus,https://www.thecbrb.ca/directory/landscapers,yes,CBRB directory public listing
M&S Landscaping Design And Build Inc.,+16474606782,Landscapers,,"Residential and Commercial Landscaping Services Toronto, Ontario",,https://www.thecbrb.ca/directory/landscapers/best-businesses-in-canada-2022-ms-landscaping-design-and-build-inc,https://www.thecbrb.ca/directory/landscapers,yes,CBRB directory public listing
Newfoundlandscape Design & Construction Inc.,+16132985041,Landscapers,,"Landscape Contractor Ottawa, Ontario",,https://www.thecbrb.ca/directory/landscapers/cbrb-best-businesses-in-canada-2024-newfoundlandscape-design,https://www.thecbrb.ca/directory/landscapers,yes,CBRB directory public listing
Norse Landscapes,+14039091861,Landscapers,,"Landscaping Calgary, Alberta",https://norselandscapes.ca/,https://www.thecbrb.ca/directory/landscapers/best-businesses-in-canada-2021-norse-landscapes,https://www.thecbrb.ca/directory/landscapers,yes,CBRB directory public listing
Okanagan Yard Works,+12508990981,Landscapers,,"Landscape Contractor Kelowna, British Columbia",,https://www.thecbrb.ca/directory/landscapers/best-businesses-in-canada-2021-okanagan-yard-works,https://www.thecbrb.ca/directory/landscapers,yes,CBRB directory public listing
Paterson Yard Works,+12042963698,Landscapers,,"Landscaping and Lawn Care Service Niverville, Manitoba",,https://www.thecbrb.ca/directory/landscapers/best-businesses-in-canada-2022-paterson-yard-works,https://www.thecbrb.ca/directory/landscapers,yes,CBRB directory public listing
Paysagement Duguay,+14389330876,Landscapers,,"Landscaper Laval, Quebec",,https://www.thecbrb.ca/directory/landscapers/cbrb-best-businesses-in-canada-2023-paysagement-duguay,https://www.thecbrb.ca/directory/landscapers,yes,CBRB directory public listing
Professional Tree Removal,+12506122520,Landscapers,,"Tree Service Prince George, British Columbia",,https://www.thecbrb.ca/directory/landscapers/best-businesses-in-canada-2022-professional-tree-removal,https://www.thecbrb.ca/directory/landscapers,yes,CBRB directory public listing
The Gardener - Peterborough,+17057415505,Landscapers,,"Landscaper Cavan, Ontario",,https://www.thecbrb.ca/directory/landscapers/cbrb-best-businesses-in-canada-2023-the-gardener-peterborough,https://www.thecbrb.ca/directory/landscapers,yes,CBRB directory public listing
Tree and Tractor,+18076205625,Landscapers,,"Arborist and Tree Surgeon Thunder Bay, Ontario",,https://www.thecbrb.ca/directory/landscapers/cbrb-best-businesses-in-canada-2023-tree-and-tractor,https://www.thecbrb.ca/directory/landscapers,yes,CBRB directory public listing
Trillium Property Services,+14169518533,Landscapers,,"Landscaping Company Aurora, Ontario",https://www.aurorasnowremoval.ca/,https://www.thecbrb.ca/directory/landscapers/cbrb-best-businesses-in-canada-2023-trillium-property-services,https://www.thecbrb.ca/directory/landscapers,yes,CBRB directory public listing
Verdant Landscape Design Build Management,+12262380591,Landscapers,,"Landscape and Design Build Management Ingersoll, Ontario",,https://www.thecbrb.ca/directory/landscapers/best-businesses-in-canada-2022-verdant-landscape-design-build-management,https://www.thecbrb.ca/directory/landscapers,yes,CBRB directory public listing
Vertical Landscape Architects Inc.,+14165188446,Landscapers,,"Landscape architect Toronto, Ontario",,https://www.thecbrb.ca/directory/landscapers/best-businesses-in-canada-2021-vertical-landscape-architects-inc,https://www.thecbrb.ca/directory/landscapers,yes,CBRB directory public listing
Azimi Law,+14169004128,Lawyers & Legal Services,"Personal Injury & Immigration Legal Services Toronto, ON",,,https://www.thecbrb.ca/directory/lawyers-legal-services/cbrb-best-businesses-in-canada-azimi-law,https://www.thecbrb.ca/directory/lawyers-legal-services,yes,CBRB directory public listing
Cheryl A. Hodgkin - The Family Law Firm,+15192585252,Lawyers & Legal Services,"Family Law Firm Windsor, ON",,,https://www.thecbrb.ca/directory/lawyers-legal-services/cbrb-best-businesses-in-canada-cheryl-a-hodgkin-the-family-law-firm,https://www.thecbrb.ca/directory/lawyers-legal-services,yes,CBRB directory public listing
Ford Haymour & Associates LLP,+14032456464,Lawyers & Legal Services,"Full-Service Law Firm Calgar y , AB",,,https://www.thecbrb.ca/directory/lawyers-legal-services/cbrb-best-businesses-in-canada-ford-haymour-associates-llp,https://www.thecbrb.ca/directory/lawyers-legal-services,yes,CBRB directory public listing
J. Donovan Law Group,+15064068080,Lawyers & Legal Services,"Law Firm Fredericton, NB",,,https://www.thecbrb.ca/directory/lawyers-legal-services/cbrb-best-businesses-in-canada-j-donovan-law-group,https://www.thecbrb.ca/directory/lawyers-legal-services,yes,CBRB directory public listing
Joseph A. Nagy Injury Law,+17807604878,Lawyers & Legal Services,"Personal Injury Attorney Edmonton, AB",,,https://www.thecbrb.ca/directory/lawyers-legal-services/cbrb-best-businesses-in-canada-joseph-a-nagy-injury-law,https://www.thecbrb.ca/directory/lawyers-legal-services,yes,CBRB directory public listing
Kantor LLP,+14034522011,Lawyers & Legal Services,"Estate Litigation Lawyers Calgary, AB",,,https://www.thecbrb.ca/directory/lawyers-legal-services/cbrb-best-businesses-in-canada-kantor-llp,https://www.thecbrb.ca/directory/lawyers-legal-services,yes,CBRB directory public listing
La Boîte Juridique,+18197788809,Lawyers & Legal Services,"Civil Litigation and Business Lawyers Gatineau, QC",,,https://www.thecbrb.ca/directory/lawyers-legal-services/cbrb-best-businesses-in-canada-la-boîte-juridique,https://www.thecbrb.ca/directory/lawyers-legal-services,yes,CBRB directory public listing
Oatley Vigmond LLP,+14162256550,Lawyers & Legal Services,"Personal Injury Law Firm Toronto, ON",,,https://www.thecbrb.ca/directory/lawyers-legal-services/cbrb-best-businesses-in-canada-oatley-vigmond-llp,https://www.thecbrb.ca/directory/lawyers-legal-services,yes,CBRB directory public listing
Pardon Applications of Canada,+18663839744,Lawyers & Legal Services,"Processing Firm Ottawa, ON",,https://www.pardonapplications.ca,https://www.thecbrb.ca/directory/lawyers-legal-services/cbrb-best-businesses-in-canada-pardon-applications-of-canada,https://www.thecbrb.ca/directory/lawyers-legal-services,yes,CBRB directory public listing
Pipella Law,+14032658733,Lawyers & Legal Services,"Personal Injury Law Firm Calgary, AB",,,https://www.thecbrb.ca/directory/lawyers-legal-services/cbrb-best-businesses-in-canada-pipella-law,https://www.thecbrb.ca/directory/lawyers-legal-services,yes,CBRB directory public listing
Renée Cormier Law,+15063515222,Lawyers & Legal Services,"General Practice Attorney Shediac, NB",,,https://www.thecbrb.ca/directory/lawyers-legal-services/cbrb-best-businesses-in-canada-renée-cormier-law,https://www.thecbrb.ca/directory/lawyers-legal-services,yes,CBRB directory public listing
Resolve Legal Group,+14032292365,Lawyers & Legal Services,"Family Law Firm & Divorce Lawyers Calgary, AB",,,https://www.thecbrb.ca/directory/lawyers-legal-services/cbrb-best-businesses-in-canada-resolve-legal-group,https://www.thecbrb.ca/directory/lawyers-legal-services,yes,CBRB directory public listing
SMP Law,+19055659494,Lawyers & Legal Services,"Family Law Firm Mississauga , ON",,,https://www.thecbrb.ca/directory/lawyers-legal-services/cbrb-best-businesses-in-canada-smp-law,https://www.thecbrb.ca/directory/lawyers-legal-services,yes,CBRB directory public listing
Stokes Law LLP,+15874334623,Lawyers & Legal Services,"Family Law Firm and Mediation Services Calgary, AB",,,https://www.thecbrb.ca/directory/lawyers-legal-services/cbrb-best-businesses-in-canada-stokes-law-llp,https://www.thecbrb.ca/directory/lawyers-legal-services,yes,CBRB directory public listing
Valent Legal,+19024434488,Lawyers & Legal Services,"Personal Injury Law Firm Halifax, NS",,,https://www.thecbrb.ca/directory/lawyers-legal-services/cbrb-best-businesses-in-canada-valent-legal,https://www.thecbrb.ca/directory/lawyers-legal-services,yes,CBRB directory public listing
Vosooghi Law Professional Corporation,+14169988900,Lawyers & Legal Services,"Law Firm Richmond Hill , ON",,,https://www.thecbrb.ca/directory/lawyers-legal-services/cbrb-best-businesses-in-canada-vosooghi-law-professional-corporation,https://www.thecbrb.ca/directory/lawyers-legal-services,yes,CBRB directory public listing
Amer Ali Law Professional Corporation,+13436335997,Lawyers & Legal Services,"Real Estate Lawyer Ottawa, ON",,,https://www.thecbrb.ca/directory/lawyers-legal-services/best-businesses-in-canada-2022-amer-ali-law-professional-corporation,https://www.thecbrb.ca/directory/lawyers-legal-services,yes,CBRB directory public listing
Bourdon Defence,+14034744143,Lawyers & Legal Services,"Criminal Defence Lawyer Calgary, AB",,,https://www.thecbrb.ca/directory/lawyers-legal-services/best-businesses-in-canada-2022-bourdon-defence,https://www.thecbrb.ca/directory/lawyers-legal-services,yes,CBRB directory public listing
BPark Law Professional Corporation,+16473750088,Lawyers & Legal Services,"Law Firm Oakville, ON",,,https://www.thecbrb.ca/directory/lawyers-legal-services/cbrb-best-businesses-in-canada-2023-bpark-law-professional-corporation,https://www.thecbrb.ca/directory/lawyers-legal-services,yes,CBRB directory public listing
Cantini Law,+15068672529,Lawyers & Legal Services,"Personal Injury Attorney Moncton, N B",,,https://www.thecbrb.ca/directory/lawyers-legal-services/cbrb-best-businesses-in-canada-2022-cantini-law,https://www.thecbrb.ca/directory/lawyers-legal-services,yes,CBRB directory public listing
Caprara Barristers (CBLAW),+14167819350,Lawyers & Legal Services,"Personal Injury Attorney Vaughan, ON",,,https://www.thecbrb.ca/directory/lawyers-legal-services/cbrb-best-businesses-in-canada-2023-caprara-barristers-cblaw,https://www.thecbrb.ca/directory/lawyers-legal-services,yes,CBRB directory public listing
Chartrand Law Office,+17809998001,Lawyers & Legal Services,"Lawyers Edmonton, AB",,,https://www.thecbrb.ca/directory/lawyers-legal-services/cbrb-best-businesses-in-canada-2022-chartrand-law-office,https://www.thecbrb.ca/directory/lawyers-legal-services,yes,CBRB directory public listing
Cuming & Gillespie,+14035710555,Lawyers & Legal Services,"Injury Law Firm Calgary, AB",,,https://www.thecbrb.ca/directory/lawyers-legal-services/cbrb-best-businesses-in-canada-2023-cuming-gillespie,https://www.thecbrb.ca/directory/lawyers-legal-services,yes,CBRB directory public listing
Davidson & Williams LLP,+14033281766,Lawyers & Legal Services,"General practice attorney Lethbridge, AB",,,https://www.thecbrb.ca/directory/lawyers-legal-services/best-businesses-in-canada-2022-davidson-williams-llp,https://www.thecbrb.ca/directory/lawyers-legal-services,yes,CBRB directory public listing
Edmonton Criminal Lawyer Ziv,+17806867948,Lawyers & Legal Services,"Criminal Defence Lawyer Edmonton, AB",,,https://www.thecbrb.ca/directory/lawyers-legal-services/best-businesses-in-canada-2022-edmonton-criminal-lawyer-ziv,https://www.thecbrb.ca/directory/lawyers-legal-services,yes,CBRB directory public listing
Gavran Criminal Defence,+16476246324,Lawyers & Legal Services,"Legal Services Toronto, ON",,,https://www.thecbrb.ca/directory/lawyers-legal-services/best-businesses-in-canada-2021-gavran-criminal-defence,https://www.thecbrb.ca/directory/lawyers-legal-services,yes,CBRB directory public listing
GK Law Firm,+15199460275,Lawyers & Legal Services,"Law Firm Windsor, ON",,,https://www.thecbrb.ca/directory/lawyers-legal-services/cbrb-best-businesses-in-canada-2022-gk-law-firm-professional-corporation,https://www.thecbrb.ca/directory/lawyers-legal-services,yes,CBRB directory public listing
Graydon Sheppard Professional Corporation,+19055241660,Lawyers & Legal Services,"Civil Litigation Lawyers Hamilton, ON",,,https://www.thecbrb.ca/directory/lawyers-legal-services/cbrb-best-businesses-in-canada-2023-graydon-sheppard-professional-corpora,https://www.thecbrb.ca/directory/lawyers-legal-services,yes,CBRB directory public listing
Gordon & Company,+12508609997,Lawyers & Legal Services,"Law Firm Kelowna, B C",,,https://www.thecbrb.ca/directory/lawyers-legal-services/cbrb-best-businesses-in-canada-2023-gordon-company,https://www.thecbrb.ca/directory/lawyers-legal-services,yes,CBRB directory public listing
Harneet Singh Legal Professional Corporation,+14166042227,Lawyers & Legal Services,"Law firm Toronto, ON",,,https://www.thecbrb.ca/directory/lawyers-legal-services/best-businesses-in-canada-2022-harneet-singh-legal-professional-corporati,https://www.thecbrb.ca/directory/lawyers-legal-services,yes,CBRB directory public listing
Hepburn Law,+19058695488,Lawyers & Legal Services,"Criminal Defence Lawyer Hamilton, ON",,,https://www.thecbrb.ca/directory/lawyers-legal-services/cbrb-best-businesses-in-canada-2024-hepburn-law,https://www.thecbrb.ca/directory/lawyers-legal-services,yes,CBRB directory public listing
Horra Family Law,+14168401475,Lawyers & Legal Services,"Corporate office Markham, ON",,,https://www.thecbrb.ca/directory/lawyers-legal-services/best-businesses-in-canada-2021-horra-family-law,https://www.thecbrb.ca/directory/lawyers-legal-services,yes,CBRB directory public listing
James H. Brown & Associates,+17804280088,Lawyers & Legal Services,"Personal Injury Law Edmonton, AB",,,https://www.thecbrb.ca/directory/lawyers-legal-services/cbrb-best-businesses-in-canada-2024-james-h-brown-associates,https://www.thecbrb.ca/directory/lawyers-legal-services,yes,CBRB directory public listing
JD Law - Jennifer L. Cragg,+15872721414,Lawyers & Legal Services,"Lawyer Red Deer, AB",,,https://www.thecbrb.ca/directory/lawyers-legal-services/best-businesses-in-canada-2021-jd-law-jennifer-l-cragg-real-estate,https://www.thecbrb.ca/directory/lawyers-legal-services,yes,CBRB directory public listing
Kalfa Law,+14166317227,Lawyers & Legal Services,"Business & Tax Lawyers Vaughan, ON",,,https://www.thecbrb.ca/directory/lawyers-legal-services/cbrb-best-businesses-in-canada-2022-kalfa-law,https://www.thecbrb.ca/directory/lawyers-legal-services,yes,CBRB directory public listing
KS LEGAL,+19055019555,Lawyers & Legal Services,"Law Firm Mississauga, ON",,,https://www.thecbrb.ca/directory/lawyers-legal-services/best-businesses-in-canada-2021-ks-legal,https://www.thecbrb.ca/directory/lawyers-legal-services,yes,CBRB directory public listing
LawyerG,+14034545294,Lawyers & Legal Services,"Law firm Calgary, AB - (",,,https://www.thecbrb.ca/directory/lawyers-legal-services/best-businesses-in-canada-2022-lawyerg,https://www.thecbrb.ca/directory/lawyers-legal-services,yes,CBRB directory public listing
Legal Studio Professional Corporation,+18888032944,Lawyers & Legal Services,"Law Firm Mississauga, ON",,,https://www.thecbrb.ca/directory/lawyers-legal-services/best-businesses-in-canada-2021-legal-studio,https://www.thecbrb.ca/directory/lawyers-legal-services,yes,CBRB directory public listing
Lorraine E. John - Notary Public,+16049854150,Lawyers & Legal Services,"Notary Public North Vancouver, B C",,,https://www.thecbrb.ca/directory/lawyers-legal-services/cbrb-best-businesses-in-canada-2022-lorraine-e-john-notary-public,https://www.thecbrb.ca/directory/lawyers-legal-services,yes,CBRB directory public listing
Lutz Parish Gerrish,+15068321500,Lawyers & Legal Services,"Law Firm Hampton, NB",,,https://www.thecbrb.ca/directory/lawyers-legal-services/cbrb-best-businesses-in-canada-2023-lutz-parish-gerrish,https://www.thecbrb.ca/directory/lawyers-legal-services,yes,CBRB directory public listing
Merchant Law Group LLP,+13063597777,Lawyers & Legal Services,"Law Firm Regina, SK",,,https://www.thecbrb.ca/directory/lawyers-legal-services/cbrb-best-businesses-in-canada-2022-merchant-law-group-llp,https://www.thecbrb.ca/directory/lawyers-legal-services,yes,CBRB directory public listing
MNK & Associates DBA YOUR Legal Services,+19056414446,Lawyers & Legal Services,"Law Firm St. Catharines, ON",,,https://www.thecbrb.ca/directory/lawyers-legal-services/best-businesses-in-canada-2022-mnk-associates-dba-your-legal-services,https://www.thecbrb.ca/directory/lawyers-legal-services,yes,CBRB directory public listing
Moondi Law Professional Corporation,+14167498100,Lawyers & Legal Services,"Law Firm Toronto, ON",,,https://www.thecbrb.ca/directory/lawyers-legal-services/cbrb-best-businesses-in-canada-2024-moondi-law,https://www.thecbrb.ca/directory/lawyers-legal-services,yes,CBRB directory public listing
Morris Law,+12269161755,Lawyers & Legal Services,"Law Firm Mono, ON",,,https://www.thecbrb.ca/directory/lawyers-legal-services/cbrb-best-businesses-in-canada-2023-morris-law,https://www.thecbrb.ca/directory/lawyers-legal-services,yes,CBRB directory public listing
Nasser Allan LLP,+16046208682,Lawyers & Legal Services,"Family and Divorce Lawyers Vancouver, B C",,,https://www.thecbrb.ca/directory/lawyers-legal-services/cbrb-best-businesses-in-canada-2023-nasser-allan-llp,https://www.thecbrb.ca/directory/lawyers-legal-services,yes,CBRB directory public listing
Nicolas Lejeune Notary Public,+17783856008,Lawyers & Legal Services,"Notary Public Vancouver, B C",,,https://www.thecbrb.ca/directory/lawyers-legal-services/cbrb-best-businesses-in-canada-2023-nicolas-lejeune-notary-public,https://www.thecbrb.ca/directory/lawyers-legal-services,yes,CBRB directory public listing
Nicholas Robinson Criminal Lawyer,+13069949522,Lawyers & Legal Services,"Criminal Justice Attorney Regina, SK",,,https://www.thecbrb.ca/directory/lawyers-legal-services/cbrb-best-businesses-in-canada-2023-nicholas-robinson-criminal-lawyer,https://www.thecbrb.ca/directory/lawyers-legal-services,yes,CBRB directory public listing
Oksana Miroutenko | Real Estate Lawyer,+14162349555,Lawyers & Legal Services,"Real estate attorney Toronto, ON - (",,https://osujismith.ca/,https://www.thecbrb.ca/directory/lawyers-legal-services/best-businesses-in-canada-2022-oksana-miroutenko-real-estate-lawyer,https://www.thecbrb.ca/directory/lawyers-legal-services,yes,CBRB directory public listing
Peter B Mason Professional Corporation,+18668881081,Lawyers & Legal Services,"Real Estate Attorney Edmonton, AB",,,https://www.thecbrb.ca/directory/lawyers-legal-services/cbrb-best-businesses-in-canada-2024-peter-b-mason-professional,https://www.thecbrb.ca/directory/lawyers-legal-services,yes,CBRB directory public listing
Popovici Droit Familial / Family Law Inc.,+15144486666,Lawyers & Legal Services,"Family Law Firm Pointe-Claire, QC",,https://popovici.law/fr/,https://www.thecbrb.ca/directory/lawyers-legal-services/cbrb-best-businesses-in-canada-popovici-droit-familial-family-law,https://www.thecbrb.ca/directory/lawyers-legal-services,yes,CBRB directory public listing
RATHORE BAIG PROFESSIONAL CORPORATION,+19055547465,Lawyers & Legal Services,"Law firm Markham, ON",,,https://www.thecbrb.ca/directory/lawyers-legal-services/best-businesses-in-canada-2021-rathore-baig-professional-corporation,https://www.thecbrb.ca/directory/lawyers-legal-services,yes,CBRB directory public listing
RG Defence,+15879828152,Lawyers & Legal Services,"Criminal Defence Lawyers Edmonton, AB - (",,,https://www.thecbrb.ca/directory/lawyers-legal-services/cbrb-best-businesses-in-canada-2023-rg-defence,https://www.thecbrb.ca/directory/lawyers-legal-services,yes,CBRB directory public listing
Rishma Gupta,+14168448467,Lawyers & Legal Services,"Criminal Justice Attorney Toronto , ON - (",,,https://www.thecbrb.ca/directory/lawyers-legal-services/best-businesses-in-canada-2021-rishma-gupta,https://www.thecbrb.ca/directory/lawyers-legal-services,yes,CBRB directory public listing
Rizk Law Office,+16138007571,Lawyers & Legal Services,"Personal injury attorney Ottawa, ON - (",,,https://www.thecbrb.ca/directory/lawyers-legal-services/best-businesses-in-canada-2021-rizk-law-office,https://www.thecbrb.ca/directory/lawyers-legal-services,yes,CBRB directory public listing
SG Injury Law,+16135182416,Lawyers & Legal Services,"Personal injury attorney Ottawa , ON",,,https://www.thecbrb.ca/directory/lawyers-legal-services/best-businesses-in-canada-2021-sg-injury-law,https://www.thecbrb.ca/directory/lawyers-legal-services,yes,CBRB directory public listing
Sullivan Injury Law,+19053465055,Lawyers & Legal Services,"Personal Injury Law Firm St. Catharines , ON",,,https://www.thecbrb.ca/directory/lawyers-legal-services/cbrb-best-businesses-in-canada-2023-sullivan-injury-law,https://www.thecbrb.ca/directory/lawyers-legal-services,yes,CBRB directory public listing
Sunder Law Office,+19052307113,Lawyers & Legal Services,"Immigration Lawyer Mississauga, ON",,,https://www.thecbrb.ca/directory/lawyers-legal-services/cbrb-best-businesses-in-canada-2024-sunder-law-office,https://www.thecbrb.ca/directory/lawyers-legal-services,yes,CBRB directory public listing
THEBIL Family Law,+14034573128,Lawyers & Legal Services,"Family Lawyer Calgary, AB",,,https://www.thecbrb.ca/directory/lawyers-legal-services/cbrb-best-businesses-in-canada-2024-thebil-family-law,https://www.thecbrb.ca/directory/lawyers-legal-services,yes,CBRB directory public listing
WVG Law Group,+16135055025,Lawyers & Legal Services,"Personal Injury Attorney Ottawa , ON",,,https://www.thecbrb.ca/directory/lawyers-legal-services/best-businesses-in-canada-2022-wvg-law-group,https://www.thecbrb.ca/directory/lawyers-legal-services,yes,CBRB directory public listing
Zuber & Company LLP,+14163625005,Lawyers & Legal Services,"Insurance Defence Law Firm Toronto , ON",,,https://www.thecbrb.ca/directory/lawyers-legal-services/cbrb-best-businesses-in-canada-2023-zuber-company-llp,https://www.thecbrb.ca/directory/lawyers-legal-services,yes,CBRB directory public listing
Edmonton Tool Library,+17804778004,Libraries,"Library Edmonton, AB",,,https://www.thecbrb.ca/directory/libraries/best-businesses-in-canada-2021-edmonton-tool-library,https://www.thecbrb.ca/directory/libraries,no,CBRB directory public listing
Big City Limousines,+16044405466,Limo/Transportation Services,"Limousine service Surrey, BC",,,https://www.thecbrb.ca/directory/limotransportation-services/best-businesses-in-canada-2021-big-city-limousines,https://www.thecbrb.ca/directory/limotransportation-services,yes,CBRB directory public listing
Executive Limo Rentals,+16479199351,Limo/Transportation Services,"Limousine service Bolton , ON",,,https://www.thecbrb.ca/directory/limotransportation-services/best-businesses-in-canada-2021-executive-limo-rentals,https://www.thecbrb.ca/directory/limotransportation-services,yes,CBRB directory public listing
Go Valet Inc.,+18336882538,Limo/Transportation Services,"Transportation and Shuttle Services Hamilton , ON",,,https://www.thecbrb.ca/directory/limotransportation-services/cbrb-best-businesses-in-canada-2023-go-valet-inc,https://www.thecbrb.ca/directory/limotransportation-services,yes,CBRB directory public listing
Vegas Limousine - Limos Ottawa,+16137395466,Limo/Transportation Services,"Limousine service Ottawa, ON",,,https://www.thecbrb.ca/directory/limotransportation-services/best-businesses-in-canada-2022-vegas-limousine-limos-ottawa,https://www.thecbrb.ca/directory/limotransportation-services,yes,CBRB directory public listing
Seaside Pearl Winery,+17788561312,Liquor Stores,,"Winery Abbotsford, British Columbia",,https://www.thecbrb.ca/directory/liquor-stores/best-businesses-in-canada-2022-seaside-pearl-winery,https://www.thecbrb.ca/directory/liquor-stores,no,CBRB directory public listing
Value Liquor Hub,+15875241153,Liquor Stores,,"Liquor store Edmonton, Alberta",,https://www.thecbrb.ca/directory/liquor-stores/best-businesses-in-canada-2021-value-liquor-hub,https://www.thecbrb.ca/directory/liquor-stores,no,CBRB directory public listing
Capital For Market,+18008359618,Loan Agencies,,"Business Loan Brokerage Oakville, Ontario",,https://www.thecbrb.ca/directory/loan-agencies/cbrb-best-businesses-in-canada-capital-for-market,https://www.thecbrb.ca/directory/loan-agencies,yes,CBRB directory public listing
TBC Locksmith & Doors,+16473702520,Locksmith Services,,"Locksmith Services Toronto, Ontario",,https://www.thecbrb.ca/directory/locksmith-services/cbrb-best-businesses-in-canada-tbc-locksmith-doors,https://www.thecbrb.ca/directory/locksmith-services,yes,CBRB directory public listing
Action Lock-South Georgian Bay,+17059945625,Locksmith Services,,"Locksmith Services Collingwood, Ontario",,https://www.thecbrb.ca/directory/locksmith-services/cbrb-best-businesses-in-canada-2023-action-lock-south-georgian-bay,https://www.thecbrb.ca/directory/locksmith-services,yes,CBRB directory public listing
Art Metal Workshop Inc.,+14168484588,Manufacturers/Suppliers,,"Metal Fabrication Toronto, Ontario",,https://www.thecbrb.ca/directory/manufacturerssuppliers/cbrb-best-businesses-in-canada-art-metal-workshop-inc,https://www.thecbrb.ca/directory/manufacturerssuppliers,no,CBRB directory public listing
Askawayrecipes Inc.,+16473281610,Manufacturers/Suppliers,,"Ramen Sauce Manufacturer Brantford, Ontario",,https://www.thecbrb.ca/directory/manufacturerssuppliers/cbrb-best-businesses-in-canada-askawayrecipes-inc,https://www.thecbrb.ca/directory/manufacturerssuppliers,no,CBRB directory public listing
Blackstone Inc.,+15198964967,Manufacturers/Suppliers,,"CNG Regulators Manufacturer Kitchener, Ontario",,https://www.thecbrb.ca/directory/manufacturerssuppliers/cbrb-best-businesses-in-canada-blackstone-inc,https://www.thecbrb.ca/directory/manufacturerssuppliers,no,CBRB directory public listing
Craft Avenue Ltd.,+17809189162,Manufacturers/Suppliers,,"E-commerce Craft Vinyl Supply Store St. Albert, Alberta",,https://www.thecbrb.ca/directory/manufacturerssuppliers/cbrb-best-businesses-in-canada-craft-avenue-ltd,https://www.thecbrb.ca/directory/manufacturerssuppliers,no,CBRB directory public listing
Draganfly Innovations Inc,+18009799794,Manufacturers/Suppliers,,"Drone Manufacturer Saskatoon, Saskatchewan",,https://www.thecbrb.ca/directory/manufacturerssuppliers/cbrb-best-businesses-in-canada-draganfly-innovations-inc,https://www.thecbrb.ca/directory/manufacturerssuppliers,no,CBRB directory public listing
Filo Import Inc.,+14509659937,Manufacturers/Suppliers,,"Fabricant et Distributeur de Produits de Consommation Terrebonne, Québec",,https://www.thecbrb.ca/directory/manufacturerssuppliers/cbrb-best-businesses-in-canada-filo-import-inc,https://www.thecbrb.ca/directory/manufacturerssuppliers,no,CBRB directory public listing
Flora Biotherapeutics,+17802880428,Manufacturers/Suppliers,Skincare Products Manufacturer Alberta,,,https://www.thecbrb.ca/directory/manufacturerssuppliers/cbrb-best-businesses-in-canada-flora-biotherapeutics-inc,https://www.thecbrb.ca/directory/manufacturerssuppliers,no,CBRB directory public listing
Furnace Store,+18557612389,Manufacturers/Suppliers,Online HVAC Equipment Sales Canada,,,https://www.thecbrb.ca/directory/manufacturerssuppliers/cbrb-best-businesses-in-canada-furnace-store,https://www.thecbrb.ca/directory/manufacturerssuppliers,no,CBRB directory public listing
Hi Design Homez,+12049634094,Manufacturers/Suppliers,,"Decorative Building Materials Supplier Winnipeg, Manitoba",,https://www.thecbrb.ca/directory/manufacturerssuppliers/cbrb-best-businesses-in-canada-hi-design-homez,https://www.thecbrb.ca/directory/manufacturerssuppliers,no,CBRB directory public listing
HireAir,+18334473247,Manufacturers/Suppliers,,"Air Compressor Rentals Rocky View County, Alberta",,https://www.thecbrb.ca/directory/manufacturerssuppliers/cbrb-best-businesses-in-canada-hireair,https://www.thecbrb.ca/directory/manufacturerssuppliers,no,CBRB directory public listing
Jordan Ridge Sauces,+14039332100,Manufacturers/Suppliers,,"BBQ Sauce Manufacturer Black Diamond, Alberta",,https://www.thecbrb.ca/directory/manufacturerssuppliers/cbrb-best-businesses-in-canada-jordan-ridge-sauces,https://www.thecbrb.ca/directory/manufacturerssuppliers,no,CBRB directory public listing
Okanagan Power Equipment Ltd.,+12508628001,Manufacturers/Suppliers,,"Outdoor Power Equipment Sales and Service Kelowna, British Columbia",,https://www.thecbrb.ca/directory/manufacturerssuppliers/cbrb-best-businesses-in-canada-okanagan-power-equipment-ltd,https://www.thecbrb.ca/directory/manufacturerssuppliers,no,CBRB directory public listing
Pavar Furniture Inc.,+15143443883,Manufacturers/Suppliers,,"Wood Seating Manufacturer Montreal, Quebec",,https://www.thecbrb.ca/directory/manufacturerssuppliers/cbrb-best-businesses-in-canada-pavar-furniture-inc,https://www.thecbrb.ca/directory/manufacturerssuppliers,no,CBRB directory public listing
Rustic Heritage Co.,+17807203247,Manufacturers/Suppliers,,"Custom Luxury Rustic Millwork and Furniture Manufacturer Sturgeon County, Alberta",,https://www.thecbrb.ca/directory/manufacturerssuppliers/cbrb-best-businesses-in-canada-rustic-heritage-co,https://www.thecbrb.ca/directory/manufacturerssuppliers,no,CBRB directory public listing
Sandaka Inc,+15198964967,Manufacturers/Suppliers,,"Machining Manufacturer Kitchener, Ontario",https://www.acrolab.com/,https://www.thecbrb.ca/directory/manufacturerssuppliers/cbrb-best-businesses-in-canada-sandaka-inc,https://www.thecbrb.ca/directory/manufacturerssuppliers,no,CBRB directory public listing
Alumax Panel,+16478363320,Manufacturers/Suppliers,,"Aluminum Composite Materials Aurora, Ontario",,https://www.thecbrb.ca/directory/manufacturerssuppliers/cbrb-best-businesses-in-canada-2022-alumax-panel,https://www.thecbrb.ca/directory/manufacturerssuppliers,no,CBRB directory public listing
Canaweld Inc.,+14165485650,Manufacturers/Suppliers,,"Welding Equipment Manufacturing/Retail Vaughan, Ontario",,https://www.thecbrb.ca/directory/manufacturerssuppliers/cbrb-best-businesses-in-canada-2024-canaweld-inc,https://www.thecbrb.ca/directory/manufacturerssuppliers,no,CBRB directory public listing
Classifier Milling Systems Corporation,+19054566700,Manufacturers/Suppliers,,"Processing Equipment Manufacturer Orangeville, Ontario",,https://www.thecbrb.ca/directory/manufacturerssuppliers/best-businesses-in-canada-2022-classifier-milling-systems-corporation,https://www.thecbrb.ca/directory/manufacturerssuppliers,no,CBRB directory public listing
Digisplint Inc.,+18887754687,Manufacturers/Suppliers,,"Manufacturer Exeter, Ontario",,https://www.thecbrb.ca/directory/manufacturerssuppliers/cbrb-best-businesses-in-canada-2023-digisplint-inc,https://www.thecbrb.ca/directory/manufacturerssuppliers,no,CBRB directory public listing
Elite Air Systems,+18775658666,Manufacturers/Suppliers,,"Manufacturer Mississauga, Ontario",,https://www.thecbrb.ca/directory/manufacturerssuppliers/cbrb-best-businesses-in-canada-2022-elite-air-systems,https://www.thecbrb.ca/directory/manufacturerssuppliers,no,CBRB directory public listing
EnviroServe Chemicals & Cleaners Ltd.,+14168071390,Manufacturers/Suppliers,"Chemicals and Cleaners Manufacturer Etobicoke, ON",,https://enviroserve.ca/,https://www.thecbrb.ca/directory/manufacturerssuppliers/cbrb-best-businesses-in-canada-2023-enviroserve-chemicals-cleaners-ltd,https://www.thecbrb.ca/directory/manufacturerssuppliers,no,CBRB directory public listing
EuroLine Windows,+16049408485,Manufacturers/Suppliers,,"Manufacturer Delta, British Columbia",,https://www.thecbrb.ca/directory/manufacturerssuppliers/cbrb-best-businesses-in-canada-2023-euroline-windows,https://www.thecbrb.ca/directory/manufacturerssuppliers,no,CBRB directory public listing
Harmonic Machine Inc,+16048234479,Manufacturers/Suppliers,,"CNC Machine Shop Chilliwack, British Columbia",,https://www.thecbrb.ca/directory/manufacturerssuppliers/best-businesses-in-canada-2022-harmonic-machine-inc,https://www.thecbrb.ca/directory/manufacturerssuppliers,no,CBRB directory public listing
Hatch Group Inc.,+19059977171,Manufacturers/Suppliers,,"Dental Equipments Manufacturer Mississauga, Ontario",,https://www.thecbrb.ca/directory/manufacturerssuppliers/cbrb-best-businesses-in-canada-2024-hatch-group-inc,https://www.thecbrb.ca/directory/manufacturerssuppliers,no,CBRB directory public listing
Island Son Canada,+12268990569,Manufacturers/Suppliers,"Artisanal Hot Sauce Manufacturer Ontario, Canada",,,https://www.thecbrb.ca/directory/manufacturerssuppliers/cbrb-best-businesses-in-canada-2024-island-son-canada,https://www.thecbrb.ca/directory/manufacturerssuppliers,no,CBRB directory public listing
Nutracelle,+18772291207,Manufacturers/Suppliers,,"Supplement Company Charlottetown, Prince Edward Island",,https://www.thecbrb.ca/directory/manufacturerssuppliers/cbrb-best-businesses-in-canada-2023-nutracelle,https://www.thecbrb.ca/directory/manufacturerssuppliers,no,CBRB directory public listing
Purple Potties & Environmental Services Inc.,+18337688948,Manufacturers/Suppliers,,"Portable Washroom Supplier Ottawa, Ontario",,https://www.thecbrb.ca/directory/manufacturerssuppliers/cbrb-best-businesses-in-canada-2024-purple-potties-environmental,https://www.thecbrb.ca/directory/manufacturerssuppliers,no,CBRB directory public listing
Sul Tavolo,+16472391383,Manufacturers/Suppliers,,"Cheese Shop Maple, Ontario",,https://www.thecbrb.ca/directory/manufacturerssuppliers/cbrb-best-businesses-in-canada-2023-sul-tavolo,https://www.thecbrb.ca/directory/manufacturerssuppliers,no,CBRB directory public listing
Ultralift Cover Lifter Systems,+19055684459,Manufacturers/Suppliers,,"Hot Tub Cover Manufacturer Mississauga, Ontario",,https://www.thecbrb.ca/directory/manufacturerssuppliers/cbrb-best-businesses-in-canada-2024-ultralift-cover-lifter-systems,https://www.thecbrb.ca/directory/manufacturerssuppliers,no,CBRB directory public listing
Winnipeg Prototyping,+14314519879,Manufacturers/Suppliers,,"Engineering Company Winnipeg, Manitoba",,https://www.thecbrb.ca/directory/manufacturerssuppliers/cbrb-best-businesses-in-canada-winnipeg-prototyping,https://www.thecbrb.ca/directory/manufacturerssuppliers,no,CBRB directory public listing
Vipeq Canada,+19058122675,Manufacturers/Suppliers,,"High End Building Materials Manufacturer Mississauga, Ontario",,https://www.thecbrb.ca/directory/manufacturerssuppliers/cbrb-best-businesses-in-canada-2022-vipeq-canada,https://www.thecbrb.ca/directory/manufacturerssuppliers,no,CBRB directory public listing
Guelph Family Martial Arts,+15193410550,Martial Arts Schools,,"Martial Arts School Guelph , Ontario",,https://www.thecbrb.ca/directory/martial-arts-schools/best-businesses-in-canada-guelph-family-martial-arts,https://www.thecbrb.ca/directory/martial-arts-schools,no,CBRB directory public listing
Arun Martial Arts,+14377772241,Martial Arts Schools,,"Martial arts school Mississauga, Ontario",,https://www.thecbrb.ca/directory/martial-arts-schools/best-businesses-in-canada-2022-arun-martial-arts,https://www.thecbrb.ca/directory/martial-arts-schools,no,CBRB directory public listing
Barrie Karate,+17058128022,Martial Arts Schools,,"Martial arts school Barrie, Ontario",,https://www.thecbrb.ca/directory/martial-arts-schools/best-businesses-in-canada-2021-barrie-karate,https://www.thecbrb.ca/directory/martial-arts-schools,no,CBRB directory public listing
Bushido Kids Karate,+15199940725,Martial Arts Schools,,"Martial arts school Guelph, Ontario",,https://www.thecbrb.ca/directory/martial-arts-schools/best-businesses-in-canada-2022-bushido-kids-karate,https://www.thecbrb.ca/directory/martial-arts-schools,no,CBRB directory public listing
Dojo Seienchin Karate,+15196302592,Martial Arts Schools,,"Martial Arts School London, Ontario",,https://www.thecbrb.ca/directory/martial-arts-schools/best-businesses-in-canada-2021-dojo-seienchin-karate-london,https://www.thecbrb.ca/directory/martial-arts-schools,no,CBRB directory public listing
Dragon Taekwondo Academy - Milton,+19058786305,Martial Arts Schools,,"Taekwondo school Milton, Ontario",,https://www.thecbrb.ca/directory/martial-arts-schools/best-businesses-in-canada-2021-dragon-taekwondo-academy-milton,https://www.thecbrb.ca/directory/martial-arts-schools,no,CBRB directory public listing
Dragon Taekwondo Academy - Oakville,+19055824228,Martial Arts Schools,,"Taekwondo school Oakville, Ontario",,https://www.thecbrb.ca/directory/martial-arts-schools/best-businesses-in-canada-2021-dragon-taekwondo-academy-oakville,https://www.thecbrb.ca/directory/martial-arts-schools,no,CBRB directory public listing
Farang Martial Arts,+14166165575,Martial Arts Schools,"Brampton, Ontario","Brampton, Ontario",,https://www.thecbrb.ca/directory/martial-arts-schools/cbrb-best-businesses-in-canada-2023-farang-martial-arts,https://www.thecbrb.ca/directory/martial-arts-schools,no,CBRB directory public listing
FKP MMA,+16048768782,Martial Arts Schools,"Martial arts school Vancouver, BC",,,https://www.thecbrb.ca/directory/martial-arts-schools/best-businesses-in-canada-2021-fkp-mma,https://www.thecbrb.ca/directory/martial-arts-schools,no,CBRB directory public listing
Glory MMA,+19056951020,Martial Arts Schools,,"Martial Arts School Vaughan, Ontario",,https://www.thecbrb.ca/directory/martial-arts-schools/best-businesses-in-canada-2022-glory-mma,https://www.thecbrb.ca/directory/martial-arts-schools,no,CBRB directory public listing
House of Champions Martial Arts,+19059308777,Martial Arts Schools,,"Martial Arts and Fitness School Hamilton, Ontario",,https://www.thecbrb.ca/directory/martial-arts-schools/cbrb-best-businesses-in-canada-2023-house-of-champions-martial-arts,https://www.thecbrb.ca/directory/martial-arts-schools,no,CBRB directory public listing
Jeon Eui Taekwondo,+12366888699,Martial Arts Schools,,"Martial Arts School Vancouver, British Columbia",,https://www.thecbrb.ca/directory/martial-arts-schools/best-businesses-in-canada-2021-jeon-eui-taekwondo,https://www.thecbrb.ca/directory/martial-arts-schools,no,CBRB directory public listing
Myung's Taekwondo Academy Richmond Hill,+19057370881,Martial Arts Schools,,"Martial Arts School Richmond Hill, Ontario",,https://www.thecbrb.ca/directory/martial-arts-schools/best-businesses-in-canada-2024-myungs-taekwondo-academy-richmond-hill,https://www.thecbrb.ca/directory/martial-arts-schools,no,CBRB directory public listing
Myung's Taekwondo Academy Thornhill,+19058828885,Martial Arts Schools,,"Martial Arts School Thornhill, Ontario",,https://www.thecbrb.ca/directory/martial-arts-schools/best-businesses-in-canada-2024-master-myungs-taekwondo-academy-thornhill,https://www.thecbrb.ca/directory/martial-arts-schools,no,CBRB directory public listing
Prodigy Martial Arts,+19055423999,Martial Arts Schools,,"Martial arts club Mississauga, Ontario",,https://www.thecbrb.ca/directory/martial-arts-schools/cbrb-best-businesses-in-canada-2023-prodigy-martial-arts,https://www.thecbrb.ca/directory/martial-arts-schools,no,CBRB directory public listing
Rodrigo Resende Academy,+17809601102,Martial Arts Schools,,"Martial Arts School Spruce Grove, Alberta",https://resendeacademy.com/,https://www.thecbrb.ca/directory/martial-arts-schools/best-businesses-in-canada-2022-rodrigo-resende-academy,https://www.thecbrb.ca/directory/martial-arts-schools,no,CBRB directory public listing
Tsawwassen Martial Arts,+16047826764,Martial Arts Schools,"Martial arts club Delta, BC",,,https://www.thecbrb.ca/directory/martial-arts-schools/best-businesses-in-canada-2021-tsawwassen-martial-arts,https://www.thecbrb.ca/directory/martial-arts-schools,no,CBRB directory public listing
King of Mattresses,+17788776942,Mattress Stores,"Mattress Store Vancouver, BC",,,https://www.thecbrb.ca/directory/mattress-stores/cbrb-best-businesses-in-canada-king-of-mattresses,https://www.thecbrb.ca/directory/mattress-stores,no,CBRB directory public listing
SLEEPM,+19056045558,Mattress Stores,"Sleep Health Company Markham, ON",,,https://www.thecbrb.ca/directory/mattress-stores/cbrb-best-businesses-in-canada-sleepm,https://www.thecbrb.ca/directory/mattress-stores,no,CBRB directory public listing
NSC Medical Corp,+18665077279,Mattress Stores,"Mattress Store Mississauga, ON",,,https://www.thecbrb.ca/directory/mattress-stores/cbrb-best-businesses-in-canada-2023-nsc-medical-corp,https://www.thecbrb.ca/directory/mattress-stores,no,CBRB directory public listing
Olympic Mattress,+19056249979,Mattress Stores,"Bedding Store Mississauga, ON",,,https://www.thecbrb.ca/directory/mattress-stores/cbrb-best-businesses-in-canada-2023-olympic-mattress,https://www.thecbrb.ca/directory/mattress-stores,no,CBRB directory public listing
Seva Mattress Warehouse,+17783212254,Mattress Stores,"Mattress store Surrey, BC",,,https://www.thecbrb.ca/directory/mattress-stores/cbrb-best-businesses-in-canada-2023-seva-mattress-warehouse,https://www.thecbrb.ca/directory/mattress-stores,no,CBRB directory public listing
Sleepwell Bedding,+12047862225,Mattress Stores,"Mattress store Winnipeg, MB",,,https://www.thecbrb.ca/directory/mattress-stores/cbrb-best-businesses-in-canada-2023-sleepwell-bedding,https://www.thecbrb.ca/directory/mattress-stores,no,CBRB directory public listing
Laboratoires BNK Canada Inc.,+18445226265,Medical Laboratories,,"Medical Laboratory Mount Royal, Quebec",,https://www.thecbrb.ca/directory/medical-laboratories/cbrb-best-businesses-in-canada-2023-laboratoires-bnk-canada-inc,https://www.thecbrb.ca/directory/medical-laboratories,no,CBRB directory public listing
Mahnaz Mentor Coaching,+17093417289,Mentoring Services,"Mentor Coaching Services Vaughan, ON",,,https://www.thecbrb.ca/directory/mentoring-services/cbrb-best-businesses-in-canada-mahnaz-mentor-coaching,https://www.thecbrb.ca/directory/mentoring-services,yes,CBRB directory public listing
Modern Memorials Inc,+17093683445,Monument Services,,"Monument Maker Mount Pearl, Newfoundland and Labrador",,https://www.thecbrb.ca/directory/monument-services/cbrb-best-businesses-in-canada-2022-toni-mortgages-modern-memorials-inc,https://www.thecbrb.ca/directory/monument-services,yes,CBRB directory public listing
Guaranti Group,+17782977450,Mortgage Brokers/Services,,"Mortgage B roker Richmond, British Columbia",,https://www.thecbrb.ca/directory/mortgage-brokersservices/cbrb-best-businesses-in-canada-guaranti-group,https://www.thecbrb.ca/directory/mortgage-brokersservices,yes,CBRB directory public listing
Integrum Mortgage,+16046176688,Mortgage Brokers/Services,,"Mortgage B roker Burnaby, British Columbia",,https://www.thecbrb.ca/directory/mortgage-brokersservices/cbrb-best-businesses-in-canada-integrum-mortgage,https://www.thecbrb.ca/directory/mortgage-brokersservices,yes,CBRB directory public listing
Philippe Boucher Courtier Hypothécaire Inc.,+18196618812,Mortgage Brokers/Services,Courtier Hypothé,"caire Gatineau, Québec",,https://www.thecbrb.ca/directory/mortgage-brokersservices/cbrb-best-businesses-in-canada-philippe-boucher-courtier-hypothécaire-inc,https://www.thecbrb.ca/directory/mortgage-brokersservices,yes,CBRB directory public listing
911 Mortgage Brokers - The Mortgage Centre,+18883770911,Mortgage Brokers/Services,"Mortgage B roker Ontario , Canada",,,https://www.thecbrb.ca/directory/mortgage-brokersservices/cbrb-best-businesses-in-canada-2023-911-mortgage-brokers-the-mortgage-c,https://www.thecbrb.ca/directory/mortgage-brokersservices,yes,CBRB directory public listing
Antonio Ray | Ray The Lender,+16478483334,Mortgage Brokers/Services,,"Mortgage broker Toronto , Ontario",,https://www.thecbrb.ca/directory/mortgage-brokersservices/best-businesses-in-canada-2021-antonio-ray-ray-the-lender,https://www.thecbrb.ca/directory/mortgage-brokersservices,yes,CBRB directory public listing
Ardent Mortgages Inc.,+15198042775,Mortgage Brokers/Services,,"Licensed Mortgage Brokerage Waterloo, Ontario",,https://www.thecbrb.ca/directory/mortgage-brokersservices/cbrb-best-businesses-in-canada-2024-ardent-mortgages-inc,https://www.thecbrb.ca/directory/mortgage-brokersservices,yes,CBRB directory public listing
CA Mortgage Group,+14169797325,Mortgage Brokers/Services,,"Mortgage broker Mississauga , Ontario",,https://www.thecbrb.ca/directory/mortgage-brokersservices/best-businesses-in-canada-2021-ca-mortgage-group,https://www.thecbrb.ca/directory/mortgage-brokersservices,yes,CBRB directory public listing
Calgary Mortgages by Tim,+14036481541,Mortgage Brokers/Services,,"Mortgage broker Calgary, Alberta",,https://www.thecbrb.ca/directory/mortgage-brokersservices/best-businesses-in-canada-2021-calgary-mortgages-by-tim,https://www.thecbrb.ca/directory/mortgage-brokersservices,yes,CBRB directory public listing
Elisa Swezey Mortgages,+17789382572,Mortgage Brokers/Services,,"Mortgage broker Vancouver, British Columbia",,https://www.thecbrb.ca/directory/mortgage-brokersservices/best-businesses-in-canada-2021-elisa-swezey-mortgages,https://www.thecbrb.ca/directory/mortgage-brokersservices,yes,CBRB directory public listing
Fortune Funding,+14168973257,Mortgage Brokers/Services,,"Mortgage Services Toronto, Ontario",https://www.fortunefunding.ca/,https://www.thecbrb.ca/directory/mortgage-brokersservices/cbrb-best-businesses-in-canada-2024-fortune-funding,https://www.thecbrb.ca/directory/mortgage-brokersservices,yes,CBRB directory public listing
Gillian Falk DLC Island Living Mortgage Broker,+12507161930,Mortgage Brokers/Services,,"Mortgage B roker Parksville, British Columbia",https://gillianmortgageexpert.ca/,https://www.thecbrb.ca/directory/mortgage-brokersservices/cbrb-best-businesses-in-canada-2023-gillian-falk-dlc-island-living,https://www.thecbrb.ca/directory/mortgage-brokersservices,yes,CBRB directory public listing
Harmony Mortgage Group,+16047052999,Mortgage Brokers/Services,,"Mortgage broker Chilliwack, British Columbia",,https://www.thecbrb.ca/directory/mortgage-brokersservices/cbrb-best-businesses-in-canada-2022-harmony-mortgage-group,https://www.thecbrb.ca/directory/mortgage-brokersservices,yes,CBRB directory public listing
Jason Anbara - Ottawa Mortgage Broker,+16134044845,Mortgage Brokers/Services,,"Mortgage Broker Ottawa, Ontario",,https://www.thecbrb.ca/directory/mortgage-brokersservices/cbrb-best-businesses-in-canada-jason-anbara-ottawa-mortgage-broker,https://www.thecbrb.ca/directory/mortgage-brokersservices,yes,CBRB directory public listing
Joe Purewal Mortgages,+19053306090,Mortgage Brokers/Services,,"Mortgage broker Mississauga , Ontario",,https://www.thecbrb.ca/directory/mortgage-brokersservices/best-businesses-in-canada-2021-joe-purewal-mortgages,https://www.thecbrb.ca/directory/mortgage-brokersservices,yes,CBRB directory public listing
Joy Beauchamp Mortgage Professional,+13062800054,Mortgage Brokers/Services,,"Mortgage broker Saskatoon, Saskatchewan",,https://www.thecbrb.ca/directory/mortgage-brokersservices/best-businesses-in-canada-2021-joy-beauchamp-mortgage-professional,https://www.thecbrb.ca/directory/mortgage-brokersservices,yes,CBRB directory public listing
Kevin Singh Dhaliwal,+16478023738,Mortgage Brokers/Services,,"Mortgage B roker Brampton, Ontario",,https://www.thecbrb.ca/directory/mortgage-brokersservices/cbrb-best-businesses-in-canada-2023-kevin-singh-dhaliwal-mortgage-agent,https://www.thecbrb.ca/directory/mortgage-brokersservices,yes,CBRB directory public listing
Loewen Group Mortgages,+12893374029,Mortgage Brokers/Services,,"Mortgage broker Burlington, Ontario",,https://www.thecbrb.ca/directory/mortgage-brokersservices/best-businesses-in-canada-2021-loewen-group-mortgages,https://www.thecbrb.ca/directory/mortgage-brokersservices,yes,CBRB directory public listing
Matrix Mortgage Global - Arleen Faria,+18004290717,Mortgage Brokers/Services,,"Mortgage broker Toronto, Ontario",,https://www.thecbrb.ca/directory/mortgage-brokersservices/cbrb-best-businesses-in-canada-2023-matrix-mortgage-global,https://www.thecbrb.ca/directory/mortgage-brokersservices,yes,CBRB directory public listing
Max Singh Mortgage Broker - TMG The Mortgage Group,+14035612107,Mortgage Brokers/Services,,"Mortgage Broker Calgary, Alberta",,https://www.thecbrb.ca/directory/mortgage-brokersservices/cbrb-best-businesses-in-canada-2024-max-singh-mortgage-broker,https://www.thecbrb.ca/directory/mortgage-brokersservices,yes,CBRB directory public listing
Mohsen Bolouri - Mortgage Alliance,+17788993743,Mortgage Brokers/Services,,"Mortgage broker Port Moody, British Columbia",,https://www.thecbrb.ca/directory/mortgage-brokersservices/best-businesses-in-canada-2021-mohsen-bolouri-mortgage-alliance,https://www.thecbrb.ca/directory/mortgage-brokersservices,yes,CBRB directory public listing
"Mortgage Architects, Karen Reimer",+13062217493,Mortgage Brokers/Services,"Mortgage B roker Saskatoon, SK",,https://www.karenreimer.org/,https://www.thecbrb.ca/directory/mortgage-brokersservices/best-businesses-in-canada-2021-mortgage-architects-karen-reimer,https://www.thecbrb.ca/directory/mortgage-brokersservices,yes,CBRB directory public listing
Mortgage District Inc.,+16475319480,Mortgage Brokers/Services,,"Mortgage broker Mississauga, Ontario",,https://www.thecbrb.ca/directory/mortgage-brokersservices/cbrb-best-businesses-in-canada-2023-mortgage-district-inc,https://www.thecbrb.ca/directory/mortgage-brokersservices,yes,CBRB directory public listing
Mortgage Savvy,+14167207295,Mortgage Brokers/Services,,"Mortgage broker Toronto, Ontario",,https://www.thecbrb.ca/directory/mortgage-brokersservices/best-businesses-in-canada-2021-mortgage-savvy,https://www.thecbrb.ca/directory/mortgage-brokersservices,yes,CBRB directory public listing
Moser Mortgages,+14038745340,Mortgage Brokers/Services,"Mortgage broker Calgary, AB",,,https://www.thecbrb.ca/directory/mortgage-brokersservices/best-businesses-in-canada-2021-moser-mortgages,https://www.thecbrb.ca/directory/mortgage-brokersservices,yes,CBRB directory public listing
Noble GRPS Financial Incorporated,+14163030313,Mortgage Brokers/Services,,"Mortgage broker Toronto, Ontario",,https://www.thecbrb.ca/directory/mortgage-brokersservices/best-businesses-in-canada-2021-noble-grps-financial-incorporated,https://www.thecbrb.ca/directory/mortgage-brokersservices,yes,CBRB directory public listing
Oppono Lending Company,+19058865352,Mortgage Brokers/Services,,"Mortgage Lender Markham , Ontario",,https://www.thecbrb.ca/directory/mortgage-brokersservices/cbrb-best-businesses-in-canada-2023-oppono-lending-company,https://www.thecbrb.ca/directory/mortgage-brokersservices,yes,CBRB directory public listing
Paul Gallardi Investments Limited O/A Paul Gallardi Premiere Mortgage,+19053213810,Mortgage Brokers/Services,,"Mortgage Centre Agent St. Catharines, Ontario",https://paulgallardimortgages.ca,https://www.thecbrb.ca/directory/mortgage-brokersservices/best-businesses-in-canada-2021-paul-gallardi-investments-limited,https://www.thecbrb.ca/directory/mortgage-brokersservices,yes,CBRB directory public listing
Premiere Mortgage Centre,+17096905667,Mortgage Brokers/Services,,"Mortgage broker St. John's, Newfoundland and Labrador",https://choosepremiere.com/,https://www.thecbrb.ca/directory/mortgage-brokersservices/best-businesses-in-canada-2021-premiere-mortgage-centre,https://www.thecbrb.ca/directory/mortgage-brokersservices,yes,CBRB directory public listing
"Ramona Harris, Mortgage Agent L2 - TMG The Mortgage Group",+16475509839,Mortgage Brokers/Services,,"Mortgage Agent Toronto, Ontario",,https://www.thecbrb.ca/directory/mortgage-brokersservices/cbrb-best-businesses-in-canada-2024-ramona-harris-mortgage-agent,https://www.thecbrb.ca/directory/mortgage-brokersservices,yes,CBRB directory public listing
Sandhu & Sran Mortgages,+16048644222,Mortgage Brokers/Services,,"Mortgage B roker Abbotsford, British Columbia",,https://www.thecbrb.ca/directory/mortgage-brokersservices/cbrb-best-businesses-in-canada-2024-sandhu-sran-mortgages,https://www.thecbrb.ca/directory/mortgage-brokersservices,yes,CBRB directory public listing
Serca Financial Inc.,+15192152841,Mortgage Brokers/Services,,"Mortgage B roker Orangeville, Ontario",,https://www.thecbrb.ca/directory/mortgage-brokersservices/cbrb-best-businesses-in-canada-2023-serca-financial-inc,https://www.thecbrb.ca/directory/mortgage-brokersservices,yes,CBRB directory public listing
Signature Mortgage Group,+19054690766,Mortgage Brokers/Services,,"Mortgage broker Oakville, Ontario",,https://www.thecbrb.ca/directory/mortgage-brokersservices/cbrb-best-businesses-in-canada-2023-signature-mortgage-group,https://www.thecbrb.ca/directory/mortgage-brokersservices,yes,CBRB directory public listing
Sheela Patel - SP Mortgage Group,+16046170025,Mortgage Brokers/Services,,"Mortgage B roker Surrey, British Columbia",https://spmortgageloan.com/,https://www.thecbrb.ca/directory/mortgage-brokersservices/best-businesses-in-canada-2023-sheela-patel-sp-mortgage-group,https://www.thecbrb.ca/directory/mortgage-brokersservices,yes,CBRB directory public listing
Streiling Financial Group,+16046217434,Mortgage Brokers/Services,,"Mortgage broker Surrey, British Columbia",,https://www.thecbrb.ca/directory/mortgage-brokersservices/cbrb-best-businesses-in-canada-2023-streiling-financial-group,https://www.thecbrb.ca/directory/mortgage-brokersservices,yes,CBRB directory public listing
Taurus Mortgage Capital Inc.,+19052097200,Mortgage Brokers/Services,,"Mortgage broker Markham, Ontario",,https://www.thecbrb.ca/directory/mortgage-brokersservices/best-businesses-in-canada-2022-taurus-mortgage-capital-inc,https://www.thecbrb.ca/directory/mortgage-brokersservices,yes,CBRB directory public listing
Tom Gasparec- Axiom Mortgage Solutions,+18664924024,Mortgage Brokers/Services,,"Mortgage B roker Toronto, Ontario",,https://www.thecbrb.ca/directory/mortgage-brokersservices/cbrb-best-businesses-in-canada-2023-tom-gasparec-axiom-mortgage-solution,https://www.thecbrb.ca/directory/mortgage-brokersservices,yes,CBRB directory public listing
Toni Mortgages - The Mortgage Centre- Capital 360.ca,+16472956305,Mortgage Brokers/Services,,"Mortgage B roker Vaughan, Ontario",,https://www.thecbrb.ca/directory/mortgage-brokersservices/cbrb-best-businesses-in-canada-2022-toni-mortgages-the-mortgage-centre,https://www.thecbrb.ca/directory/mortgage-brokersservices,yes,CBRB directory public listing
TopRankinMortgages Inc | Sean Rankin,+16134471366,Mortgage Brokers/Services,,"Real Estate Lending Services Ottawa , Ontario",,https://www.thecbrb.ca/directory/mortgage-brokersservices/best-businesses-in-canada-2022-toprankinmortgages-inc-sean-rankin,https://www.thecbrb.ca/directory/mortgage-brokersservices,yes,CBRB directory public listing
Tridac Mortgage,+14164610204,Mortgage Brokers/Services,,"Mortgage broker Toronto, Ontario",,https://www.thecbrb.ca/directory/mortgage-brokersservices/best-businesses-in-canada-2022-tridac-mortgage,https://www.thecbrb.ca/directory/mortgage-brokersservices,yes,CBRB directory public listing
Valko Financial Ltd.,+15197458019,Mortgage Brokers/Services,,"Mortgage broker Kitchener, Ontario",,https://www.thecbrb.ca/directory/mortgage-brokersservices/best-businesses-in-canada-2023-valko-financial-ltd,https://www.thecbrb.ca/directory/mortgage-brokersservices,yes,CBRB directory public listing
Vidit Paruthi - Mortgage Professional,+16048425265,Mortgage Brokers/Services,,"Mortgage Services Surrey, British Columbia",,https://www.thecbrb.ca/directory/mortgage-brokersservices/cbrb-best-businesses-in-canada-vidit-paruthi-mortgage-professional,https://www.thecbrb.ca/directory/mortgage-brokersservices,yes,CBRB directory public listing
Xeva Mortgage,+16045689382,Mortgage Brokers/Services,,"Mortgage Brokerage Company Surrey, British Columbia",,https://www.thecbrb.ca/directory/mortgage-brokersservices/best-businesses-in-canada-2022-xeva-mortgage,https://www.thecbrb.ca/directory/mortgage-brokersservices,yes,CBRB directory public listing
Serpa Motor Sports Powersports & Marine,+19058417377,Motorcycle & Powersports Dealers,,"Powersports Vehicle Dealer Aurora, Ontario",,https://www.thecbrb.ca/directory/motorcycle-powersports-dealers/cbrb-best-businesses-in-canada-serpa-motor-sports-powersports-marine,https://www.thecbrb.ca/directory/motorcycle-powersports-dealers,no,CBRB directory public listing
Lowes Powersports Services,+16043922082,Motorcycle & Powersports Dealers,,"Motorcycle Shop Chilliwack, British Columbia",,https://www.thecbrb.ca/directory/motorcycle-powersports-dealers/cbrb-best-businesses-in-canada-2023-lowes-powersports-services,https://www.thecbrb.ca/directory/motorcycle-powersports-dealers,no,CBRB directory public listing
Wildside Motorcycles,+14165032121,Motorcycle & Powersports Dealers,,"Motorcycle dealer Toronto , Ontario",,https://www.thecbrb.ca/directory/motorcycle-powersports-dealers/best-businesses-in-canada-2021-wildside-motorcycles,https://www.thecbrb.ca/directory/motorcycle-powersports-dealers,no,CBRB directory public listing
Yilmaz Ertan Auto Repair/Yilmaz E-Bikes,+12269780331,Motorcycle & Powersports Dealers,,"Complete Auto Repairs and E-bikes Kitchener , Ontario",,https://www.thecbrb.ca/directory/motorcycle-powersports-dealers/best-businesses-in-canada-2022-yilmaz-ertan-auto-repairyilmaz-e-bikes,https://www.thecbrb.ca/directory/motorcycle-powersports-dealers,no,CBRB directory public listing
Cinéma Guzzo Méga-Plex Pont-Viau 16 (IMAX),+14509674455,Movie Theaters,,"Movie Theater Laval, Quebec",,https://www.thecbrb.ca/directory/movie-theaters/best-businesses-in-canada-2023-cinéma-guzzo-méga-plex-pont-viau-16-imax,https://www.thecbrb.ca/directory/movie-theaters,no,CBRB directory public listing
AleksMoving.ca,+14168895167,"Moving, Shipping & Junk Removal Services","Moving C ompany Milton, ON",,,https://www.thecbrb.ca/directory/moving-shipping-junk-removal-services/cbrb-best-businesses-in-canada-aleksmoving-ca,https://www.thecbrb.ca/directory/moving-shipping-junk-removal-services,yes,CBRB directory public listing
A-Z Moving,+16478786683,"Moving, Shipping & Junk Removal Services","Moving C ompany Toronto , ON",,,https://www.thecbrb.ca/directory/moving-shipping-junk-removal-services/cbrb-best-businesses-in-canada-a-z-moving,https://www.thecbrb.ca/directory/moving-shipping-junk-removal-services,yes,CBRB directory public listing
Canada's Most Wanted Movers,+17787917391,"Moving, Shipping & Junk Removal Services","Full-Service Moving & Storage Port Coquitlam, BC",,,https://www.thecbrb.ca/directory/moving-shipping-junk-removal-services/cbrb-best-businesses-in-canada-canadas-most-wanted-movers,https://www.thecbrb.ca/directory/moving-shipping-junk-removal-services,yes,CBRB directory public listing
Great Canadian Van Lines,+18006650055,"Moving, Shipping & Junk Removal Services","Moving C ompany Surrey , BC",,,https://www.thecbrb.ca/directory/moving-shipping-junk-removal-services/cbrb-best-businesses-in-canada-great-canadian-van-lines-ltd,https://www.thecbrb.ca/directory/moving-shipping-junk-removal-services,yes,CBRB directory public listing
G & S Trucking Ltd.,+19052061180,"Moving, Shipping & Junk Removal Services","Trucking & Transportation Services Mississauga, O N",,,https://www.thecbrb.ca/directory/moving-shipping-junk-removal-services/cbrb-best-businesses-in-canada-g-s-trucking-ltd,https://www.thecbrb.ca/directory/moving-shipping-junk-removal-services,yes,CBRB directory public listing
Macho Movers Inc,+15198304974,"Moving, Shipping & Junk Removal Services","Moving Company Guelph, O N",,,https://www.thecbrb.ca/directory/moving-shipping-junk-removal-services/cbrb-best-businesses-in-canada-macho-movers-inc,https://www.thecbrb.ca/directory/moving-shipping-junk-removal-services,yes,CBRB directory public listing
Max Moving Corporation,+14165505013,"Moving, Shipping & Junk Removal Services",Residential & Commercial Movers Ontario,,,https://www.thecbrb.ca/directory/moving-shipping-junk-removal-services/cbrb-best-businesses-in-canada-max-moving-corporation,https://www.thecbrb.ca/directory/moving-shipping-junk-removal-services,yes,CBRB directory public listing
NextGen Moving,+16473662024,"Moving, Shipping & Junk Removal Services","Moving Company North York, ON",,,https://www.thecbrb.ca/directory/moving-shipping-junk-removal-services/cbrb-best-businesses-in-canada-nextgen-moving,https://www.thecbrb.ca/directory/moving-shipping-junk-removal-services,yes,CBRB directory public listing
Ottawa Moving Logistics,+16316126853,"Moving, Shipping & Junk Removal Services","General Moving Services Ottawa , O N",,,https://www.thecbrb.ca/directory/moving-shipping-junk-removal-services/cbrb-best-businesses-in-canada-ottawa-moving-logistics,https://www.thecbrb.ca/directory/moving-shipping-junk-removal-services,yes,CBRB directory public listing
Ottawa Piano Mover,+16136220436,"Moving, Shipping & Junk Removal Services","Specialized Movers Ottawa , O N",,,https://www.thecbrb.ca/directory/moving-shipping-junk-removal-services/cbrb-best-businesses-in-canada-ottawa-piano-mover,https://www.thecbrb.ca/directory/moving-shipping-junk-removal-services,yes,CBRB directory public listing
Smart Movers Hamilton,+19055940247,"Moving, Shipping & Junk Removal Services","Moving Company Hamilton, ON",,,https://www.thecbrb.ca/directory/moving-shipping-junk-removal-services/cbrb-best-businesses-in-canada-smart-movers-hamilton,https://www.thecbrb.ca/directory/moving-shipping-junk-removal-services,yes,CBRB directory public listing
Smart Movers Vancouver,+17783832660,"Moving, Shipping & Junk Removal Services","Moving Company Vancouver, BC",,,https://www.thecbrb.ca/directory/moving-shipping-junk-removal-services/cbrb-best-businesses-in-canada-smart-movers-vancouver,https://www.thecbrb.ca/directory/moving-shipping-junk-removal-services,yes,CBRB directory public listing
The Piano Viking,+17786284343,"Moving, Shipping & Junk Removal Services","Piano Moving Services New Westminster, BC",,,https://www.thecbrb.ca/directory/moving-shipping-junk-removal-services/cbrb-best-businesses-in-canada-the-piano-viking,https://www.thecbrb.ca/directory/moving-shipping-junk-removal-services,yes,CBRB directory public listing
1Up Moving Lethbridge,+14033604778,"Moving, Shipping & Junk Removal Services","Moving Services Lethbridge, A B",,http://oneupmoving.ca/,https://www.thecbrb.ca/directory/moving-shipping-junk-removal-services/best-businesses-in-canada-2021-1up-moving-lethbridge,https://www.thecbrb.ca/directory/moving-shipping-junk-removal-services,yes,CBRB directory public listing
Altoba Freight,+12046333963,"Moving, Shipping & Junk Removal Services","Transportation Services Winnipeg, MB",,,https://www.thecbrb.ca/directory/moving-shipping-junk-removal-services/best-businesses-in-canada-2021-altoba-freight,https://www.thecbrb.ca/directory/moving-shipping-junk-removal-services,yes,CBRB directory public listing
Apollo Moving,+16475646683,"Moving, Shipping & Junk Removal Services",,"Moving and Storage Service in Mississauga, Ontario",,https://www.thecbrb.ca/directory/moving-shipping-junk-removal-services/best-businesses-in-canada-2022-apollo-moving,https://www.thecbrb.ca/directory/moving-shipping-junk-removal-services,yes,CBRB directory public listing
A-Plus Office Movers Inc.,+18882726621,"Moving, Shipping & Junk Removal Services","Moving and Storage services Waterloo , ON",,,https://www.thecbrb.ca/directory/moving-shipping-junk-removal-services/cbrb-best-businesses-in-canada-2024-a-plus-office-movers-inc,https://www.thecbrb.ca/directory/moving-shipping-junk-removal-services,yes,CBRB directory public listing
Canadian CT Movers Inc.,+14168571500,"Moving, Shipping & Junk Removal Services","Moving company Richmond Hill, ON",,,https://www.thecbrb.ca/directory/moving-shipping-junk-removal-services/cbrb-best-businesses-in-canada-canadian-ct-movers-inc,https://www.thecbrb.ca/directory/moving-shipping-junk-removal-services,yes,CBRB directory public listing
CARGO CABBIE,+16474785422,"Moving, Shipping & Junk Removal Services","Moving company Toronto , ON",,,https://www.thecbrb.ca/directory/moving-shipping-junk-removal-services/cbrb-best-businesses-in-canada-2024-cargo-cabbie,https://www.thecbrb.ca/directory/moving-shipping-junk-removal-services,yes,CBRB directory public listing
Easy2Go Movers,+16472028587,"Moving, Shipping & Junk Removal Services","Moving and Storage Service Vaughan, ON",,,https://www.thecbrb.ca/directory/moving-shipping-junk-removal-services/best-businesses-in-canada-2022-easy2go-movers,https://www.thecbrb.ca/directory/moving-shipping-junk-removal-services,yes,CBRB directory public listing
Flex Déménagement West-Island Movers,+15146926657,"Moving, Shipping & Junk Removal Services","Moving Services Saint-Laurent, QC",,,https://www.thecbrb.ca/directory/moving-shipping-junk-removal-services/cbrb-best-businesses-in-canada-2023-flex-déménagement-west-island-movers,https://www.thecbrb.ca/directory/moving-shipping-junk-removal-services,yes,CBRB directory public listing
Homeland Moving & Logistics Inc.,+16042734794,"Moving, Shipping & Junk Removal Services","Moving company Richmond, BC",,,https://www.thecbrb.ca/directory/moving-shipping-junk-removal-services/best-businesses-in-canada-2021-homeland-moving-logistics-inc,https://www.thecbrb.ca/directory/moving-shipping-junk-removal-services,yes,CBRB directory public listing
Inner City Moving & Storage Company,+14166568924,"Moving, Shipping & Junk Removal Services","Moving company Toronto, ON",,,https://www.thecbrb.ca/directory/moving-shipping-junk-removal-services/best-businesses-in-canada-2021-inner-city-moving-storage-company,https://www.thecbrb.ca/directory/moving-shipping-junk-removal-services,yes,CBRB directory public listing
John Gray Moving and Storage,+15146947945,"Moving, Shipping & Junk Removal Services","Moving company Dorval, QC",,,https://www.thecbrb.ca/directory/moving-shipping-junk-removal-services/best-businesses-in-canada-2021-john-gray-moving-and-storage,https://www.thecbrb.ca/directory/moving-shipping-junk-removal-services,yes,CBRB directory public listing
Less Stress Moving Solutions,+16394806683,"Moving, Shipping & Junk Removal Services","Moving company Saskatoon, SK",,,https://www.thecbrb.ca/directory/moving-shipping-junk-removal-services/best-businesses-in-canada-2021-less-stress-moving-solutions,https://www.thecbrb.ca/directory/moving-shipping-junk-removal-services,yes,CBRB directory public listing
Let's Get Moving Canad a,+16473715935,"Moving, Shipping & Junk Removal Services",,"Toronto, Ontario",,https://www.thecbrb.ca/directory/moving-shipping-junk-removal-services/cbrb-best-businesses-in-canada-2023-lets-get-moving-canada,https://www.thecbrb.ca/directory/moving-shipping-junk-removal-services,yes,CBRB directory public listing
Matcom,+14166670463,"Moving, Shipping & Junk Removal Services","Moving company Vaughan, ON",,,https://www.thecbrb.ca/directory/moving-shipping-junk-removal-services/best-businesses-in-canada-2021-matcom,https://www.thecbrb.ca/directory/moving-shipping-junk-removal-services,yes,CBRB directory public listing
Maya Moving And Delivery,+14165876440,"Moving, Shipping & Junk Removal Services","Moving company Toronto, ON",,,https://www.thecbrb.ca/directory/moving-shipping-junk-removal-services/cbrb-best-businesses-in-canada-2023-maya-moving-and-delivery,https://www.thecbrb.ca/directory/moving-shipping-junk-removal-services,yes,CBRB directory public listing
Ottawa Moving Logistics,+13435436661,"Moving, Shipping & Junk Removal Services","General Moving Services Ottawa , ON",,,https://www.thecbrb.ca/directory/moving-shipping-junk-removal-services/cbrb-best-businesses-in-canada-ottawa-moving-logistics,https://www.thecbrb.ca/directory/moving-shipping-junk-removal-services,yes,CBRB directory public listing
Parker's Moving,+16474566806,"Moving, Shipping & Junk Removal Services",Residential Moving Company The Greater Toronto Area,,,https://www.thecbrb.ca/directory/moving-shipping-junk-removal-services/best-businesses-in-canada-2022-parkers-moving,https://www.thecbrb.ca/directory/moving-shipping-junk-removal-services,yes,CBRB directory public listing
Plastic Bank,+16042637443,"Moving, Shipping & Junk Removal Services","Waste management service Vancouver, B C",,,https://www.thecbrb.ca/directory/moving-shipping-junk-removal-services/best-businesses-in-canada-2021-plastic-bank,https://www.thecbrb.ca/directory/moving-shipping-junk-removal-services,yes,CBRB directory public listing
Raptor Movers,+19059993447,"Moving, Shipping & Junk Removal Services","Moving company Brampton, ON",,,https://www.thecbrb.ca/directory/moving-shipping-junk-removal-services/best-businesses-in-canada-2022-raptor-movers,https://www.thecbrb.ca/directory/moving-shipping-junk-removal-services,yes,CBRB directory public listing
Roman Transport,+14168246339,"Moving, Shipping & Junk Removal Services","Moving and Delivery Services Mississauga, ON",,,https://www.thecbrb.ca/directory/moving-shipping-junk-removal-services/cbrb-best-businesses-in-canada-roman-transport,https://www.thecbrb.ca/directory/moving-shipping-junk-removal-services,yes,CBRB directory public listing
Salmon’s Transfer Ltd,+16042732921,"Moving, Shipping & Junk Removal Services","Moving Company Richmond, BC",,,https://www.thecbrb.ca/directory/moving-shipping-junk-removal-services/cbrb-best-businesses-in-canada-2024-salmons-transfer-ltd,https://www.thecbrb.ca/directory/moving-shipping-junk-removal-services,yes,CBRB directory public listing
Seniors On The Move,+19059330730,"Moving, Shipping & Junk Removal Services","Moving Company Thorold, ON",,,https://www.thecbrb.ca/directory/moving-shipping-junk-removal-services/cbrb-best-businesses-in-canada-2023-seniors-on-the-move,https://www.thecbrb.ca/directory/moving-shipping-junk-removal-services,yes,CBRB directory public listing
Smart Mississauga Movers,+16479957177,"Moving, Shipping & Junk Removal Services","Moving Company Mississauga, ON",,,https://www.thecbrb.ca/directory/moving-shipping-junk-removal-services/cbrb-best-businesses-in-canada-smart-mississauga-movers,https://www.thecbrb.ca/directory/moving-shipping-junk-removal-services,yes,CBRB directory public listing
Smart Muscles,+18077072397,"Moving, Shipping & Junk Removal Services","Moving and storage service Thunder Bay, ON",,,https://www.thecbrb.ca/directory/moving-shipping-junk-removal-services/best-businesses-in-canada-2022-smart-muscles,https://www.thecbrb.ca/directory/moving-shipping-junk-removal-services,yes,CBRB directory public listing
Swiftway Courrier et Transport Inc,+14506221090,"Moving, Shipping & Junk Removal Services","Moving and storage service Laval, QC",,,https://www.thecbrb.ca/directory/moving-shipping-junk-removal-services/best-businesses-in-canada-2022-swiftway-courrier-et-transport-inc,https://www.thecbrb.ca/directory/moving-shipping-junk-removal-services,yes,CBRB directory public listing
The Big Box Moving Company,+16475888109,"Moving, Shipping & Junk Removal Services","Moving Company Markham, ON",,,https://www.thecbrb.ca/directory/moving-shipping-junk-removal-services/best-businesses-in-canada-2022-the-big-box-moving-company,https://www.thecbrb.ca/directory/moving-shipping-junk-removal-services,yes,CBRB directory public listing
The Junk Man Inc.,+14037977145,"Moving, Shipping & Junk Removal Services","Garbage Collection Service Calgary, AB",,,https://www.thecbrb.ca/directory/moving-shipping-junk-removal-services/cbrb-best-businesses-in-canada-2023-the-junk-man-inc,https://www.thecbrb.ca/directory/moving-shipping-junk-removal-services,yes,CBRB directory public listing
Top Mover,+14163881923,"Moving, Shipping & Junk Removal Services","Moving and Storage Newmarket, ON",,,https://www.thecbrb.ca/directory/moving-shipping-junk-removal-services/cbrb-best-businesses-in-canada-2024-top-mover,https://www.thecbrb.ca/directory/moving-shipping-junk-removal-services,yes,CBRB directory public listing
Top Town Movers,+14163000607,"Moving, Shipping & Junk Removal Services","Moving Company Toronto, ON",,,https://www.thecbrb.ca/directory/moving-shipping-junk-removal-services/best-businesses-in-canada-2022-top-town-movers,https://www.thecbrb.ca/directory/moving-shipping-junk-removal-services,yes,CBRB directory public listing
Two Men and a Truck,+12048093508,"Moving, Shipping & Junk Removal Services","Moving Company Winnipeg, MB",,,https://www.thecbrb.ca/directory/moving-shipping-junk-removal-services/best-businesses-in-canada-2021-two-men-and-a-truck_1,https://www.thecbrb.ca/directory/moving-shipping-junk-removal-services,yes,CBRB directory public listing
Urge to Purge Inc.,+19057328382,"Moving, Shipping & Junk Removal Services","Hoarding, Decluttering and Junk Removal Welland, ON",,,https://www.thecbrb.ca/directory/moving-shipping-junk-removal-services/best-businesses-in-canada-2021-urge-to-purge-inc,https://www.thecbrb.ca/directory/moving-shipping-junk-removal-services,yes,CBRB directory public listing
VR MOVING INC,+19054675731,"Moving, Shipping & Junk Removal Services","Moving and storage service Mississauga, ON",,,https://www.thecbrb.ca/directory/moving-shipping-junk-removal-services/best-businesses-in-canada-2022-vr-moving-inc,https://www.thecbrb.ca/directory/moving-shipping-junk-removal-services,yes,CBRB directory public listing
Red Brick Common,+17809632777,Museums,,"Historical Place Museum Stony Plain, Alberta",,https://www.thecbrb.ca/directory/museums/cbrb-best-businesses-in-canada-2023-red-brick-common,https://www.thecbrb.ca/directory/museums,no,CBRB directory public listing
Junction Beats,+15197774694,Music Schools/Lessons,,"Music S chool London, Ontario",,https://www.thecbrb.ca/directory/music-schoolslessons/best-businesses-in-canada-junction-beats,https://www.thecbrb.ca/directory/music-schoolslessons,no,CBRB directory public listing
88 Keys Music School,+19058812893,Music Schools/Lessons,,"Music School Richmond Hill, Ontario",,https://www.thecbrb.ca/directory/music-schoolslessons/best-businesses-in-canada-2022-88-keys-music-school,https://www.thecbrb.ca/directory/music-schoolslessons,no,CBRB directory public listing
Children's Piano-Arts Corner & Ad Lib Gallery,+12507681404,Music Schools/Lessons,,"Music instructor West Kelowna, British Columbia",,https://www.thecbrb.ca/directory/music-schoolslessons/best-businesses-in-canada-2022-childrens-piano-arts-corner-ad-lib-gall,https://www.thecbrb.ca/directory/music-schoolslessons,no,CBRB directory public listing
Harmony Academy of Music & Art,+14383457267,Music Schools/Lessons,,"Music school Montreal, Quebec",,https://www.thecbrb.ca/directory/music-schoolslessons/best-businesses-in-canada-2021-harmony-academy-of-music-art,https://www.thecbrb.ca/directory/music-schoolslessons,no,CBRB directory public listing
Mima and Cello Online Music School,+14033992255,Music Schools/Lessons,,"Music school Calgary, Alberta",,https://www.thecbrb.ca/directory/music-schoolslessons/cbrb-best-businesses-in-canada-2024-mima-and-cello-online-music-school,https://www.thecbrb.ca/directory/music-schoolslessons,no,CBRB directory public listing
Musitechnic,+15145212060,Music Schools/Lessons,,"Educational institution Montreal, Quebec",,https://www.thecbrb.ca/directory/music-schoolslessons/best-businesses-in-canada-2022-musitechnic,https://www.thecbrb.ca/directory/music-schoolslessons,no,CBRB directory public listing
Rockstar Music Central,+16475267625,Music Schools/Lessons,Music school Canada,,,https://www.thecbrb.ca/directory/music-schoolslessons/best-businesses-in-canada-2022-rockstar-music-central,https://www.thecbrb.ca/directory/music-schoolslessons,no,CBRB directory public listing
Vancouver Comprehensive Music & Art School,+17783948262,Music Schools/Lessons,,"Music school Surrey, British Columbia",,https://www.thecbrb.ca/directory/music-schoolslessons/best-businesses-in-canada-2021-vancouver-comprehensive-music-art-school,https://www.thecbrb.ca/directory/music-schoolslessons,no,CBRB directory public listing
JN NAILS & SPA,+19059498998,Nail Salons,,"Nail Salon Mississauga, Ontario",https://baotien7200.wixsite.com/jnnailsandspa,https://www.thecbrb.ca/directory/nail-salons/cbrb-best-businesses-in-canada-jn-nails-spa,https://www.thecbrb.ca/directory/nail-salons,no,CBRB directory public listing
Q Nails,+17804444209,Nail Salons,,"Nail S alon Edmonton, Alberta",,https://www.thecbrb.ca/directory/nail-salons/cbrb-best-businesses-in-canada-q-nails,https://www.thecbrb.ca/directory/nail-salons,no,CBRB directory public listing
Salon Vong,+15148422525,Nail Salons,,"Nail S alon Montreal, Quebec",,https://www.thecbrb.ca/directory/nail-salons/cbrb-best-businesses-in-canada-salon-vong,https://www.thecbrb.ca/directory/nail-salons,no,CBRB directory public listing
AmanaiL Boutique,+15878300889,Nail Salons,,"Nail salon Calgary, Alberta",,https://www.thecbrb.ca/directory/nail-salons/best-businesses-in-canada-2022-amanail-boutique,https://www.thecbrb.ca/directory/nail-salons,no,CBRB directory public listing
Bedazzle Nail Spa,+16042210992,Nail Salons,,"Nail salon Vancouver, British Columbia",,https://www.thecbrb.ca/directory/nail-salons/best-businesses-in-canada-2021-bedazzle-nail-spa,https://www.thecbrb.ca/directory/nail-salons,no,CBRB directory public listing
Butterfly Studio & Spa,+16047335648,Nail Salons,,"Nail salon Vancouver, British Columbia",,https://www.thecbrb.ca/directory/nail-salons/best-businesses-in-canada-2021-butterfly-studio-spa,https://www.thecbrb.ca/directory/nail-salons,no,CBRB directory public listing
Danny Nails & Spa,+16138368819,Nail Salons,,"Nail salon Ottawa, Ontario",,https://www.thecbrb.ca/directory/nail-salons/best-businesses-in-canada-2021-danny-nails-spa,https://www.thecbrb.ca/directory/nail-salons,no,CBRB directory public listing
Lougheed Nails Ltd,+16044775503,Nail Salons,,"Nail salon Maple Ridge, British Columbia",,https://www.thecbrb.ca/directory/nail-salons/best-businesses-in-canada-2021-lougheed-nails-ltd,https://www.thecbrb.ca/directory/nail-salons,no,CBRB directory public listing
Ongles J&T,+15145272729,Nail Salons,,"Nail salon Montreal, Quebec",,https://www.thecbrb.ca/directory/nail-salons/cbrb-best-businesses-in-canada-2023-ongles-jt,https://www.thecbrb.ca/directory/nail-salons,no,CBRB directory public listing
P's Nails Salon,+19055298787,Nail Salons,,"Nail salon Hamilton, Ontario",,https://www.thecbrb.ca/directory/nail-salons/best-businesses-in-canada-2021-ps-nails-salon,https://www.thecbrb.ca/directory/nail-salons,no,CBRB directory public listing
Pearl Nail Bar,+16477485345,Nail Salons,,"Nail salon Toronto, Ontario",,https://www.thecbrb.ca/directory/nail-salons/best-businesses-in-canada-2021-pearl-nail-bar,https://www.thecbrb.ca/directory/nail-salons,no,CBRB directory public listing
POINT GREY Nail & Spa,+16046769651,Nail Salons,,"Nail salon Vancouver, British Columbia",,https://www.thecbrb.ca/directory/nail-salons/best-businesses-in-canada-2021-point-grey-nail-spa,https://www.thecbrb.ca/directory/nail-salons,no,CBRB directory public listing
Skylin Nails and Beauty,+15199548800,Nail Salons,,"Nail salon Kitchener, Ontario",,https://www.thecbrb.ca/directory/nail-salons/best-businesses-in-canada-2021-skylin-nails-and-beauty,https://www.thecbrb.ca/directory/nail-salons,no,CBRB directory public listing
The Glam Bar Nails and Spa,+16477486248,Nail Salons,,"Nail salon Toronto, Ontario",,https://www.thecbrb.ca/directory/nail-salons/best-businesses-in-canada-2021-the-glam-bar-nails-and-spa,https://www.thecbrb.ca/directory/nail-salons,no,CBRB directory public listing
T.T Nails & Day Spa,+12044149291,Nail Salons,,"Nail salon Winnipeg, Manitoba",https://t-t-nails-and-spa.business.site/,https://www.thecbrb.ca/directory/nail-salons/best-businesses-in-canada-2021-t-t-nails-day-spa,https://www.thecbrb.ca/directory/nail-salons,no,CBRB directory public listing
BC AdventureSmart,+16046712241,Non-Profit Organizations,"Non Profit Search and Rescue Burnaby, BC",,,https://www.thecbrb.ca/directory/non-profit-organizations/cbrb-best-businesses-in-canada-bc-adventuresmart,https://www.thecbrb.ca/directory/non-profit-organizations,no,CBRB directory public listing
Kars4Kids,+18775277454,Non-Profit Organizations,Car Donation Charity Canada,,,https://www.thecbrb.ca/directory/non-profit-organizations/cbrb-best-businesses-in-canada-kars4kids,https://www.thecbrb.ca/directory/non-profit-organizations,no,CBRB directory public listing
Sea to Sea for PTSD,+14039530023,Non-Profit Organizations,,"Mental Health Advocacy Coleman, Alberta",,https://www.thecbrb.ca/directory/non-profit-organizations/cbrb-best-businesses-in-canada-sea-to-sea-for-ptsd,https://www.thecbrb.ca/directory/non-profit-organizations,no,CBRB directory public listing
Yukon Film Society,+18673933456,Non-Profit Organizations,"Media Company Whitehorse, YT",,,https://www.thecbrb.ca/directory/non-profit-organizations/cbrb-best-businesses-in-canada-2023-yukon-film-society,https://www.thecbrb.ca/directory/non-profit-organizations,no,CBRB directory public listing
Eyetelligence Inc.,+14163351234,Optometrist,"Optometrist Toronto, ON",,,https://www.thecbrb.ca/directory/optometrist/cbrb-best-businesses-in-canada-eyetelligence-inc,https://www.thecbrb.ca/directory/optometrist,no,CBRB directory public listing
Specsavers Hillside,+12504103762,Optometrist,"Optometrist Victoria, BC",,,https://www.thecbrb.ca/directory/optometrist/cbrb-best-businesses-in-canada-specsavers-hillside,https://www.thecbrb.ca/directory/optometrist,no,CBRB directory public listing
Abboud Optical,+16136566868,Optometrist,"Optician Ottawa , ON",,,https://www.thecbrb.ca/directory/optometrist/cbrb-best-businesses-in-canada-2023-abboud-optical,https://www.thecbrb.ca/directory/optometrist,no,CBRB directory public listing
Clarion Vision Care,+16472508009,Optometrist,"Optometrist Richmond Hill, ON",,,https://www.thecbrb.ca/directory/optometrist/cbrb-best-businesses-in-canada-2023-clarion-vision-care,https://www.thecbrb.ca/directory/optometrist,no,CBRB directory public listing
Eyeland Optometry,+17804609673,Optometrist,"Optometrist St. Albert, AB",,,https://www.thecbrb.ca/directory/optometrist/best-businesses-in-canada-2022-eyeland-optometry,https://www.thecbrb.ca/directory/optometrist,no,CBRB directory public listing
Glenmore Optometry,+18555592020,Optometrist,,"Optometrist Kelowna, British Columbia",,https://www.thecbrb.ca/directory/optometrist/best-businesses-in-canada-2022-glenmore-optometry,https://www.thecbrb.ca/directory/optometrist,no,CBRB directory public listing
Gurney House of Vision (2009) Ltd.,+12505645089,Optometrist,"Optician Prince George, BC",,,https://www.thecbrb.ca/directory/optometrist/best-businesses-in-canada-2022-gurney-house-of-vision-2009-ltd,https://www.thecbrb.ca/directory/optometrist,no,CBRB directory public listing
Luxor Optical,+14034522221,Optometrist,"Optometrist Calgary, AB",,,https://www.thecbrb.ca/directory/optometrist/best-businesses-in-canada-2022-luxor-optical,https://www.thecbrb.ca/directory/optometrist,no,CBRB directory public listing
Market Lane Optical,+19056058191,Optometrist,"Optometrist Vaughan, ON",,,https://www.thecbrb.ca/directory/optometrist/cbrb-best-businesses-in-canada-2023-market-lane-optical,https://www.thecbrb.ca/directory/optometrist,no,CBRB directory public listing
Strozzi's Eyewear & Gallery Ltd.,+16046021880,Optometrist,"Optician Vancouver, BC",,,https://www.thecbrb.ca/directory/optometrist/best-businesses-in-canada-2021-strozzis-eyewear-gallery-ltd,https://www.thecbrb.ca/directory/optometrist,no,CBRB directory public listing
Vision House,+19054978484,Optometrist,"Optician Brampton, ON",,,https://www.thecbrb.ca/directory/optometrist/best-businesses-in-canada-2022-vision-house,https://www.thecbrb.ca/directory/optometrist,no,CBRB directory public listing
Vision Plus Optical,+19059151570,Optometrist,"Optical Retail Store Brampton , ON",,,https://www.thecbrb.ca/directory/optometrist/cbrb-best-businesses-in-canada-vision-plus-optical,https://www.thecbrb.ca/directory/optometrist,no,CBRB directory public listing
Whalley Optical Centre Ltd.,+16045811055,Optometrist,"Optician Surrey, BC",,,https://www.thecbrb.ca/directory/optometrist/cbrb-best-businesses-in-canada-whalley-optical-centre-ltd,https://www.thecbrb.ca/directory/optometrist,no,CBRB directory public listing
Unique Vision Centre,+19056624000,Optometrist,"Optical Store/Optician Hamilton , ON",,,https://www.thecbrb.ca/directory/optometrist/best-businesses-in-canada-2021-unique-vision-centre,https://www.thecbrb.ca/directory/optometrist,no,CBRB directory public listing
Samore Closets Inc,+19055698112,Organization Services,"Custom Closet Organizers Mississauga , ON",,,https://www.thecbrb.ca/directory/organization-services/cbrb-best-businesses-in-canada-2023-samore-closets-inc,https://www.thecbrb.ca/directory/organization-services,yes,CBRB directory public listing
Miller Orthodontics,+19058984848,Orthodontists,"Orthodontist Newmarket , ON",,,https://www.thecbrb.ca/directory/orthodontist/best-businesses-in-canada-2022-miller-orthodontics,https://www.thecbrb.ca/directory/orthodontist,no,CBRB directory public listing
Dr. Mike Wagner - Orthodontist,+13069553677,Orthodontists,,"Orthodontist Saskatoon, Saskatchewan",,https://www.thecbrb.ca/directory/orthodontist/cbrb-best-businesses-in-canada-2024-dr-mike-wagner-orthodontist,https://www.thecbrb.ca/directory/orthodontist,no,CBRB directory public listing
Can Do More Painting - Renovation and Design,+15875792423,Painting Services,"Painting & Renovation Company Calgary , AB",,,https://www.thecbrb.ca/directory/painting-services/cbrb-best-businesses-in-canada-can-do-more-painting,https://www.thecbrb.ca/directory/painting-services,yes,CBRB directory public listing
Renovaint Inc.,+14378000644,Painting Services,Painting & Flooring Services Greater Toronto Area,,,https://www.thecbrb.ca/directory/painting-services/cbrb-best-businesses-in-canada-renovaint-inc,https://www.thecbrb.ca/directory/painting-services,yes,CBRB directory public listing
ArtMade Painting Ltd.,+17802226047,Painting Services,"Painters Edmonton, AB",,,https://www.thecbrb.ca/directory/painting-services/best-businesses-in-canada-2022-artmade-painting-ltd,https://www.thecbrb.ca/directory/painting-services,yes,CBRB directory public listing
CertaPro Painters,+12048155812,Painting Services,"Painting Service Winnipeg, MB",,,https://www.thecbrb.ca/directory/painting-services/best-businesses-in-canada-2021-certapro-painters,https://www.thecbrb.ca/directory/painting-services,yes,CBRB directory public listing
Color Way Painting,+12892080372,Painting Services,"Painting Services Waterdown, ON",,,https://www.thecbrb.ca/directory/painting-services/cbrb-best-businesses-in-canada-2024-color-way-painting,https://www.thecbrb.ca/directory/painting-services,yes,CBRB directory public listing
Colour Your Life Paint & Design,+15192150902,Painting Services,"Professional Painter Orangeville, ON",,,https://www.thecbrb.ca/directory/painting-services/cbrb-best-businesses-in-canada-2024-colour-your-life-paint-design,https://www.thecbrb.ca/directory/painting-services,yes,CBRB directory public listing
Essential Painting,+14372413401,Painting Services,"Painting Service Toronto, ON",,,https://www.thecbrb.ca/directory/painting-services/cbrb-best-businesses-in-canada-2023-essential-painting,https://www.thecbrb.ca/directory/painting-services,yes,CBRB directory public listing
JAL Painting Inc,+16477785522,Painting Services,"Painting Service Greater Toronto Area, ON",,,https://www.thecbrb.ca/directory/painting-services/best-businesses-in-canada-2022-jal-painting-inc,https://www.thecbrb.ca/directory/painting-services,yes,CBRB directory public listing
JTB Painting Company Ltd,+16043021094,Painting Services,"Painting Company Abbotsford, BC",,https://www.instagram.com/jtbpaintingcompanyltd/?hl=en,https://www.thecbrb.ca/directory/painting-services/best-businesses-in-canada-2021-jtb-painting-company-ltd,https://www.thecbrb.ca/directory/painting-services,yes,CBRB directory public listing
Platinum Pro Painters Inc,+18883060101,Painting Services,"Painting/Renovating Services Burlington, ON",,https://www.platinumpropainters.com/cabinet-painting-oakville/,https://www.thecbrb.ca/directory/painting-services/best-businesses-in-canada-2021-platinum-pro-painters-inc,https://www.thecbrb.ca/directory/painting-services,yes,CBRB directory public listing
Presidential Painters Inc.,+19054627926,Painting Services,"Painting Contractor Toronto, ON",,https://presidentialpainters.ca/,https://www.thecbrb.ca/directory/painting-services/cbrb-best-businesses-in-canada-presidential-painters-inc,https://www.thecbrb.ca/directory/painting-services,yes,CBRB directory public listing
Revivify Painting,+18008608170,Painting Services,"Painting Service Ottawa, ON",,https://www.painterlady.ca/,https://www.thecbrb.ca/directory/painting-services/best-businesses-in-canada-2022-revivify-painting,https://www.thecbrb.ca/directory/painting-services,yes,CBRB directory public listing
YYZ Painters,+16479679909,Painting Services,"Painting Service Toronto , ON",,,https://www.thecbrb.ca/directory/painting-services/best-businesses-in-canada-2021-yyz-painters,https://www.thecbrb.ca/directory/painting-services,yes,CBRB directory public listing
GTA Rental Services,+18778504950,Party Equipment Rental Services,"Party Equipment Rental Service Oakville, ON",,,https://www.thecbrb.ca/directory/party-equipment-rental-services/best-businesses-in-canada-2022-gta-rental-services,https://www.thecbrb.ca/directory/party-equipment-rental-services,yes,CBRB directory public listing
Linen Closet,+12895977288,Party Equipment Rental Services,"Party Equipment Rental Service Concord, ON",,,https://www.thecbrb.ca/directory/party-equipment-rental-services/best-businesses-in-canada-2021-linen-closet,https://www.thecbrb.ca/directory/party-equipment-rental-services,yes,CBRB directory public listing
Nuway Deals,+16047959959,Pawn Shops,"Pawn shop Chilliwack, BC",,,https://www.thecbrb.ca/directory/pawn-shops/best-businesses-in-canada-2021-nuway-deals,https://www.thecbrb.ca/directory/pawn-shops,no,CBRB directory public listing
Kingsridge Pharmacy,+19054653739,Pharmacies,,"Pharmacy Oakville , Ontario",,https://www.thecbrb.ca/directory/pharmacies/cbrb-best-businesses-in-canada-kingsridge-pharmacy,https://www.thecbrb.ca/directory/pharmacies,no,CBRB directory public listing
ADV-Care Pharmacy,+19059481991,Pharmacies,,"Online Pharmacy Markham , Ontario",https://ca.advpharmacy.com/index.php,https://www.thecbrb.ca/directory/pharmacies/best-businesses-in-canada-2021-adv-care-pharmacy,https://www.thecbrb.ca/directory/pharmacies,no,CBRB directory public listing
Ben's Pharmacy,+19057228898,Pharmacies,,"Pharmacy Georgina , Ontario",,https://www.thecbrb.ca/directory/pharmacies/cbrb-best-businesses-in-canada-2023-bens-pharmacy,https://www.thecbrb.ca/directory/pharmacies,no,CBRB directory public listing
Evergreen Guardian Pharmacy,+15063889207,Pharmacies,,"Pharmacy Moncton, New Brunswick",,https://www.thecbrb.ca/directory/pharmacies/cbrb-best-businesses-in-canada-2023-evergreen-guardian-pharmacy,https://www.thecbrb.ca/directory/pharmacies,no,CBRB directory public listing
MediSense Medical Clinic and Pharmacy,+17807561010,Pharmacies,,"Pharmacy Edmonton, Alberta",,https://www.thecbrb.ca/directory/pharmacies/cbrb-best-businesses-in-canada-2024-medisense-medical-clinic-and-pharmacy,https://www.thecbrb.ca/directory/pharmacies,no,CBRB directory public listing
Medpure Herbs & Homeopathy,+12505622266,Pharmacies,,"Drug Store Prince George, British Columbia",,https://www.thecbrb.ca/directory/pharmacies/best-businesses-in-canada-2022-medpure-herbs-homeopathy,https://www.thecbrb.ca/directory/pharmacies,no,CBRB directory public listing
Orchardview Guardian Pharmacy,+19059456088,Pharmacies,,"Pharmacy Grimsby, Ontario",,https://www.thecbrb.ca/directory/pharmacies/best-businesses-in-canada-2021-orchardview-guardian-pharmacy,https://www.thecbrb.ca/directory/pharmacies,no,CBRB directory public listing
SolRx Inc.,+14168594761,Pharmacies,,"Pharmacy Education Specialist Brampton, Ontario",,https://www.thecbrb.ca/directory/pharmacies/cbrb-best-businesses-in-canada-2024-solrx-inc,https://www.thecbrb.ca/directory/pharmacies,no,CBRB directory public listing
Caldwell Plumbing,+19052393950,Plumbing Services,,"Plumber Pickering, Ontario",,https://www.thecbrb.ca/directory/plumbing-services/cbrb-best-businesses-in-canada-caldwell-plumbing,https://www.thecbrb.ca/directory/plumbing-services,yes,CBRB directory public listing
Delta Plumbers,+18889251996,Plumbing Services,,"Emergency Plumbing Services Toronto, Ontario",,https://www.thecbrb.ca/directory/plumbing-services/cbrb-best-businesses-in-canada-delta-plumbers,https://www.thecbrb.ca/directory/plumbing-services,yes,CBRB directory public listing
Mekco Supply Inc.,+19055974597,Plumbing Services,,"Plumbing and HVAC Supply Store Richmond Hill, Ontario",,https://www.thecbrb.ca/directory/plumbing-services/cbrb-best-businesses-in-canada-mekco-supply-inc,https://www.thecbrb.ca/directory/plumbing-services,yes,CBRB directory public listing
Plumb Perfect Ltd.,+18884581979,Plumbing Services,,"Plumbing Contractor Erin, Ontario",,https://www.thecbrb.ca/directory/plumbing-services/cbrb-best-businesses-in-canada-plumb-perfect-ltd,https://www.thecbrb.ca/directory/plumbing-services,yes,CBRB directory public listing
Priority Plumbing & Drains,+14167628662,Plumbing Services,,"Plumbing Company Toronto , Ontario",,https://www.thecbrb.ca/directory/plumbing-services/cbrb-best-businesses-in-canada-priority-plumbing-drains,https://www.thecbrb.ca/directory/plumbing-services,yes,CBRB directory public listing
Wentworth Plumbing,+19053895555,Plumbing Services,,"Plumbing Services Hamilton , Ontario",,https://www.thecbrb.ca/directory/plumbing-services/cbrb-best-businesses-in-canada-wentworth-plumbing,https://www.thecbrb.ca/directory/plumbing-services,yes,CBRB directory public listing
Ace Plumbing and Heating,+18332478585,Plumbing Services,,"Residential Plumbing and Heating Service Calgary, Alberta",,https://www.thecbrb.ca/directory/plumbing-services/cbrb-best-businesses-in-canada-2023-ace-plumbing-and-heating,https://www.thecbrb.ca/directory/plumbing-services,yes,CBRB directory public listing
Ace Plumbing Services,+14167025993,Plumbing Services,,"Plumbing Services Toronto, Ontario",http://www.aceplumbingservices.ca,https://www.thecbrb.ca/directory/plumbing-services/cbrb-best-businesses-in-canada-2023-ace-plumbing-services,https://www.thecbrb.ca/directory/plumbing-services,yes,CBRB directory public listing
Gazda Plumbing,+16474642932,Plumbing Services,,"Plumbing Service Toronto, Ontario",https://www.gazdaplumbing.com/,https://www.thecbrb.ca/directory/plumbing-services/cbrb-best-businesses-in-canada-2023-gazda-plumbing,https://www.thecbrb.ca/directory/plumbing-services,yes,CBRB directory public listing
Jaygreen Plumbing Inc,+12507033957,Plumbing Services,,"Plumbing Services Courtenay, British Columbia",,https://www.thecbrb.ca/directory/plumbing-services/cbrb-best-businesses-in-canada-2024-jaygreen-plumbing-inc,https://www.thecbrb.ca/directory/plumbing-services,yes,CBRB directory public listing
John The Plumber,+16132277465,Plumbing Services,,"Drain Cleaner and Plumbing Ottawa, Ontario",https://johntheplumber.ca/,https://www.thecbrb.ca/directory/plumbing-services/best-businesses-in-canada-2022-john-the-plumber,https://www.thecbrb.ca/directory/plumbing-services,yes,CBRB directory public listing
Perfection Plumbing & Drain Cleaning,+13066529556,Plumbing Services,,"Plumbing Services Saskatoon, Saskatchewan",,https://www.thecbrb.ca/directory/plumbing-services/cbrb-best-businesses-in-canada-perfection-plumbing-drain-cleaning,https://www.thecbrb.ca/directory/plumbing-services,yes,CBRB directory public listing
Revive Mechanical B.C.,+17788914356,Plumbing Services,,"Plumbing Contractor Abbotsford, British Columbia",,https://www.thecbrb.ca/directory/plumbing-services/best-businesses-in-canada-2022-revive-mechanical-b-c,https://www.thecbrb.ca/directory/plumbing-services,yes,CBRB directory public listing
Water Guard Plumbing,+16478321738,Plumbing Services,,"Plumbing Service Toronto , Ontario",,https://www.thecbrb.ca/directory/plumbing-services/best-businesses-in-canada-2021-water-guard-plumbing,https://www.thecbrb.ca/directory/plumbing-services,yes,CBRB directory public listing
"Vision Plumbing, Heating & Cooling",+12504709552,Plumbing Services,,"Plumbing & HVAC Services Kelowna, British Columbia",,https://www.thecbrb.ca/directory/plumbing-services/cbrb-best-businesses-in-canada-2022-vision-plumbing-heating-cooling,https://www.thecbrb.ca/directory/plumbing-services,yes,CBRB directory public listing
Agape Kennel,+15195035464,Pet Services,"Breeding Kennel Elmira, O ntario",,,https://www.thecbrb.ca/directory/pet-services/cbrb-best-businesses-in-canada-agape-kennel,https://www.thecbrb.ca/directory/pet-services,yes,CBRB directory public listing
All Pets,+14169017387,Pet Services,,"Pet Specialty Store Toronto, Ontario",,https://www.thecbrb.ca/directory/pet-services/cbrb-best-businesses-in-canada-all-pets,https://www.thecbrb.ca/directory/pet-services,yes,CBRB directory public listing
Beinnein Kennels Ltd.,+14039313110,Pet Services,,"Pet Boarding & Grooming Calgary , Alberta",,https://www.thecbrb.ca/directory/pet-services/cbrb-best-businesses-in-canada-beinnein-kennels-ltd,https://www.thecbrb.ca/directory/pet-services,yes,CBRB directory public listing
Bianca's Dog Training and Behaviour Consulting,,Pet Services,,"Dog Training and Behaviour Consulting Surrey, British Columbia",,https://www.thecbrb.ca/directory/pet-services/cbrb-best-businesses-in-canada-biancas-dog-training-and-behaviour-consul,https://www.thecbrb.ca/directory/pet-services,yes,CBRB directory public listing
(778)-387-1078,,Pet Services,,,,https://www.thecbrb.ca/directory/pet-services/cbrb-best-businesses-in-canada-biancas-dog-training-and-behaviour-consul,https://www.thecbrb.ca/directory/pet-services,yes,CBRB directory public listing
Dogs Tail Inc.,+15873518856,Pet Services,,"Dog Day Care Center Calgary , Alberta",,https://www.thecbrb.ca/directory/pet-services/cbrb-best-businesses-in-canada-dogs-tail-inc,https://www.thecbrb.ca/directory/pet-services,yes,CBRB directory public listing
Kay’s Nail Parlour,+16133258121,Pet Services,"Pet Groomer Ottawa , O ntario",,,https://www.thecbrb.ca/directory/pet-services/cbrb-best-businesses-in-canada-kays-nail-parlour,https://www.thecbrb.ca/directory/pet-services,yes,CBRB directory public listing
Paw & Order Inc.,+15063633011,Pet Services,,"Dog Daycare & Boarding Centre Keswick Ridge, New Brunswick",,https://www.thecbrb.ca/directory/pet-services/cbrb-best-businesses-in-canada-paw-order-inc,https://www.thecbrb.ca/directory/pet-services,yes,CBRB directory public listing
Prince George & Area Pet Memorial Park,+12509637688,Pet Services,,"Pet Crematorium and Cemetery Prince George, British Columbia",,https://www.thecbrb.ca/directory/pet-services/cbrb-best-businesses-in-canada-prince-george-area-pet-memorial-park,https://www.thecbrb.ca/directory/pet-services,yes,CBRB directory public listing
Sit Happens! Companion Dog Training,+14034087309,Pet Services,,"Dog Training Services Calgary, Alberta",,https://www.thecbrb.ca/directory/pet-services/cbrb-best-businesses-in-canada-sit-happens-companion-dog-training,https://www.thecbrb.ca/directory/pet-services,yes,CBRB directory public listing
A Dog's Ruff,+16479886451,Pet Services,"Dog Walker Toronto, O ntario",,,https://www.thecbrb.ca/directory/pet-services/best-businesses-in-canada-2021-a-dogs-ruff,https://www.thecbrb.ca/directory/pet-services,yes,CBRB directory public listing
AgapiK9,+15199421508,Pet Services,"Dog Trainer Amaranth, O ntario",,,https://www.thecbrb.ca/directory/pet-services/cbrb-best-businesses-in-canada-2024-agapik9,https://www.thecbrb.ca/directory/pet-services,yes,CBRB directory public listing
Beauté Canine,+15146963838,Pet Services,,"Pet Groomer Montreal, Quebec",,https://www.thecbrb.ca/directory/pet-services/cbrb-best-businesses-in-canada-2024-beauté-canine,https://www.thecbrb.ca/directory/pet-services,yes,CBRB directory public listing
B-Pro Grooming,+19054951001,Pet Services,,"Pet Groomer Brampton , Ontario",,https://www.thecbrb.ca/directory/pet-services/cbrb-best-businesses-in-canada-2023-b-pro-grooming,https://www.thecbrb.ca/directory/pet-services,yes,CBRB directory public listing
Cascadia Dog Training Inc.,+17783828691,Pet Services,,"Dog Trainer Vancouver, British Columbia",,https://www.thecbrb.ca/directory/pet-services/best-businesses-in-canada-2021-cascadia-dog-training-inc,https://www.thecbrb.ca/directory/pet-services,yes,CBRB directory public listing
Cat's Pajamas Feline Grooming Studio,+16138989228,Pet Services,"Pet Groomer Ottawa , O ntario",,,https://www.thecbrb.ca/directory/pet-services/cbrb-best-businesses-in-canada-2022-cats-pajamas-feline-grooming-studio,https://www.thecbrb.ca/directory/pet-services,yes,CBRB directory public listing
Dankroft K9 Services,+14166536281,Pet Services,,"Dog Trainer Toronto , Ontario",https://decodingcaninestrainingcompany.com/,https://www.thecbrb.ca/directory/pet-services/best-businesses-in-canada-2021-dankroft-k9-services,https://www.thecbrb.ca/directory/pet-services,yes,CBRB directory public listing
Dog Sense Day Care & Grooming,+14166305255,Pet Services,,"Dog Day Care Center Toronto , Ontario",,https://www.thecbrb.ca/directory/pet-services/best-businesses-in-canada-2021-dog-sense-day-care-grooming,https://www.thecbrb.ca/directory/pet-services,yes,CBRB directory public listing
K9+ Dog Walking & Boarding,+14169994442,Pet Services,,"Pet Care Toronto , Ontario",,https://www.thecbrb.ca/directory/pet-services/best-businesses-in-canada-2021-k9-dog-walking-boarding,https://www.thecbrb.ca/directory/pet-services,yes,CBRB directory public listing
Karma Dog Training,+17788002951,Pet Services,"Dog and Puppy Training Vancouver , B ritish Columbia",,,https://www.thecbrb.ca/directory/pet-services/cbrb-best-businesses-in-canada-2023-karma-dog-training,https://www.thecbrb.ca/directory/pet-services,yes,CBRB directory public listing
Lovabulls Pet Care,+14164732093,Pet Services,,"Pet Sitting Service Scarborough, Ontario",,https://www.thecbrb.ca/directory/pet-services/best-businesses-in-canada-2022-lovabulls-pet-care,https://www.thecbrb.ca/directory/pet-services,yes,CBRB directory public listing
Pawfect Strollers Dog Walking & Training Services,+14168894755,Pet Services,,"Pet Service Hamilton, Ontario",,https://www.thecbrb.ca/directory/pet-services/best-businesses-in-canada-2021-pawfect-strollers-dog-walking-training-se,https://www.thecbrb.ca/directory/pet-services,yes,CBRB directory public listing
Pets N Groom Inc,+19053357122,Pet Services,,"Pet Groomer Burlington, Ontario",,https://www.thecbrb.ca/directory/pet-services/cbrb-best-businesses-in-canada-2024-pets-n-groom-inc,https://www.thecbrb.ca/directory/pet-services,yes,CBRB directory public listing
Playful Paws Doggy Daycare & Training Facility,+19024647297,Pet Services,,"Dog day care center Dartmouth, Nova Scotia",,https://www.thecbrb.ca/directory/pet-services/best-businesses-in-canada-2022-playful-paws-doggy-daycare-training-faci,https://www.thecbrb.ca/directory/pet-services,yes,CBRB directory public listing
Pooches N' The Bluffs,+14162619855,Pet Services,,"Pet Groomer Toronto , Ontario",,https://www.thecbrb.ca/directory/pet-services/cbrb-best-businesses-in-canada-2023-pooches-n-the-bluffs,https://www.thecbrb.ca/directory/pet-services,yes,CBRB directory public listing
T&T Dogs Unleashed,+16132580072,Pet Services,,"Dog Trainer and Daycare Kemptville, Ontario",,https://www.thecbrb.ca/directory/pet-services/best-businesses-in-canada-2022-tt-dogs-unleashed,https://www.thecbrb.ca/directory/pet-services,yes,CBRB directory public listing
Tails of Success,+14039710654,Pet Services,,"Obedience Dog Trainer and Mobile Groomer Calgary, Alberta",,https://www.thecbrb.ca/directory/pet-services/cbrb-best-businesses-in-canada-2024-tails-of-success,https://www.thecbrb.ca/directory/pet-services,yes,CBRB directory public listing
The Hungry Pooch,+15199159933,Pet Services,,"Pet Supply Store Windsor , Ontario",,https://www.thecbrb.ca/directory/pet-services/best-businesses-in-canada-2022-the-hungry-pooch,https://www.thecbrb.ca/directory/pet-services,yes,CBRB directory public listing
The Paw Resort & Wellness Centre,+12047299943,Pet Services,,"Kennel Brandon, Manitoba",,https://www.thecbrb.ca/directory/pet-services/cbrb-best-businesses-in-canada-2024-the-paw-resort-wellness-centre,https://www.thecbrb.ca/directory/pet-services,yes,CBRB directory public listing
Foto Booth Fun,+16474711513,Photographers/Videographers,,"PhotoBooth Services Toronto , Ontario",,https://www.thecbrb.ca/directory/photographersvideographers/cbrb-best-businesses-in-canada-foto-booth-fun,https://www.thecbrb.ca/directory/photographersvideographers,yes,CBRB directory public listing
Cynthia Priest Photography,+17807073668,Photographers/Videographers,,"Wedding & Family Photography Edmonton, Alberta",,https://www.thecbrb.ca/directory/photographersvideographers/best-businesses-in-canada-2022-cynthia-priest-photography,https://www.thecbrb.ca/directory/photographersvideographers,yes,CBRB directory public listing
HarderLee Photography,+14032442153,Photographers/Videographers,,"Photography Service Calgary, Alberta",,https://www.thecbrb.ca/directory/photographersvideographers/best-businesses-in-canada-2022-harderlee-photography,https://www.thecbrb.ca/directory/photographersvideographers,yes,CBRB directory public listing
JP Media Works,+12048034841,Photographers/Videographers,,"Video Production Service Winnipeg, Manitoba",,https://www.thecbrb.ca/directory/photographersvideographers/best-businesses-in-canada-2021-jp-media-works,https://www.thecbrb.ca/directory/photographersvideographers,yes,CBRB directory public listing
Mandy Renée Photography,+13063616485,Photographers/Videographers,,"Photographer Saskatoon, Saskatchewan",,https://www.thecbrb.ca/directory/photographersvideographers/best-businesses-in-canada-2022-mandy-renée-photography,https://www.thecbrb.ca/directory/photographersvideographers,yes,CBRB directory public listing
PIC Productions,+16473913824,Photographers/Videographers,,"Photographer Mississauga , Ontario",https://www.picproductions.org/,https://www.thecbrb.ca/directory/photographersvideographers/best-businesses-in-canada-2021-pic-productions,https://www.thecbrb.ca/directory/photographersvideographers,yes,CBRB directory public listing
SHOOT ME STUDIOS,+14162012377,Photographers/Videographers,,"Photography studio Brampton, Ontario",,https://www.thecbrb.ca/directory/photographersvideographers/best-businesses-in-canada-2021-shoot-me-studios,https://www.thecbrb.ca/directory/photographersvideographers,yes,CBRB directory public listing
SugarSnap Photography by Brandis,+19024892566,Photographers/Videographers,,"Photography service Lower Sackville, Nova Scotia",,https://www.thecbrb.ca/directory/photographersvideographers/best-businesses-in-canada-2021-sugarsnap-photography-by-brandis,https://www.thecbrb.ca/directory/photographersvideographers,yes,CBRB directory public listing
Xpression Video Productions Inc,+14163209001,Photographers/Videographers,,"Video production service Toronto , Ontario",,https://www.thecbrb.ca/directory/photographersvideographers/best-businesses-in-canada-2021-xpression-video-productions-inc,https://www.thecbrb.ca/directory/photographersvideographers,yes,CBRB directory public listing
XpressYourSelf Photobooth,+14165762555,Photographers/Videographers,,"Photobooth Rental Toronto , Ontario",,https://www.thecbrb.ca/directory/photographersvideographers/best-businesses-in-canada-2021-xpressyourself-photobooth,https://www.thecbrb.ca/directory/photographersvideographers,yes,CBRB directory public listing
Clinique Physio Familiale,+18194861186,Physiotherapy Centres,"Clinique de Physiothérapie et d’Ergothérapie Gatineau, QC",,,https://www.thecbrb.ca/directory/physiotherapy-centres/cbrb-best-businesses-in-canada-clinique-physio-familiale,https://www.thecbrb.ca/directory/physiotherapy-centres,yes,CBRB directory public listing
Innova Physio & Sports Rehab,+19053898772,Physiotherapy Centres,"Physiotherapy and Sports Rehab Hamilton, ON",,,https://www.thecbrb.ca/directory/physiotherapy-centres/cbrb-best-businesses-in-canada-innova-physio-sports-rehab,https://www.thecbrb.ca/directory/physiotherapy-centres,yes,CBRB directory public listing
Physio Prime,+18196828118,Physiotherapy Centres,"Physiotherapy Clinic Gatineau, QC",,,https://www.thecbrb.ca/directory/physiotherapy-centres/cbrb-best-businesses-in-canada-physio-prime,https://www.thecbrb.ca/directory/physiotherapy-centres,yes,CBRB directory public listing
Physiocare Physiotherapy & Rehab Centre,+16137149495,Physiotherapy Centres,"Physiotherapy Clinic Ottawa, ON",,,https://www.thecbrb.ca/directory/physiotherapy-centres/cbrb-best-businesses-in-canada-physiocare-physiotherapy-rehab-centre,https://www.thecbrb.ca/directory/physiotherapy-centres,yes,CBRB directory public listing
ALPHA Health Services,+14165451881,Physiotherapy Centres,"Physiotherapy Centre Toronto , ON",,,https://www.thecbrb.ca/directory/physiotherapy-centres/best-businesses-in-canada-2021-alpha-health-services,https://www.thecbrb.ca/directory/physiotherapy-centres,yes,CBRB directory public listing
Concept Physiotherapy,+12049387330,Physiotherapy Centres,"Physiotherapist Oakville, ON",,,https://www.thecbrb.ca/directory/physiotherapy-centres/best-businesses-in-canada-2021-concept-physiotherapy,https://www.thecbrb.ca/directory/physiotherapy-centres,yes,CBRB directory public listing
Core Therapeutics Physiotherapy,+19058588000,Physiotherapy Centres,"Physiotherapist Mississauga , ON",,,https://www.thecbrb.ca/directory/physiotherapy-centres/cbrb-best-businesses-in-canada-2024-core-therapeutics-physiotherapy,https://www.thecbrb.ca/directory/physiotherapy-centres,yes,CBRB directory public listing
Healing Touch,+19052397022,Physiotherapy Centres,"Physiotherapist Ajax, ON",,,https://www.thecbrb.ca/directory/physiotherapy-centres/best-businesses-in-canada-2021-healing-touch,https://www.thecbrb.ca/directory/physiotherapy-centres,yes,CBRB directory public listing
Holistic Physiotherapy & Wellness,+13063730060,Physiotherapy Centres,"Wellness center Saskatoon, SK",,https://www.holisticphysiowellness.ca/,https://www.thecbrb.ca/directory/physiotherapy-centres/best-businesses-in-canada-2021-holistic-physiotherapy-wellness,https://www.thecbrb.ca/directory/physiotherapy-centres,yes,CBRB directory public listing
I AM Physiotherapy Newmarket,+12894661140,Physiotherapy Centres,"Physiotherapist Newmarket, ON",,,https://www.thecbrb.ca/directory/physiotherapy-centres/best-businesses-in-canada-2022-i-am-physiotherapy-newmarket,https://www.thecbrb.ca/directory/physiotherapy-centres,yes,CBRB directory public listing
Lakeside Health & Sport,+12898052252,Physiotherapy Centres,"Physical therapy clinic Oakville, ON",,,https://www.thecbrb.ca/directory/physiotherapy-centres/best-businesses-in-canada-2022-lakeside-health-sport,https://www.thecbrb.ca/directory/physiotherapy-centres,yes,CBRB directory public listing
Lansdowne Physiotherapy Clinic,+16042704428,Physiotherapy Centres,"Physical therapy clinic Richmond, BC",,,https://www.thecbrb.ca/directory/physiotherapy-centres/best-businesses-in-canada-2022-lansdowne-physiotherapy-clinic,https://www.thecbrb.ca/directory/physiotherapy-centres,yes,CBRB directory public listing
Med Wellness Centre,+19056058889,Physiotherapy Centres,"Physiotherapy & Rehab Vaughan , ON",,,https://www.thecbrb.ca/directory/physiotherapy-centres/best-businesses-in-canada-2022-med-wellness-centre,https://www.thecbrb.ca/directory/physiotherapy-centres,yes,CBRB directory public listing
Midtown Physiotherapy,+14167927447,Physiotherapy Centres,"Physiotherapy Centre Toronto , ON",,,https://www.thecbrb.ca/directory/physiotherapy-centres/best-businesses-in-canada-2021-midtown-physiotherapy,https://www.thecbrb.ca/directory/physiotherapy-centres,yes,CBRB directory public listing
North Park Rehab Centre,+19054972120,Physiotherapy Centres,"Physiotherapist Brampton, ON",,,https://www.thecbrb.ca/directory/physiotherapy-centres/best-businesses-in-canada-2022-north-park-rehab-centre,https://www.thecbrb.ca/directory/physiotherapy-centres,yes,CBRB directory public listing
NYK Cosmetic Clinic & Physiotherapy,+19052772220,Physiotherapy Centres,"Physical Therapy Clinic Mississauga , ON",,,https://www.thecbrb.ca/directory/physiotherapy-centres/best-businesses-in-canada-2021-nyk-cosmetic-clinic-physiotherapy,https://www.thecbrb.ca/directory/physiotherapy-centres,yes,CBRB directory public listing
Physio Osteo Optimum,+15144395012,Physiotherapy Centres,,"Physiotherapist Montreal, Quebec",,https://www.thecbrb.ca/directory/physiotherapy-centres/cbrb-best-businesses-in-canada-2023-physio-osteo-optimum,https://www.thecbrb.ca/directory/physiotherapy-centres,yes,CBRB directory public listing
ProHealth Oshawa Physiotherapy & Rehab,+13654420216,Physiotherapy Centres,"Multidisciplinary Physio, Chiro & Massage Therapy Clinic Oshawa, ON",,,https://www.thecbrb.ca/directory/physiotherapy-centres/best-businesses-in-canada-2022-prohealth-oshawa-physiotherapy-rehab,https://www.thecbrb.ca/directory/physiotherapy-centres,yes,CBRB directory public listing
Pure Life Physiotherapy,+16046703276,Physiotherapy Centres,"Physiotherapist Surrey, BC",,,https://www.thecbrb.ca/directory/physiotherapy-centres/cbrb-best-businesses-in-canada-2023-pure-life-physiotherapy,https://www.thecbrb.ca/directory/physiotherapy-centres,yes,CBRB directory public listing
Right Time Rehab,+19054536799,Physiotherapy Centres,"Physical therapy clinic Brampton, ON",,,https://www.thecbrb.ca/directory/physiotherapy-centres/best-businesses-in-canada-2022-right-time-rehab,https://www.thecbrb.ca/directory/physiotherapy-centres,yes,CBRB directory public listing
Sporting Edge Physiotherapy,+19054174646,Physiotherapy Centres,"Physiotherapy Clinic Vaughan, ON",,,https://www.thecbrb.ca/directory/physiotherapy-centres/cbrb-best-businesses-in-canada-sporting-edge-physiotherapy,https://www.thecbrb.ca/directory/physiotherapy-centres,yes,CBRB directory public listing
Sunrise Physical Therapy,+17809608711,Physiotherapy Centres,"Physiotherapist Spruce Grove, AB",,,https://www.thecbrb.ca/directory/physiotherapy-centres/best-businesses-in-canada-2022-sunrise-physical-therapy,https://www.thecbrb.ca/directory/physiotherapy-centres,yes,CBRB directory public listing
Swift Care Wellness Centre,+19052409503,Physiotherapy Centres,"Physical Therapy Clinic Oshawa, ON",,,https://www.thecbrb.ca/directory/physiotherapy-centres/cbrb-best-businesses-in-canada-2023-swift-care-wellness-centre,https://www.thecbrb.ca/directory/physiotherapy-centres,yes,CBRB directory public listing
Urgence Physio,+15144883131,Physiotherapy Centres,"Physical therapy clinic Montreal, QC",,,https://www.thecbrb.ca/directory/physiotherapy-centres/best-businesses-in-canada-2022-urgence-physio,https://www.thecbrb.ca/directory/physiotherapy-centres,yes,CBRB directory public listing
Veronica Rogovsky PT,+16479069064,Physiotherapy Centres,"Registered Physiotherapist Vaughan , ON",,https://veronicarogovskypt.square.site/,https://www.thecbrb.ca/directory/physiotherapy-centres/best-businesses-in-canada-2021-veronica-rogovsky-pt,https://www.thecbrb.ca/directory/physiotherapy-centres,yes,CBRB directory public listing
Work-Fit Total Therapy Centre,+19058459540,Physiotherapy Centres,"Physiotherapy Clinic Oakville, Milton and Georgetown, ON",,,https://www.thecbrb.ca/directory/physiotherapy-centres/best-businesses-in-canada-2022-work-fit-total-therapy-centre,https://www.thecbrb.ca/directory/physiotherapy-centres,yes,CBRB directory public listing
ZONE 4 PHYSIOTHERAPY & WELLNESS CENTER,+17789990899,Physiotherapy Centres,"Physiotherapist North Vancouver, BC",,,https://www.thecbrb.ca/directory/physiotherapy-centres/cbrb-best-businesses-in-canada-2023-zone-4-physiotherapy-wellness,https://www.thecbrb.ca/directory/physiotherapy-centres,yes,CBRB directory public listing
Budget Printing and Supplies,+14032470896,Printing Services,,"Printing and Shipping Services Calgary, Alberta",,https://www.thecbrb.ca/directory/printing-services/cbrb-best-businesses-in-canada-budget-printing-and-supplies,https://www.thecbrb.ca/directory/printing-services,yes,CBRB directory public listing
SSK Signs,+19052822225,Printing Services,,"Sign Shop Mississauga, Ontario",,https://www.thecbrb.ca/directory/printing-services/cbrb-best-businesses-in-canada-ssk-signs,https://www.thecbrb.ca/directory/printing-services,yes,CBRB directory public listing
Aventus Investigations Inc.,+16472295820,Private Investigators,"Private Investigator Ajax , ON",,,https://www.thecbrb.ca/directory/private-investigators/cbrb-best-businesses-in-canada-aventus-investigations-inc,https://www.thecbrb.ca/directory/private-investigators,yes,CBRB directory public listing
Duncan Investigations Inc,+12042333439,Private Investigators,"Private Investigation Services Winnipeg , MB",,,https://www.thecbrb.ca/directory/private-investigators/cbrb-best-businesses-in-canada-duncan-investigations-inc,https://www.thecbrb.ca/directory/private-investigators,yes,CBRB directory public listing
The Smith Investigation Agency,+16474798474,Private Investigators,"Private Investigator Mississauga, ON",,,https://www.thecbrb.ca/directory/private-investigators/cbrb-best-businesses-in-canada-the-smith-investigation-agency,https://www.thecbrb.ca/directory/private-investigators,yes,CBRB directory public listing
Investigations Plus Ltd.,+18887032912,Private Investigators,"Private Investigation Agency Brampton,ON",,https://sqpi.ca/private-investigator-vaughan/?utm_source=google&utm_medium=organic&utm_campaign=local&utm_content=Vaughan,https://www.thecbrb.ca/directory/private-investigators/cbrb-best-businesses-in-canada-2023-investigations-plus-ltd,https://www.thecbrb.ca/directory/private-investigators,yes,CBRB directory public listing
Glen CORR Management Inc.,+15194321888,Property Management Services,"Commercial Property Management Firm London, ON",,,https://www.thecbrb.ca/directory/property-management-services/cbrb-best-businesses-in-canada-glen-corr-management-inc,https://www.thecbrb.ca/directory/property-management-services,yes,CBRB directory public listing
Murphy's Property Management,+16047511773,Property Management Services,"Property Management Company M ission , BC",,,https://www.thecbrb.ca/directory/property-management-services/cbrb-best-businesses-in-canada-murphys-property-management,https://www.thecbrb.ca/directory/property-management-services,yes,CBRB directory public listing
Peartree Group Property Management,+16136867575,Property Management Services,"Property Management Company Ottawa , ON",,,https://www.thecbrb.ca/directory/property-management-services/cbrb-best-businesses-in-canada-peartree-group-property-management,https://www.thecbrb.ca/directory/property-management-services,yes,CBRB directory public listing
Phoenix Properties Inc.,+16137239227,Property Management Services,"Apartment Rental Company Ottawa, ON",,,https://www.thecbrb.ca/directory/property-management-services/cbrb-best-businesses-in-canada-phoenix-properties-inc,https://www.thecbrb.ca/directory/property-management-services,yes,CBRB directory public listing
WEmanageURproperties Inc.,+14165783151,Property Management Services,"Property Management Company Toronto, ON",,,https://www.thecbrb.ca/directory/property-management-services/cbrb-best-businesses-in-canada-wemanageurproperties-inc,https://www.thecbrb.ca/directory/property-management-services,yes,CBRB directory public listing
CALGARY HOME WATCH & CONCIERGE INC.,+14038030012,Property Management Services,,"Personal Concierge & Home Watch Services Calgary, Alberta",,https://www.thecbrb.ca/directory/property-management-services/cbrb-best-businesses-in-canada-2023-calgary-home-watch-concierge-inc,https://www.thecbrb.ca/directory/property-management-services,yes,CBRB directory public listing
CANADIAN COMMERCIAL PROPERTY MANAGEMENT,+12893130888,Property Management Services,,"Property Management Burlington, Ontario",,https://www.thecbrb.ca/directory/property-management-services/best-businesses-in-canada-2021-canadian-commercial-property-management,https://www.thecbrb.ca/directory/property-management-services,yes,CBRB directory public listing
Chang's Property,+19024239247,Property Management Services,,"Property Management Company Halifax, Nova Scotia",,https://www.thecbrb.ca/directory/property-management-services/cbrb-best-businesses-in-canada-2023-changs-property-management,https://www.thecbrb.ca/directory/property-management-services,yes,CBRB directory public listing
Diamond Property Management Group,+16476807892,Property Management Services,Property Management Toronto Ontario,,,https://www.thecbrb.ca/directory/property-management-services/best-businesses-in-canada-2022-diamond-property-management-group,https://www.thecbrb.ca/directory/property-management-services,yes,CBRB directory public listing
Home 2 Home Properties Inc,+15198905245,Property Management Services,,"Property Management Windsor, Ontario",,https://www.thecbrb.ca/directory/property-management-services/cbrb-best-businesses-in-canada-2023-home-2-home-properties-inc,https://www.thecbrb.ca/directory/property-management-services,yes,CBRB directory public listing
LogisPro Mauricie Inc.,+18193711555,Property Management Services,Property Management Company Trois-Riviè,"res, Quebec",,https://www.thecbrb.ca/directory/property-management-services/cbrb-best-businesses-in-canada-2024-logispro-mauricie-inc,https://www.thecbrb.ca/directory/property-management-services,yes,CBRB directory public listing
Mayfield Management Group Ltd,+17804515192,Property Management Services,"Property Management Edmonton, AB",,,https://www.thecbrb.ca/directory/property-management-services/best-businesses-in-canada-2023-mayfield-management-group-ltd,https://www.thecbrb.ca/directory/property-management-services,yes,CBRB directory public listing
Shiu Pong Management Limited,+14165968885,Property Management Services,"Property Management Toronto, ON",,https://shiupong.com/index.php,https://www.thecbrb.ca/directory/property-management-services/cbrb-best-businesses-in-canada-2023-shiu-pong-management-limited,https://www.thecbrb.ca/directory/property-management-services,yes,CBRB directory public listing
OrangeList Property Management,+19053290823,Property Management Services,"Property management company St. Catharines, ON",,,https://www.thecbrb.ca/directory/property-management-services/cbrb-best-businesses-in-canada-2023-orangelist-property-management,https://www.thecbrb.ca/directory/property-management-services,yes,CBRB directory public listing
Paragon Property Management & Maintenance,+15193515551,Property Management Services,"Property Management Chatham, ON",,,https://www.thecbrb.ca/directory/property-management-services/cbrb-best-businesses-in-canada-2023-paragon-property-management,https://www.thecbrb.ca/directory/property-management-services,yes,CBRB directory public listing
Property Hunters Inc.,+15199447368,Property Management Services,"Property Management Company Windsor, ON",,,https://www.thecbrb.ca/directory/property-management-services/cbrb-best-businesses-in-canada-2023-property-hunters-inc,https://www.thecbrb.ca/directory/property-management-services,yes,CBRB directory public listing
Sunrise Estate Services,+17807220101,Property Management Services,"Estate liquidator Spruce Grove, AB",,,https://www.thecbrb.ca/directory/property-management-services/best-businesses-in-canada-2021-sunrise-estate-services,https://www.thecbrb.ca/directory/property-management-services,yes,CBRB directory public listing
Upper Edge Property Management Inc.,+12044156200,Property Management Services,,"Property Management Winnipeg, Manitoba",,https://www.thecbrb.ca/directory/property-management-services/best-businesses-in-canada-2021-upper-edge-property-management,https://www.thecbrb.ca/directory/property-management-services,yes,CBRB directory public listing
Vaughan Counselling and Psychotherapy,+16472679853,Psychotherapist,"Psychotherapist Vaughan, ON",,,https://www.thecbrb.ca/directory/psychotherapist/best-businesses-in-canada-vaughan-counselling-and-psychotherapy,https://www.thecbrb.ca/directory/psychotherapist,no,CBRB directory public listing
Psych Company,+18884419141,Psychotherapist,"Psychotherapist Centre Toronto , ON",,,https://www.thecbrb.ca/directory/psychotherapist/best-businesses-in-canada-2022-psych-company,https://www.thecbrb.ca/directory/psychotherapist,no,CBRB directory public listing
Pulse Physiotherapy,+14038059459,Psychotherapist,,"Psychotherapist Calgary, Alberta",,https://www.thecbrb.ca/directory/psychotherapist/best-businesses-in-canada-2021-pulse-physio,https://www.thecbrb.ca/directory/psychotherapist,no,CBRB directory public listing
Therapy Heals Psychotherapy,+19059364747,Psychotherapist,"Counselling Services New Tecumseth, ON",,,https://www.thecbrb.ca/directory/psychotherapist/best-businesses-in-canada-2021-therapy-heals-psychotherapy-and-counsellin,https://www.thecbrb.ca/directory/psychotherapist,no,CBRB directory public listing
CEFPI SST,+14509350560,Public Safety Services,Consultation et Formation en Santé et Sécurité au Travail Québec,,,https://www.thecbrb.ca/directory/public-safety-services/cbrb-best-businesses-in-canada-cefpi-sst,https://www.thecbrb.ca/directory/public-safety-services,yes,CBRB directory public listing
Durham First Aid Inc.,+19052400092,Public Safety Services,,"First Aid & CPR Training Provider Durham Region, Ontario",,https://www.thecbrb.ca/directory/public-safety-services/cbrb-best-businesses-in-canada-durham-first-aid-inc,https://www.thecbrb.ca/directory/public-safety-services,yes,CBRB directory public listing
ABSA - The Pressure Equipment Safety Authority,+17804379100,Public Safety Services,,"Public S afety O ffice Edmonton, Alberta",,https://www.thecbrb.ca/directory/public-safety-services/best-businesses-in-canada-2021-absa-the-pressure-equipment-safety-autho,https://www.thecbrb.ca/directory/public-safety-services,yes,CBRB directory public listing
Cascade Fire Protection,+12506426542,Public Safety Services,,"Fire Protection Installation & Service Sooke, British Columbia",,https://www.thecbrb.ca/directory/public-safety-services/cbrb-best-businesses-in-canada-2024-cascade-fire-protection,https://www.thecbrb.ca/directory/public-safety-services,yes,CBRB directory public listing
FIRM FIRE & SAFETY INC,+18882391728,Public Safety Services,,"Fire Alarm & Safety Services Toronto, Ontario",http://www.firmfire.ca,https://www.thecbrb.ca/directory/public-safety-services/cbrb-best-businesses-in-canada-firm-fire-safety-inc,https://www.thecbrb.ca/directory/public-safety-services,yes,CBRB directory public listing
TEAM-1 Academy Inc.,+19058270007,Public Safety Services,,"Health and Safety Training Burlington, Ontario",,https://www.thecbrb.ca/directory/public-safety-services/cbrb-best-businesses-in-canada-2024-team-1-academy-inc,https://www.thecbrb.ca/directory/public-safety-services,yes,CBRB directory public listing
VIF Safety Training,+12508892074,Public Safety Services,Safety Training British Columbia,,,https://www.thecbrb.ca/directory/public-safety-services/cbrb-best-businesses-in-canada-2024-vif-safety-training,https://www.thecbrb.ca/directory/public-safety-services,yes,CBRB directory public listing
WT Canadian Safety & Medic Training,+12508614357,Public Safety Services,,"First Aid and Medic Training Kelowna, British Columbia",https://turnergroup.ca/,https://www.thecbrb.ca/directory/public-safety-services/cbrb-best-businesses-in-canada-2024-wt-canadian-safety-medic-training,https://www.thecbrb.ca/directory/public-safety-services,yes,CBRB directory public listing
GL Chemtec International,+19054691940,R&D Laboratories,,"Pharmaceutical & Chemical R&D Services Oakville , Ontario",,https://www.thecbrb.ca/directory/rd-laboratories/cbrb-best-businesses-in-canada-gl-chemtec-international,https://www.thecbrb.ca/directory/rd-laboratories,no,CBRB directory public listing
Exalt Recording,+13063480180,Recording Studios,,"Recording studio Strasbourg, Saskatchewan",,https://www.thecbrb.ca/directory/recording-studios/best-businesses-in-canada-2021-exalt-recording,https://www.thecbrb.ca/directory/recording-studios,no,CBRB directory public listing
RCCG Anointed Chapel,+16479872446,Religious Facilities,,"Church Brampton , Ontario",,https://www.thecbrb.ca/directory/religious-facilities/best-businesses-in-canada-2021-rccg-anointed-chapel,https://www.thecbrb.ca/directory/religious-facilities,no,CBRB directory public listing
Waterloo Pentecostal Assembly,+15198840530,Religious Facilities,,"Church Waterloo, Ontario",,https://www.thecbrb.ca/directory/religious-facilities/best-businesses-in-canada-2021-waterloo-pentecostal-assembly,https://www.thecbrb.ca/directory/religious-facilities,no,CBRB directory public listing
Legacy Lodge,+14039428400,Retirement Homes,,"Assisted living facility Lethbridge, Alberta",,https://www.thecbrb.ca/directory/retirement-homes/best-businesses-in-canada-2021-legacy-lodge,https://www.thecbrb.ca/directory/retirement-homes,no,CBRB directory public listing
MLP Residence - Retirement and Assisted Living Services,+16134760444,Retirement Homes,,"Retirement home Prince Edward, Ontario",,https://www.thecbrb.ca/directory/retirement-homes/best-businesses-in-canada-2021-mlp-residence,https://www.thecbrb.ca/directory/retirement-homes,no,CBRB directory public listing
Nurse Next Door,+18665719997,Retirement Homes,,"Aged care Vancouver, British Columbia",,https://www.thecbrb.ca/directory/retirement-homes/best-businesses-in-canada-2021-nurse-next-door,https://www.thecbrb.ca/directory/retirement-homes,no,CBRB directory public listing
Résidence Aquatria,+16137141110,Retirement Homes,,"Luxurious Private Residence Casselman, Ontario",,https://www.thecbrb.ca/directory/retirement-homes/cbrb-best-businesses-in-canada-2023-résidence-aquatria,https://www.thecbrb.ca/directory/retirement-homes,no,CBRB directory public listing
Résidence Esther-Blondin,+14504514643,Retirement Homes,,"Retirement Home Rigaud, Quebec",,https://www.thecbrb.ca/directory/retirement-homes/cbrb-best-businesses-in-canada-2024-résidence-esther-blondin,https://www.thecbrb.ca/directory/retirement-homes,no,CBRB directory public listing
Riverside Lions Estates,+12042558940,Retirement Homes,,"Retirement Home Winnipeg , Manitoba",,https://www.thecbrb.ca/directory/retirement-homes/cbrb-best-businesses-in-canada-2023-riverside-lions,https://www.thecbrb.ca/directory/retirement-homes,no,CBRB directory public listing
Alberta Dynasty Exteriors Inc.,+14036308492,Roofing Contractors,,"Roofing Contractor Wheatland County, Alberta",,https://www.thecbrb.ca/directory/roofing-contractors/cbrb-best-businesses-in-canada-alberta-dynasty-exteriors-inc,https://www.thecbrb.ca/directory/roofing-contractors,yes,CBRB directory public listing
JDM Roofing,+16043922910,Roofing Contractors,,"Roofing Contractor Chilliwack, British Columbia",,https://www.thecbrb.ca/directory/roofing-contractors/cbrb-best-businesses-in-canada-jdm-roofing,https://www.thecbrb.ca/directory/roofing-contractors,yes,CBRB directory public listing
Mega City Roofing Inc,+14164199836,Roofing Contractors,,"Roofing Contractor Whitby, Ontario",,https://www.thecbrb.ca/directory/roofing-contractors/cbrb-best-businesses-in-canada-mega-city-roofing-inc,https://www.thecbrb.ca/directory/roofing-contractors,yes,CBRB directory public listing
Stokes Roofing,+17057613875,Roofing Contractors,,"Roofing C ontractor Peterborough , Ontario",,https://www.thecbrb.ca/directory/roofing-contractors/cbrb-best-businesses-in-canada-stokes-roofing,https://www.thecbrb.ca/directory/roofing-contractors,yes,CBRB directory public listing
Toiture Audet,+18195981384,Roofing Contractors,"Roofing Contractor Val-des-Monts, Q uebec",,https://toitureaudet.com/,https://www.thecbrb.ca/directory/roofing-contractors/cbrb-best-businesses-in-canada-toiture-audet,https://www.thecbrb.ca/directory/roofing-contractors,yes,CBRB directory public listing
Tops Roofing & Siding,+19053120558,Roofing Contractors,"Roofing & Siding Contractor Hamilton , O ntario",,,https://www.thecbrb.ca/directory/roofing-contractors/cbrb-best-businesses-in-canada-tops-roofing-siding,https://www.thecbrb.ca/directory/roofing-contractors,yes,CBRB directory public listing
Vanity Roofing,+16138514448,Roofing Contractors,,"Roofing Contractor Ottawa, Ontario",,https://www.thecbrb.ca/directory/roofing-contractors/cbrb-best-businesses-in-canada-vanity-roofing,https://www.thecbrb.ca/directory/roofing-contractors,yes,CBRB directory public listing
Best Flat Roof,+14167107171,Roofing Contractors,,"Roofing Contractor Vaughan, Ontario",,https://www.thecbrb.ca/directory/roofing-contractors/best-businesses-in-canada-2021-best-flat-roof,https://www.thecbrb.ca/directory/roofing-contractors,yes,CBRB directory public listing
Blue Jay Roofing,+12502583009,Roofing Contractors,,"Roofing Contractor West Kelowna, British Columbia",,https://www.thecbrb.ca/directory/roofing-contractors/cbrb-best-businesses-in-canada-2024-blue-jay-roofing,https://www.thecbrb.ca/directory/roofing-contractors,yes,CBRB directory public listing
Cleroux & Sons Roofing,+15198194309,Roofing Contractors,,"Roofing Contractor Tecumseh, Ontario",,https://www.thecbrb.ca/directory/roofing-contractors/best-businesses-in-canada-2021-cleroux-sons-roofing,https://www.thecbrb.ca/directory/roofing-contractors,yes,CBRB directory public listing
Club Toiture,+15149907943,Roofing Contractors,,"Roofing Contractor Mirabel, Quebec",,https://www.thecbrb.ca/directory/roofing-contractors/best-businesses-in-canada-2021-club-toiture,https://www.thecbrb.ca/directory/roofing-contractors,yes,CBRB directory public listing
Elements Metal Roof,+19028005500,Roofing Contractors,,"Roofing Contractor Halifax, Nova Scotia",,https://www.thecbrb.ca/directory/roofing-contractors/best-businesses-in-canada-2021-elements-metal-roof,https://www.thecbrb.ca/directory/roofing-contractors,yes,CBRB directory public listing
Erickson Roofing,+12507585440,Roofing Contractors,,"Roofing and Waterproofing Contractor Nanaimo, British Columbia",,https://www.thecbrb.ca/directory/roofing-contractors/cbrb-best-businesses-in-canada-2023-erickson-roofing,https://www.thecbrb.ca/directory/roofing-contractors,yes,CBRB directory public listing
First Choice Roofing,+19058533041,Roofing Contractors,,"Roofing Contractor Whitchurch-Stouffville, Ontario",,https://www.thecbrb.ca/directory/roofing-contractors/best-businesses-in-canada-2022-first-choice-roofing,https://www.thecbrb.ca/directory/roofing-contractors,yes,CBRB directory public listing
Flat Roofing BC Inc,+16043853178,Roofing Contractors,,"Roofing Contractor Surrey, British Columbia",,https://www.thecbrb.ca/directory/roofing-contractors/best-businesses-in-canada-2022-flat-roofing-bc-inc,https://www.thecbrb.ca/directory/roofing-contractors,yes,CBRB directory public listing
FS ROOF SYSTEMS,+15198274638,Roofing Contractors,,"Roofing Contractor Cambridge, Ontario",,https://www.thecbrb.ca/directory/roofing-contractors/best-businesses-in-canada-2021-fs-roof-systems,https://www.thecbrb.ca/directory/roofing-contractors,yes,CBRB directory public listing
Heavy Metal Roofing Ltd.,+17052208656,Roofing Contractors,,"Roofing Contractor Coldwater, Ontario",,https://www.thecbrb.ca/directory/roofing-contractors/cbrb-best-businesses-in-canada-2024-heavy-metal-roofing-ltd,https://www.thecbrb.ca/directory/roofing-contractors,yes,CBRB directory public listing
JN Roofing and Contracting.,+17057342988,Roofing Contractors,,"Roofing Contractor Barrie, Ontario",,https://www.thecbrb.ca/directory/roofing-contractors/best-businesses-in-canada-2022-jn-roofing-and-contracting,https://www.thecbrb.ca/directory/roofing-contractors,yes,CBRB directory public listing
Marks Roofing Ltd,+17788853347,Roofing Contractors,,"Roofing Services Surrey, British Columbia",https://www.facebook.com/Marksroofing/photos/?ref=page_internal,https://www.thecbrb.ca/directory/roofing-contractors/best-businesses-in-canada-2021-marks-roofing-ltd,https://www.thecbrb.ca/directory/roofing-contractors,yes,CBRB directory public listing
Masterclass Roofing & Exteriors,+18259942028,Roofing Contractors,,"Exterior Renovation Company Calgary, Alberta",https://www.masterclass-roofing.com/,https://www.thecbrb.ca/directory/roofing-contractors/best-businesses-in-canada-2022-masterclass-roofing-exteriors,https://www.thecbrb.ca/directory/roofing-contractors,yes,CBRB directory public listing
Matt’s Roofing LTD.,+17809937005,Roofing Contractors,,"Roofing Contractor Edmonton, Alberta",,https://www.thecbrb.ca/directory/roofing-contractors/best-businesses-in-canada-2021-matts-roofing-ltd,https://www.thecbrb.ca/directory/roofing-contractors,yes,CBRB directory public listing
Maxim Roofing Limited,+14162454949,Roofing Contractors,,"Custom Roofing Repairs And Restorations Toronto, Ontario",,https://www.thecbrb.ca/directory/roofing-contractors/cbrb-best-businesses-in-canada-2024-maxim-roofing-limited,https://www.thecbrb.ca/directory/roofing-contractors,yes,CBRB directory public listing
Metal Roof Ottawa Inc.,+16139788644,Roofing Contractors,,"Roofing Contractor Ottawa, Ontario",,https://www.thecbrb.ca/directory/roofing-contractors/cbrb-best-businesses-in-canada-2023-metal-roof-ottawa-inc,https://www.thecbrb.ca/directory/roofing-contractors,yes,CBRB directory public listing
Metal-Tech Production Inc,+14383874600,Roofing Contractors,,"Roofing Contractor Montreal, Quebec",,https://www.thecbrb.ca/directory/roofing-contractors/best-businesses-in-canada-2022-metal-tech-production-inc,https://www.thecbrb.ca/directory/roofing-contractors,yes,CBRB directory public listing
Northwind Roofing Ltd,+15872008517,Roofing Contractors,,"Roofing Contractor Prince George, British Columbia",,https://www.thecbrb.ca/directory/roofing-contractors/best-businesses-in-canada-2021-northwind-roofing-ltd,https://www.thecbrb.ca/directory/roofing-contractors,yes,CBRB directory public listing
Ontario Tech Roofing INC.,+19056164408,Roofing Contractors,,"Roofing Contractor Oakville, Ontario",,https://www.thecbrb.ca/directory/roofing-contractors/best-businesses-in-canada-2021-ontario-tech-roofing-inc,https://www.thecbrb.ca/directory/roofing-contractors,yes,CBRB directory public listing
Rainbow Gutters,+17806329301,Roofing Contractors,,"Roofing Contractor Vegreville, Alberta",https://rainbowgutters.net/,https://www.thecbrb.ca/directory/roofing-contractors/cbrb-best-businesses-in-canada-rainbow-gutters,https://www.thecbrb.ca/directory/roofing-contractors,yes,CBRB directory public listing
Reid's Roofing Ltd,+17804605866,Roofing Contractors,,"Roofing Contractor St. Albert, Alberta",,https://www.thecbrb.ca/directory/roofing-contractors/best-businesses-in-canada-2021-reids-roofing-ltd,https://www.thecbrb.ca/directory/roofing-contractors,yes,CBRB directory public listing
Roof Effex Inc,+17809837414,Roofing Contractors,,"Roofing Company Stony Plain, Alberta",https://roofeffex.com/,https://www.thecbrb.ca/directory/roofing-contractors/best-businesses-in-canada-2022-roof-effex-inc,https://www.thecbrb.ca/directory/roofing-contractors,yes,CBRB directory public listing
Toitures Sublimes,+18192664249,Roofing Contractors,"Roofing Contractor Sainte-Ursule, QC",,https://www.toituressublimes.com/,https://www.thecbrb.ca/directory/roofing-contractors/cbrb-best-businesses-in-canada-2023-toitures-sublimes,https://www.thecbrb.ca/directory/roofing-contractors,yes,CBRB directory public listing
Archer Guards,+15142515050,Security Services,"Security Services Montreal, QC",,,https://www.thecbrb.ca/directory/security-services/cbrb-best-businesses-in-canada-archer-guards,https://www.thecbrb.ca/directory/security-services,yes,CBRB directory public listing
Condor Security Inc.,+14166651500,Security Services,"Security Guard Services Toronto, ON",,,https://www.thecbrb.ca/directory/security-services/cbrb-best-businesses-in-canada-condor-security-inc,https://www.thecbrb.ca/directory/security-services,yes,CBRB directory public listing
H.F.H. SECURITY SERVICES. INC.,+17057152327,Security Services,"Security Guard Service Angus , ON",,,https://www.thecbrb.ca/directory/security-services/cbrb-best-businesses-in-canada-h-f-h-security-services-inc,https://www.thecbrb.ca/directory/security-services,yes,CBRB directory public listing
INESA Security Services Inc.,+18333884464,Security Services,"Security Services Hamilton , ON",,,https://www.thecbrb.ca/directory/security-services/cbrb-best-businesses-in-canada-inesa-security-services-inc,https://www.thecbrb.ca/directory/security-services,yes,CBRB directory public listing
JamRock Security,+12048801564,Security Services,"Security S ystem S upplier Winnipeg, MB",,,https://www.thecbrb.ca/directory/security-services/cbrb-best-businesses-in-canada-jamrock-security,https://www.thecbrb.ca/directory/security-services,yes,CBRB directory public listing
Maritect Investigations & Security Ltd.,+19022703161,Security Services,"Security Services Sydney, NS",,,https://www.thecbrb.ca/directory/security-services/cbrb-best-businesses-in-canada-maritect-investigations-security-ltd,https://www.thecbrb.ca/directory/security-services,yes,CBRB directory public listing
1Northwest Security Services,+18076237417,Security Services,"Security guard service Thunder Bay, ON",,,https://www.thecbrb.ca/directory/security-services/best-businesses-in-canada-2022-1northwest-security-services,https://www.thecbrb.ca/directory/security-services,yes,CBRB directory public listing
Allfine Security,+14168550101,Security Services,"Security System Installer Vaughan, ON",,,https://www.thecbrb.ca/directory/security-services/cbrb-best-businesses-in-canada-2024-allfine-security,https://www.thecbrb.ca/directory/security-services,yes,CBRB directory public listing
AJ-Spider Security & Investigation Services,+19055260707,Security Services,"Security guard service Hamilton, ON",,http://ajssissecurityinc.com/,https://www.thecbrb.ca/directory/security-services/best-businesses-in-canada-2021-aj-spider-security-investigation-service,https://www.thecbrb.ca/directory/security-services,yes,CBRB directory public listing
Amike Fire Alarm Security Service,+15143606233,Security Services,"Fire alarm supplier Montreal, QC",,,https://www.thecbrb.ca/directory/security-services/best-businesses-in-canada-2021-amike-fire-alarm-security-service,https://www.thecbrb.ca/directory/security-services,yes,CBRB directory public listing
Armoured Security Canada Inc,+19057602693,Security Services,"Armoured Security Concord, ON",,,https://www.thecbrb.ca/directory/security-services/best-businesses-in-canada-2021-armoured-security-canada-inc,https://www.thecbrb.ca/directory/security-services,yes,CBRB directory public listing
Artistic Smart Homes,+19058509386,Security Services,"Automation/Security/Audio visual Vaughan, ON",,,https://www.thecbrb.ca/directory/security-services/best-businesses-in-canada-2022-artistic-smart-homes,https://www.thecbrb.ca/directory/security-services,yes,CBRB directory public listing
Birdseye Security Solutions,+18442247372,Security Services,Security Services North America,,,https://www.thecbrb.ca/directory/security-services/best-businesses-in-canada-2022-birdseye-security-solutions,https://www.thecbrb.ca/directory/security-services,yes,CBRB directory public listing
CAMSONICS SECURITY SYSTEM INC,+16473025748,Security Services,"Security System Installer Brampton, ON",,,https://www.thecbrb.ca/directory/security-services/best-businesses-in-canada-2021-camsonics-security-system-inc,https://www.thecbrb.ca/directory/security-services,yes,CBRB directory public listing
Cancom Security,+14167630000,Security Services,"Security service Toronto, ON",,,https://www.thecbrb.ca/directory/security-services/best-businesses-in-canada-2022-cancom-security,https://www.thecbrb.ca/directory/security-services,yes,CBRB directory public listing
Eagle Vision Security,+14168000706,Security Services,Security Service Canada,,,https://www.thecbrb.ca/directory/security-services/cbrb-best-businesses-in-canada-2024-eagle-vision-security,https://www.thecbrb.ca/directory/security-services,yes,CBRB directory public listing
Empire Protection Inc.,+14165585142,Security Services,"Security guard service Brampton, ON",,,https://www.thecbrb.ca/directory/security-services/best-businesses-in-canada-2022-empire-protection-inc,https://www.thecbrb.ca/directory/security-services,yes,CBRB directory public listing
Excellence Security & Automation,+15195736767,Security Services,"Security System Supplier Kitchener, ON",,,https://www.thecbrb.ca/directory/security-services/best-businesses-in-canada-2022-excellence-security-automation,https://www.thecbrb.ca/directory/security-services,yes,CBRB directory public listing
GOLDEN ARROWS SECURITY,+18196391960,Security Services,"Security Service Gatineau, QC",,,https://www.thecbrb.ca/directory/security-services/best-businesses-in-canada-2022-golden-arrows-security,https://www.thecbrb.ca/directory/security-services,yes,CBRB directory public listing
Guardian Security Solutions,+14032337454,Security Services,"Security System Services Calgary/Lethbridge, AB",,https://www.guardiansecurity.co/,https://www.thecbrb.ca/directory/security-services/cbrb-best-businesses-in-canada-guardian-security-solutions,https://www.thecbrb.ca/directory/security-services,yes,CBRB directory public listing
Home N Tech Inc.,+16479620515,Security Services,"Home Automation Company Toronto , ON",,,https://www.thecbrb.ca/directory/security-services/cbrb-best-businesses-in-canada-2023-home-n-tech-inc,https://www.thecbrb.ca/directory/security-services,yes,CBRB directory public listing
I-Corp Security Services Ltd,+16046878645,Security Services,"Security guard service Burnaby, BC",,,https://www.thecbrb.ca/directory/security-services/best-businesses-in-canada-2022-i-corp-security-services-ltd,https://www.thecbrb.ca/directory/security-services,yes,CBRB directory public listing
IRM Consulting & Advisory,+16478002590,Security Services,"Computer security service Toronto, ON",,,https://www.thecbrb.ca/directory/security-services/best-businesses-in-canada-2024-irm-consulting-advisory,https://www.thecbrb.ca/directory/security-services,yes,CBRB directory public listing
JTL Alarm and Surveillance,+17803283232,Security Services,"Security Service Edmonton , AB",,,https://www.thecbrb.ca/directory/security-services/best-businesses-in-canada-2021-jtl-alarm-and-surveillance,https://www.thecbrb.ca/directory/security-services,yes,CBRB directory public listing
Logitactic Canada,+14035605185,Security Services,"Security system installer Calgary, AB",,,https://www.thecbrb.ca/directory/security-services/best-businesses-in-canada-2021-logitactic-canada,https://www.thecbrb.ca/directory/security-services,yes,CBRB directory public listing
Mercury Group Security Services,+19056097878,Security Services,"Security guard service Vaughan, ON",,,https://www.thecbrb.ca/directory/security-services/best-businesses-in-canada-2022-mercury-group-security-services,https://www.thecbrb.ca/directory/security-services,yes,CBRB directory public listing
OEIS Security and Investigations,+18772961112,Security Services,"Security Guard Service Toronto, ON",,,https://www.thecbrb.ca/directory/security-services/cbrb-best-businesses-in-canada-2022-oeis-security-and-investigations,https://www.thecbrb.ca/directory/security-services,yes,CBRB directory public listing
Pinnacle Security Services Inc,+16474096861,Security Services,"Security Guard Service Toronto, ON",,,https://www.thecbrb.ca/directory/security-services/best-businesses-in-canada-2021-pinnacle-security-services-inc,https://www.thecbrb.ca/directory/security-services,yes,CBRB directory public listing
Red Hawk Security Ltd,+17787511414,Security Services,"Security Guard Service Vancouver, BC",,https://www.facebook.com/silvan1222/?ref=page_internal,https://www.thecbrb.ca/directory/security-services/best-businesses-in-canada-2022-red-hawk-security-ltd,https://www.thecbrb.ca/directory/security-services,yes,CBRB directory public listing
Stanex Inc,+15143335280,Security Services,"Fire alarm supplier Montreal, QC",,,https://www.thecbrb.ca/directory/security-services/best-businesses-in-canada-2021-stanex-inc,https://www.thecbrb.ca/directory/security-services,yes,CBRB directory public listing
Titan Security and Investigative Services,+16472004823,Security Services,"Security Guards & Investigation Services Etobicoke, ON",,,https://www.thecbrb.ca/directory/security-services/cbrb-best-businesses-in-canada-2023-titan-security,https://www.thecbrb.ca/directory/security-services,yes,CBRB directory public listing
Thibault Gates And Access Control,+17785521718,Security Services,"Security Services Mission, BC",,https://gateaccess.systems/,https://www.thecbrb.ca/directory/security-services/cbrb-best-businesses-in-canada-2023-thibault-gates-and-access-control,https://www.thecbrb.ca/directory/security-services,yes,CBRB directory public listing
Xtreme Security Services Inc.,+17789031114,Security Services,"Security Guard Service Burnaby, BC",,,https://www.thecbrb.ca/directory/security-services/best-businesses-in-canada-2021-xtreme-security-services-inc,https://www.thecbrb.ca/directory/security-services,yes,CBRB directory public listing
Foot Locker Canada,+14167484210,Shoe Stores,,"Corporate office North York, Ontario",,https://www.thecbrb.ca/directory/shoe-stores/best-businesses-in-canada-2021-foot-locker-canada,https://www.thecbrb.ca/directory/shoe-stores,no,CBRB directory public listing
Rina's Boutique,+18665407462,Shoe Stores,,"Shoe store Vaughan, Ontario",,https://www.thecbrb.ca/directory/shoe-stores/best-businesses-in-canada-2021-rinas-boutique-italian-designer-shoes,https://www.thecbrb.ca/directory/shoe-stores,no,CBRB directory public listing
Tiramisu Italian Shoes and Accessories,+15875214415,Shoe Stores,,"Shoe store Edmonton, Alberta",,https://www.thecbrb.ca/directory/shoe-stores/best-businesses-in-canada-2021-tiramisu-italian-shoes-and-accessories,https://www.thecbrb.ca/directory/shoe-stores,no,CBRB directory public listing
Centre Village Mall,+14033288853,Shopping Malls,,"Shopping Mall Lethbridge, Alberta",,https://www.thecbrb.ca/directory/shopping-malls/cbrb-best-businesses-in-canada-2023-centre-village-mall,https://www.thecbrb.ca/directory/shopping-malls,no,CBRB directory public listing
CAG ONE,+18005772198,Skate Sharpening Services,,"Pro-Level Skate Sharpeners Quebec City, Quebec",,https://www.thecbrb.ca/directory/skate-sharpening-services/cbrb-best-businesses-in-canada-cag-one,https://www.thecbrb.ca/directory/skate-sharpening-services,yes,CBRB directory public listing
Kinnect Support Services Inc.,+14162231000,Social Services Organizations,,"Social Services Staffing Agency Toronto, Ontario",,https://www.thecbrb.ca/directory/social-services-organization/cbrb-best-businesses-in-canada-kinnect-support-services-inc,https://www.thecbrb.ca/directory/social-services-organization,yes,CBRB directory public listing
Horizons for Youth,+14167819898,Social Services Organizations,"Homeless Shelter Toronto, ON",,,https://www.thecbrb.ca/directory/social-services-organization/cbrb-best-businesses-in-canada-horizons-for-youth,https://www.thecbrb.ca/directory/social-services-organization,yes,CBRB directory public listing
"La Boussole, Centre Communautaire Francophone",+16046837337,Social Services Organizations,"Social Services Organization Vancouver, BC",,,https://www.thecbrb.ca/directory/social-services-organization/best-businesses-in-canada-2021-la-boussole-francophone-centre,https://www.thecbrb.ca/directory/social-services-organization,yes,CBRB directory public listing
DASCH - Direct Action in Support of Community Homes Inc,+12049871550,Social Services Organizations,"Social services organization Winnipeg, MB",,,https://www.thecbrb.ca/directory/social-services-organization/best-businesses-in-canada-2021-dasch-inc,https://www.thecbrb.ca/directory/social-services-organization,yes,CBRB directory public listing
The Calgary Society Of Community Opportunities,+14032533454,Social Services Organizations,,"Disability services & support organisation Calgary, Alberta",,https://www.thecbrb.ca/directory/social-services-organization/best-businesses-in-canada-2021-the-calgary-society-of-community-opportuni,https://www.thecbrb.ca/directory/social-services-organization,yes,CBRB directory public listing
Yellow Brick House,+19057090900,Social Services Organizations,"Social services organization Richmond Hill, ON",,,https://www.thecbrb.ca/directory/social-services-organization/best-businesses-in-canada-2021-yellow-brick-house,https://www.thecbrb.ca/directory/social-services-organization,yes,CBRB directory public listing
Youth Leadership Society of B.C.,+16049411317,Social Services Organizations,"Association or organization Coquitlam, BC",,,https://www.thecbrb.ca/directory/social-services-organization/best-businesses-in-canada-2021-youth-leadership-society-of-b-c,https://www.thecbrb.ca/directory/social-services-organization,yes,CBRB directory public listing
Clear View Systems Ltd.,+18883900840,Software Companies,"Currency Exchange Software Company Vancouver, BC",,,https://www.thecbrb.ca/directory/software-companies/cbrb-best-businesses-in-canada-clear-view-systems-ltd,https://www.thecbrb.ca/directory/software-companies,yes,CBRB directory public listing
AikSphere Technologies,+14164521953,Software Companies,"Software Company Mississauga , ON",,,https://www.thecbrb.ca/directory/software-companies/cbrb-best-businesses-in-canada-2023-aiksphere-technologies,https://www.thecbrb.ca/directory/software-companies,yes,CBRB directory public listing
CygniSoft Inc.,+19057822002,Software Companies,"Software Company Brampton , ON",,,https://www.thecbrb.ca/directory/software-companies/cbrb-best-businesses-in-canada-2023-cygnisoft-inc,https://www.thecbrb.ca/directory/software-companies,yes,CBRB directory public listing
Gadget Freak Inc.,+16476869991,Software Companies,"Software Company Brampton , ON",,,https://www.thecbrb.ca/directory/software-companies/cbrb-best-businesses-in-canada-2024-gadget-freak-inc,https://www.thecbrb.ca/directory/software-companies,yes,CBRB directory public listing
Group 4 Networks,+14166239677,Software Companies,"IT Services & Cybersecurity Richmond Hill , ON",,,https://www.thecbrb.ca/directory/software-companies/cbrb-best-businesses-in-canada-2023-group-4-networks,https://www.thecbrb.ca/directory/software-companies,yes,CBRB directory public listing
Mele Technology Inc.,+16478128896,Software Companies,"Software Company Markham , ON",,,https://www.thecbrb.ca/directory/software-companies/cbrb-best-businesses-in-canada-2024-mele-technology-inc,https://www.thecbrb.ca/directory/software-companies,yes,CBRB directory public listing
MiIT Technologies Inc,+19054874880,Software Companies,"IT Training, Consulting and Software Development Mississauga , ON",,,https://www.thecbrb.ca/directory/software-companies/cbrb-best-businesses-in-canada-2024-miit-technologies-inc,https://www.thecbrb.ca/directory/software-companies,yes,CBRB directory public listing
Olsen Consulting,+15873239862,Software Companies,"ERP, Vista and Construction Technology Experts Calgary, AB",,,https://www.thecbrb.ca/directory/software-companies/cbrb-best-businesses-in-canada-olsen-consulting,https://www.thecbrb.ca/directory/software-companies,yes,CBRB directory public listing
Q4 Inc.,+18775451241,Software Companies,"Software Company Toronto , ON",,,https://www.thecbrb.ca/directory/software-companies/cbrb-best-businesses-in-canada-2022-q4-inc,https://www.thecbrb.ca/directory/software-companies,yes,CBRB directory public listing
Samco Software Inc.,+16045974211,Software Companies,"Software Company Langley, BC",,,https://www.thecbrb.ca/directory/software-companies/cbrb-best-businesses-in-canada-2023-samco-software-inc,https://www.thecbrb.ca/directory/software-companies,yes,CBRB directory public listing
TechPOS International Corp.,+18337223663,Software Companies,"All-in-One Cannabis Retail Operations Vancouver , BC",,,https://www.thecbrb.ca/directory/software-companies/cbrb-best-businesses-in-canada-2024-techpos-international-corp,https://www.thecbrb.ca/directory/software-companies,yes,CBRB directory public listing
City Soundproofing Toronto,+16478004525,Soundproofing Services,,"Soundproofing Contractors & Acoustical Solutions Toronto, Ontario",,https://www.thecbrb.ca/directory/soundproofing-services/cbrb-best-businesses-in-canada-2023-city-soundproofing-toronto,https://www.thecbrb.ca/directory/soundproofing-services,yes,CBRB directory public listing
Batts Athletic,+19056702016,Sports Clubs,"Badminton Club Brampton, ON",,,https://www.thecbrb.ca/directory/sports-clubs/cbrb-best-businesses-in-canada-2023-batts-athletic,https://www.thecbrb.ca/directory/sports-clubs,no,CBRB directory public listing
Mississauga Soccer Academy,+16475588162,Sports Clubs,"Soccer Club and Sports academy Mississauga , ON",,,https://www.thecbrb.ca/directory/sports-clubs/best-businesses-in-canada-2022-mississauga-soccer-academy,https://www.thecbrb.ca/directory/sports-clubs,no,CBRB directory public listing
Saltfleet Stoney Creek Soccer Club,+19056430504,Sports Clubs,"Community Soccer Club Hamilton , ON",,,https://www.thecbrb.ca/directory/sports-clubs/cbrb-best-businesses-in-canada-saltfleet-stoney-creek-soccer-club,https://www.thecbrb.ca/directory/sports-clubs,no,CBRB directory public listing
CR Racing Inc.,+12509803505,Sporting Goods Stores,,"Snowmobile and ATV Store Kelowna, British Columbia",https://crracingcanada.com/,https://www.thecbrb.ca/directory/sporting-goods-stores/cbrb-best-businesses-in-canada-2024-cr-racing-inc,https://www.thecbrb.ca/directory/sporting-goods-stores,no,CBRB directory public listing
Hero Outdoors,+19057212500,Sporting Goods Stores,,"Outdoor sports store Oshawa, Ontario",,https://www.thecbrb.ca/directory/sporting-goods-stores/best-businesses-in-canada-2024-hero-outdoors,https://www.thecbrb.ca/directory/sporting-goods-stores,no,CBRB directory public listing
Hunted Treasures,+19022705220,Sporting Goods Stores,,"Hunting and Fishing Store Sydney, Nova Scotia",,https://www.thecbrb.ca/directory/sporting-goods-stores/cbrb-best-businesses-in-canada-2022-hunted-treasures,https://www.thecbrb.ca/directory/sporting-goods-stores,no,CBRB directory public listing
Pickleball Paddles Canada,+13063843465,Sporting Goods Stores,,"Pickleball Store Saskatoon, Saskatchewan",https://pickleballpaddlescanada.ca/,https://www.thecbrb.ca/directory/sporting-goods-stores/cbrb-best-businesses-in-canada-2024-pickleball-paddles-canada,https://www.thecbrb.ca/directory/sporting-goods-stores,no,CBRB directory public listing
Pickleball Paddles Canada,+16399993465,Sporting Goods Stores,,"Pickleball Store Regina , Saskatchewan",,https://www.thecbrb.ca/directory/sporting-goods-stores/cbrb-best-businesses-in-canada-2024-pickleball-paddles-canada,https://www.thecbrb.ca/directory/sporting-goods-stores,no,CBRB directory public listing
The Run Lounge,+14034743588,Sporting Goods Stores,,"Running store Calgary, Alberta",,https://www.thecbrb.ca/directory/sporting-goods-stores/best-businesses-in-canada-2022-the-run-lounge,https://www.thecbrb.ca/directory/sporting-goods-stores,no,CBRB directory public listing
Alta RV Parking & Storage Inc.,+15876934500,Storage Facilities/Services,"RV Parking & Self-Storage Facility Red Deer County, AB",,,https://www.thecbrb.ca/directory/storage-facilitiesservices/cbrb-best-businesses-in-canada-alta-rv-parking-storage-inc,https://www.thecbrb.ca/directory/storage-facilitiesservices,yes,CBRB directory public listing
Store 'N Go Self Storage Inc,+15199418801,Storage Facilities/Services,"Self-Storage Facility Mono, ON",,,https://www.thecbrb.ca/directory/storage-facilitiesservices/cbrb-best-businesses-in-canada-store-n-go-self-storage-inc,https://www.thecbrb.ca/directory/storage-facilitiesservices,yes,CBRB directory public listing
Access Storage - Burlington Central,+12898063711,Storage Facilities/Services,"Self-Storage Facility Burlington, ON",,,https://www.thecbrb.ca/directory/storage-facilitiesservices/cbrb-best-businesses-in-canada-2023-access-storage-burlington-central,https://www.thecbrb.ca/directory/storage-facilitiesservices,yes,CBRB directory public listing
Lake Country Self Storage,+12507662430,Storage Facilities/Services,"Self-storage facility Kelowna, BC",,,https://www.thecbrb.ca/directory/storage-facilitiesservices/best-businesses-in-canada-2021-lake-country-self-storage,https://www.thecbrb.ca/directory/storage-facilitiesservices,yes,CBRB directory public listing
One Stop Storage & Rentals Ltd.,+13062298379,Storage Facilities/Services,"Self-storage facility Hague, SK",,,https://www.thecbrb.ca/directory/storage-facilitiesservices/best-businesses-in-canada-2021-one-stop-storage-rentals,https://www.thecbrb.ca/directory/storage-facilitiesservices,yes,CBRB directory public listing
Premier RV Storage Inc.,+17802885445,Storage Facilities/Services,"Outdoor Storage Facility Beaumont, AB",,,https://www.thecbrb.ca/directory/storage-facilitiesservices/cbrb-best-businesses-in-canada-2024-premier-rv-storage-inc,https://www.thecbrb.ca/directory/storage-facilitiesservices,yes,CBRB directory public listing
The Auto Loft,+18332885638,Storage Facilities/Services,"Professional Vehicle Storage Toronto, ON",,,https://www.thecbrb.ca/directory/storage-facilitiesservices/cbrb-best-businesses-in-canada-2022-the-auto-loft-inc,https://www.thecbrb.ca/directory/storage-facilitiesservices,yes,CBRB directory public listing
The Move Out Bin,+15195663332,Storage Facilities/Services,"Storage & Rental of Portable Containers Belle River, ON",,,https://www.thecbrb.ca/directory/storage-facilitiesservices/best-businesses-in-canada-2022-the-move-out-bin,https://www.thecbrb.ca/directory/storage-facilitiesservices,yes,CBRB directory public listing
Vaultra Storage,+18447812187,Storage Facilities/Services,Storage Solution Company Canada,,,https://www.thecbrb.ca/directory/storage-facilitiesservices/cbrb-best-businesses-in-canada-2022-vaultra-storage,https://www.thecbrb.ca/directory/storage-facilitiesservices,yes,CBRB directory public listing
Vice N Berg Cold Storage,+18774600084,Storage Facilities/Services,,"Distribution & Cold Storage Facility Toronto, Ontario",,https://www.thecbrb.ca/directory/storage-facilitiesservices/cbrb-best-businesses-in-canada-2024-vice-n-berg-cold-storage,https://www.thecbrb.ca/directory/storage-facilitiesservices,yes,CBRB directory public listing
The Revalie,+16132952071,Student Housing Centres,,"Student Housing Center Ottawa, Ontario",,https://www.thecbrb.ca/directory/student-housing-centres/cbrb-best-businesses-in-canada-the-revalie,https://www.thecbrb.ca/directory/student-housing-centres,no,CBRB directory public listing
Coven Body Arts,+14032328954,Tattoo/Piercing Shops,"Body Piercing Shop Calgary, AB",,,https://www.thecbrb.ca/directory/tattoopiercing-shops/cbrb-best-businesses-in-canada-coven-body-arts,https://www.thecbrb.ca/directory/tattoopiercing-shops,no,CBRB directory public listing
Sin on Skin Tattoo Studio,+19024466600,Tattoo/Piercing Shops,"Tattoo Shop Halifax, NS",,,https://www.thecbrb.ca/directory/tattoopiercing-shops/cbrb-best-businesses-in-canada-sin-on-skin-tattoo-studio,https://www.thecbrb.ca/directory/tattoopiercing-shops,no,CBRB directory public listing
Birthmark Tattoos by Mayo,+16047275399,Tattoo/Piercing Shops,"Tattoo shop Vancouver, BC",,,https://www.thecbrb.ca/directory/tattoopiercing-shops/best-businesses-in-canada-2022-birthmark-tattoos-by-mayo,https://www.thecbrb.ca/directory/tattoopiercing-shops,no,CBRB directory public listing
Black Gold Tattoo Co.,+15875204653,Tattoo/Piercing Shops,"Tattoo shop Edmonton, AB",,,https://www.thecbrb.ca/directory/tattoopiercing-shops/best-businesses-in-canada-2021-black-gold-tattoo-co,https://www.thecbrb.ca/directory/tattoopiercing-shops,no,CBRB directory public listing
Collingwood Tattoo Company,+17054442444,Tattoo/Piercing Shops,"Tattoo shop Collingwood, ON",,,https://www.thecbrb.ca/directory/tattoopiercing-shops/best-businesses-in-canada-2021-collingwood-tattoo-company,https://www.thecbrb.ca/directory/tattoopiercing-shops,no,CBRB directory public listing
Crimson Empire Tattoo,+17804885070,Tattoo/Piercing Shops,"Tattoo shop Edmonton, AB",,,https://www.thecbrb.ca/directory/tattoopiercing-shops/best-businesses-in-canada-2021-crimson-empire-tattoo,https://www.thecbrb.ca/directory/tattoopiercing-shops,no,CBRB directory public listing
Dariana Garcia Studio,+14037143471,Tattoo/Piercing Shops,,"Medical Tattooing Specialist in Calgary, Alberta",,https://www.thecbrb.ca/directory/tattoopiercing-shops/cbrb-best-businesses-in-canada-2023-dariana-garcia-studio,https://www.thecbrb.ca/directory/tattoopiercing-shops,no,CBRB directory public listing
Elite Ink Collective,+19054171007,Tattoo/Piercing Shops,"Tattoo shop Vaughan, ON",,,https://www.thecbrb.ca/directory/tattoopiercing-shops/best-businesses-in-canada-2022-elite-ink-collective,https://www.thecbrb.ca/directory/tattoopiercing-shops,no,CBRB directory public listing
Flesh Tattoos,+16474565653,Tattoo/Piercing Shops,"Tattoo shop Vaughan, ON",,,https://www.thecbrb.ca/directory/tattoopiercing-shops/cbrb-best-businesses-in-canada-2024-flesh-tattoos,https://www.thecbrb.ca/directory/tattoopiercing-shops,no,CBRB directory public listing
Grim Tattoo Studios,+19055441222,Tattoo/Piercing Shops,"Tattoo shop Hamilton , ON",,,https://www.thecbrb.ca/directory/tattoopiercing-shops/best-businesses-in-canada-2021-grim-tattoo-studios,https://www.thecbrb.ca/directory/tattoopiercing-shops,no,CBRB directory public listing
INK LIVING COLOR,+16473504010,Tattoo/Piercing Shops,"Tattoo and Piercing shop Toronto, ON",,,https://www.thecbrb.ca/directory/tattoopiercing-shops/best-businesses-in-canada-2021-ink-living-color-ilc,https://www.thecbrb.ca/directory/tattoopiercing-shops,no,CBRB directory public listing
Loko Ink by Dairon Tattoo Studio/Artist,+15193608438,Tattoo/Piercing Shops,"Tattoo shop Chatham, ON",,,https://www.thecbrb.ca/directory/tattoopiercing-shops/best-businesses-in-canada-2021-loko-ink-by-dairon-tattoo-studioartist,https://www.thecbrb.ca/directory/tattoopiercing-shops,no,CBRB directory public listing
New Tribe Tattoo + Piercing,+14169772786,Tattoo/Piercing Shops,"Tattoo shop Toronto, ON",,,https://www.thecbrb.ca/directory/tattoopiercing-shops/best-businesses-in-canada-2021-new-tribe-tattoo-piercing,https://www.thecbrb.ca/directory/tattoopiercing-shops,no,CBRB directory public listing
Soul Survivors Body Art,+12042841173,Tattoo/Piercing Shops,"Tattoo shop Winnipeg, MB",,,https://www.thecbrb.ca/directory/tattoopiercing-shops/cbrb-best-businesses-in-canada-2023-soul-survivors-body-art,https://www.thecbrb.ca/directory/tattoopiercing-shops,no,CBRB directory public listing
Timeless INK Toronto,+14164102080,Tattoo/Piercing Shops,"Tattoo and piercing shop Toronto, ON",,,https://www.thecbrb.ca/directory/tattoopiercing-shops/best-businesses-in-canada-2021-timeless-ink-toronto,https://www.thecbrb.ca/directory/tattoopiercing-shops,no,CBRB directory public listing
Adtech Systems Inc.,+16045560221,Telecommunications Contractors,"Telecommunications Contractor Abbotsford, BC",,,https://www.thecbrb.ca/directory/telecommunications-contractors/cbrb-best-businesses-in-canada-2024-adtech-systems-inc,https://www.thecbrb.ca/directory/telecommunications-contractors,yes,CBRB directory public listing
Encepta,+16042993710,Telecommunications Contractors,"Telecommunications Contractor Burnaby, BC",,,https://www.thecbrb.ca/directory/telecommunications-contractors/best-businesses-in-canada-2021-encepta-corp,https://www.thecbrb.ca/directory/telecommunications-contractors,yes,CBRB directory public listing
Glenview Cottages and Campground,+17057593436,Tourist Attractions,,"Cottages and Campground Sault Ste. Marie, Ontario",,https://www.thecbrb.ca/directory/tourist-attractions/cbrb-best-businesses-in-canada-glenview-cottages-campground,https://www.thecbrb.ca/directory/tourist-attractions,no,CBRB directory public listing
Little Wolf Resort,+16729778880,Tourist Attractions,,"Resort Terrace, British Columbia",,https://www.thecbrb.ca/directory/tourist-attractions/cbrb-best-businesses-in-canada-little-wolf-resort,https://www.thecbrb.ca/directory/tourist-attractions,no,CBRB directory public listing
Canyon Sainte-Anne,+14188274057,Tourist Attractions,,"Tourist Attraction Saint-Joachim, Québec",,https://www.thecbrb.ca/directory/tourist-attractions/cbrb-best-businesses-in-canada-2024-canyon-sainte-anne,https://www.thecbrb.ca/directory/tourist-attractions,no,CBRB directory public listing
Dildo Boat Tours,+17095822988,Tourist Attractions,,"Whale watching tour agency Dildo, Newfoundland and Labrador",,https://www.thecbrb.ca/directory/tourist-attractions/best-businesses-in-canada-2021-dildo-boat-tours,https://www.thecbrb.ca/directory/tourist-attractions,no,CBRB directory public listing
Lauderdale Point Marina & Resort,+17056898282,Tourist Attractions,,"Marina Severn Bridge, Ontario",,https://www.thecbrb.ca/directory/tourist-attractions/cbrb-best-businesses-in-canada-2024-lauderdale-point-marina-resort,https://www.thecbrb.ca/directory/tourist-attractions,no,CBRB directory public listing
Ostrich Land,+16479880841,Tourist Attractions,,"Farm West Lincoln, Ontario",,https://www.thecbrb.ca/directory/tourist-attractions/cbrb-best-businesses-in-canada-2024-ostrich-land,https://www.thecbrb.ca/directory/tourist-attractions,no,CBRB directory public listing
Pirate Adventures Vancouver,+16047547535,Tourist Attractions,,"Interactive Theatre Show/Boat Cruise Vancouver, British Columbia",,https://www.thecbrb.ca/directory/tourist-attractions/cbrb-best-businesses-in-canada-2023-pirate-adventures-vancouver,https://www.thecbrb.ca/directory/tourist-attractions,no,CBRB directory public listing
Sea-Dog Rentals,+12508044708,Tourist Attractions,,"Boat Rental Service Salmon Arm, British Columbia",,https://www.thecbrb.ca/directory/tourist-attractions/best-businesses-in-canada-2022-sea-dog-rentals,https://www.thecbrb.ca/directory/tourist-attractions,no,CBRB directory public listing
Spiritours,+15143747965,Tourist Attractions,,"Tour Agency Montreal, Quebec",,https://www.thecbrb.ca/directory/tourist-attractions/cbrb-best-businesses-in-canada-2023-spiritours,https://www.thecbrb.ca/directory/tourist-attractions,no,CBRB directory public listing
Telegraph Cove Resort,+12509283131,Tourist Attractions,,"Tourist Destination Vancouver Island, British Columbia",,https://www.thecbrb.ca/directory/tourist-attractions/best-businesses-in-canada-2021-telegraph-cove-resort,https://www.thecbrb.ca/directory/tourist-attractions,no,CBRB directory public listing
Village Of Carbon,+14035723244,Tourist Attractions,,"Municipal Campground Carbon, Alberta",,https://www.thecbrb.ca/directory/tourist-attractions/cbrb-best-businesses-in-canada-2023-village-of-carbon,https://www.thecbrb.ca/directory/tourist-attractions,no,CBRB directory public listing
Wine O'Clock Tours,+14165920598,Tourist Attractions,,"Wine Tour Company Prince Edward County, Ontario",,https://www.thecbrb.ca/directory/tourist-attractions/cbrb-best-businesses-in-canada-2022-wine-oclock-tours,https://www.thecbrb.ca/directory/tourist-attractions,no,CBRB directory public listing
Zoom Tours Inc.,+14169902144,Tourist Attractions,,"Niagara Falls Sightseeing Tours Operator Toronto, Ontario",,https://www.thecbrb.ca/directory/tourist-attractions/cbrb-best-businesses-in-canada-2024-zoom-tours-inc,https://www.thecbrb.ca/directory/tourist-attractions,no,CBRB directory public listing
Ultimate Car Carriers,+15145612703,Towing Services,"Luxury Towing Service Quebec, Canada",,https://www.facebook.com/Ultimate-Car-Carriers-107086331638475/,https://www.thecbrb.ca/directory/towing-services/best-businesses-in-canada-ultimate-car-carriers,https://www.thecbrb.ca/directory/towing-services,yes,CBRB directory public listing
Reliable Tow & Recovery,+13066641006,Towing Services,,"Towing Service Warman, Saskatchewan",,https://www.thecbrb.ca/directory/towing-services/cbrb-best-businesses-in-canada-2022-reliable-tow-recovery,https://www.thecbrb.ca/directory/towing-services,yes,CBRB directory public listing
Westshore Towing Ltd,+12504741369,Towing Services,,"Towing Service Victoria, British Columbia",,https://www.thecbrb.ca/directory/towing-services/best-businesses-in-canada-2021-westshore-towing-ltd,https://www.thecbrb.ca/directory/towing-services,yes,CBRB directory public listing
JR Toy Company (Burlington Store),+18447042109,Toy Stores,,"Toy store Burlington, Ontario",,https://www.thecbrb.ca/directory/toy-stores/best-businesses-in-canada-2021-jr-toy-company-burlington-store,https://www.thecbrb.ca/directory/toy-stores,no,CBRB directory public listing
China Travel Service (Canada) Inc.,+19053051111,Travel Agencies/Services,,"Travel A gency Markham , Ontario",,https://www.thecbrb.ca/directory/travel-agenciesservices/cbrb-best-businesses-in-canada-china-travel-service-canada-inc,https://www.thecbrb.ca/directory/travel-agenciesservices,yes,CBRB directory public listing
Triplets Travel & Tours,+19052865000,Travel Agencies/Services,,"Travel Agency Milton, Ontario",,https://www.thecbrb.ca/directory/travel-agenciesservices/cbrb-best-businesses-in-canada-triplets-travel-tours,https://www.thecbrb.ca/directory/travel-agenciesservices,yes,CBRB directory public listing
Adventures Abroad Worldwide Travel Ltd.,+18669274196,Travel Agencies/Services,,"Tour Operator Richmond, British Columbia",,https://www.thecbrb.ca/directory/travel-agenciesservices/cbrb-best-businesses-in-canada-2024-adventures-abroad-worldwide-travel-ltd,https://www.thecbrb.ca/directory/travel-agenciesservices,yes,CBRB directory public listing
Adam Travel Services Inc,+12892326163,Travel Agencies/Services,,"Travel agency Mississauga, Ontario",,https://www.thecbrb.ca/directory/travel-agenciesservices/best-businesses-in-canada-2022-adam-travel-services-inc,https://www.thecbrb.ca/directory/travel-agenciesservices,yes,CBRB directory public listing
Jenz Journeys,+16472418558,Travel Agencies/Services,Travel Blog Canada,,,https://www.thecbrb.ca/directory/travel-agenciesservices/cbrb-best-businesses-in-canada-2024-jenz-journeys,https://www.thecbrb.ca/directory/travel-agenciesservices,yes,CBRB directory public listing
LULU TOURS LTD.,+16042855858,Travel Agencies/Services,,"Travel agency Richmond, British Columbia",,https://www.thecbrb.ca/directory/travel-agenciesservices/cbrb-best-businesses-in-canada-2024-lulu-tours-ltd,https://www.thecbrb.ca/directory/travel-agenciesservices,yes,CBRB directory public listing
Maureen K Travel Ltd,+16049864404,Travel Agencies/Services,,"Travel Agency/Wholesaler North Vancouver, British Columbia",,https://www.thecbrb.ca/directory/travel-agenciesservices/cbrb-best-businesses-in-canada-2024-maureen-k-travel-ltd,https://www.thecbrb.ca/directory/travel-agenciesservices,yes,CBRB directory public listing
Antrim Truck Stop,+16136233003,Truck Stops,,"Truck Stop Arnprior , Ontario",,https://www.thecbrb.ca/directory/truck-stops/cbrb-best-businesses-in-canada-2023-antrim-truck-stop,https://www.thecbrb.ca/directory/truck-stops,no,CBRB directory public listing
E-Tutorpro,+16047109602,Tutoring Services,,"Private Tutor North Vancouver, British Columbia",,https://www.thecbrb.ca/directory/tutoring-services/cbrb-best-businesses-in-canada-e-tutorpro,https://www.thecbrb.ca/directory/tutoring-services,yes,CBRB directory public listing
Gill Learning Centers Inc,+16132951432,Tutoring Services,,"Tutoring & Exam Preparation Services Ottawa, Ontario",,https://www.thecbrb.ca/directory/tutoring-services/cbrb-best-businesses-in-canada-gill-learning-centers-inc,https://www.thecbrb.ca/directory/tutoring-services,yes,CBRB directory public listing
LIFT Learning Inc.,+14039197427,Tutoring Services,,"Educational Services Calgary, Alberta",,https://www.thecbrb.ca/directory/tutoring-services/cbrb-best-businesses-in-canada-lift-learning-inc,https://www.thecbrb.ca/directory/tutoring-services,yes,CBRB directory public listing
Naijatutors Konnect Inc.,+14372188170,Tutoring Services,,"Online Tutoring Company Hamilton, Ontario",,https://www.thecbrb.ca/directory/tutoring-services/cbrb-best-businesses-in-canada-naijatutors-konnect-inc,https://www.thecbrb.ca/directory/tutoring-services,yes,CBRB directory public listing
Oliver Vapor,+12504089054,Vape Stores,,"Vaporizer Store Oliver, British Columbia",,https://www.thecbrb.ca/directory/vape-stores/cbrb-best-businesses-in-canada-2023-oliver-vapor,https://www.thecbrb.ca/directory/vape-stores,no,CBRB directory public listing
Spencer Creek Animal Hospital,+19056275510,Veterinarians,,"Full Service Animal Hospital Hamilton , Ontario",,https://www.thecbrb.ca/directory/veterinarians/cbrb-best-businesses-in-canada-spencer-creek-animal-hospital,https://www.thecbrb.ca/directory/veterinarians,no,CBRB directory public listing
Brimley-Lawrence Animal Clinic,+14162669380,Veterinarians,,"Animal Hospital Toronto , Ontario",,https://www.thecbrb.ca/directory/veterinarians/best-businesses-in-canada-2022-brimley-lawrence-animal-clinic,https://www.thecbrb.ca/directory/veterinarians,no,CBRB directory public listing
Millennium City Veterinary Hospital,+19054209555,Veterinarians,,"Veterinary Clinic Pickering, Ontario",,https://www.thecbrb.ca/directory/veterinarians/cbrb-best-businesses-in-canada-2023-millennium-city-veterinary-hospital,https://www.thecbrb.ca/directory/veterinarians,no,CBRB directory public listing
No 2 Rd Animal Hospital,+16044485555,Veterinarians,,"Veterinarian Richmond, British Columbia",,https://www.thecbrb.ca/directory/veterinarians/best-businesses-in-canada-2021-no-2-rd-animal-hospital,https://www.thecbrb.ca/directory/veterinarians,no,CBRB directory public listing
North Care Animal Hospital,+16049841464,Veterinarians,,"Veterinary Hospital North Vancouver, British Columbia",,https://www.thecbrb.ca/directory/veterinarians/cbrb-best-businesses-in-canada-2024-north-care-animal-hospital,https://www.thecbrb.ca/directory/veterinarians,no,CBRB directory public listing
Truscott Animal Hospital,+19059168999,Veterinarians,,"Animal Hospital Mississauga , Ontario",,https://www.thecbrb.ca/directory/veterinarians/best-businesses-in-canada-2021-truscott-animal-hospital,https://www.thecbrb.ca/directory/veterinarians,no,CBRB directory public listing
VCA Canada Burlington Animal Hospital,+19053353515,Veterinarians,,"Veterinarian Burlington , Ontario",,https://www.thecbrb.ca/directory/veterinarians/best-businesses-in-canada-2021-vca-canada-burlington-animal-hospital,https://www.thecbrb.ca/directory/veterinarians,no,CBRB directory public listing
FUZE MARKETING,+15145000483,Web Design / Marketing Services,"Marketing Agency Montreal, Q C",,,https://www.thecbrb.ca/directory/web-design-marketing-services/cbrb-best-businesses-in-canada-fuze-marketing,https://www.thecbrb.ca/directory/web-design-marketing-services,yes,CBRB directory public listing
Inspired Method,+15874893743,Web Design / Marketing Services,"Business Coaching & Marketing Edmonton, AB",,,https://www.thecbrb.ca/directory/web-design-marketing-services/cbrb-best-businesses-in-canada-inspired-method,https://www.thecbrb.ca/directory/web-design-marketing-services,yes,CBRB directory public listing
LB Signs Ltd.,+13062421661,Web Design / Marketing Services,"Sign & Graphics Services Saskatoon, SK",,,https://www.thecbrb.ca/directory/web-design-marketing-services/cbrb-best-businesses-in-canada-lb-signs-ltd,https://www.thecbrb.ca/directory/web-design-marketing-services,yes,CBRB directory public listing
Perfect Promo Products,+19059516389,Web Design / Marketing Services,"Promotional Products Supplier Barrie, ON",,,https://www.thecbrb.ca/directory/web-design-marketing-services/cbrb-best-businesses-in-canada-perfect-promo-products,https://www.thecbrb.ca/directory/web-design-marketing-services,yes,CBRB directory public listing
The Mastermind Agency,+19057306874,Web Design / Marketing Services,Digital Marketing Agency Canada,,,https://www.thecbrb.ca/directory/web-design-marketing-services/cbrb-best-businesses-in-canada-the-mastermind-agency,https://www.thecbrb.ca/directory/web-design-marketing-services,yes,CBRB directory public listing
5Design,+13067169574,Web Design / Marketing Services,"Website Designer Martensville, SK",,,https://www.thecbrb.ca/directory/web-design-marketing-services/best-businesses-in-canada-2021-5design,https://www.thecbrb.ca/directory/web-design-marketing-services,yes,CBRB directory public listing
a BIG mobile SIGN company Inc,+19054567446,Web Design / Marketing Services,"Sign shop Brampton ,ON",,,https://www.thecbrb.ca/directory/web-design-marketing-services/best-businesses-in-canada-2021-a-big-mobile-sign-company-inc,https://www.thecbrb.ca/directory/web-design-marketing-services,yes,CBRB directory public listing
AvanTech Inc,+14037051198,Web Design / Marketing Services,"Software company Calgary, AB",,,https://www.thecbrb.ca/directory/web-design-marketing-services/best-businesses-in-canada-2021-avantech-inc,https://www.thecbrb.ca/directory/web-design-marketing-services,yes,CBRB directory public listing
Black Law Firm Marketing Agency,+18887255045,Web Design / Marketing Services,"Marketing Agency Oakville, ON",,,https://www.thecbrb.ca/directory/web-design-marketing-services/best-businesses-in-canada-2022-black-law-firm-marketing-agency,https://www.thecbrb.ca/directory/web-design-marketing-services,yes,CBRB directory public listing
Capital Signs Ltd.,+18679207446,Web Design / Marketing Services,"Commercial Printing Services Yellowknife, NWT",,,https://www.thecbrb.ca/directory/web-design-marketing-services/cbrb-best-businesses-in-canada-2023-capital-signs-ltd,https://www.thecbrb.ca/directory/web-design-marketing-services,yes,CBRB directory public listing
DigiHype Media Inc.,+19059013185,Web Design / Marketing Services,"Marketing agency Mississauga, ON",,,https://www.thecbrb.ca/directory/web-design-marketing-services/best-businesses-in-canada-2021-digihype-media-inc,https://www.thecbrb.ca/directory/web-design-marketing-services,yes,CBRB directory public listing
Digital Consultants,+14168852809,Web Design / Marketing Services,"Website designer Whitchurch-Stouffville, ON",,,https://www.thecbrb.ca/directory/web-design-marketing-services/best-businesses-in-canada-2021-digital-consultants,https://www.thecbrb.ca/directory/web-design-marketing-services,yes,CBRB directory public listing
DTF Prints Canada,+16136012314,Web Design / Marketing Services,"Printing Services Bourget, ON",,,https://www.thecbrb.ca/directory/web-design-marketing-services/cbrb-best-businesses-in-canada-2022-dtf-prints-canada,https://www.thecbrb.ca/directory/web-design-marketing-services,yes,CBRB directory public listing
Essential™ Digital Agency,+15066060636,Web Design / Marketing Services,Digital Marketing Agency New Brunswick,,https://essentialagency.ca/,https://www.thecbrb.ca/directory/web-design-marketing-services/cbrb-best-businesses-in-canada-2024-essential-digital-agency,https://www.thecbrb.ca/directory/web-design-marketing-services,yes,CBRB directory public listing
FinePrint & Signs,+16045031117,Web Design / Marketing Services,"Sign shop Surrey, BC",,,https://www.thecbrb.ca/directory/web-design-marketing-services/best-businesses-in-canada-2021-fineprint-signs,https://www.thecbrb.ca/directory/web-design-marketing-services,yes,CBRB directory public listing
Go West Design Group,+12503835300,Web Design / Marketing Services,"Marketing consultant Victoria, BC",,,https://www.thecbrb.ca/directory/web-design-marketing-services/best-businesses-in-canada-2021-go-west-design-group,https://www.thecbrb.ca/directory/web-design-marketing-services,yes,CBRB directory public listing
Global Trends,+14382232469,Web Design / Marketing Services,"Digital Marketing Agency Montreal, QC",,https://globaltrends.ca,https://www.thecbrb.ca/directory/web-design-marketing-services/cbrb-best-businesses-in-canada-2022-global-trends,https://www.thecbrb.ca/directory/web-design-marketing-services,yes,CBRB directory public listing
HeyTony Advertising,+16474686659,Web Design / Marketing Services,"Digital Marketing Agency Hamilton, ON",,,https://www.thecbrb.ca/directory/web-design-marketing-services/cbrb-best-businesses-in-canada-2023-heytony-advertising,https://www.thecbrb.ca/directory/web-design-marketing-services,yes,CBRB directory public listing
House Of Socials,+18887645295,Web Design / Marketing Services,"Marketing Agency Montreal, QC",,,https://www.thecbrb.ca/directory/web-design-marketing-services/cbrb-best-businesses-in-canada-2022-house-of-socials,https://www.thecbrb.ca/directory/web-design-marketing-services,yes,CBRB directory public listing
I Love To Do Websites,+16047267702,Web Design / Marketing Services,"Website designer Maple Ridge, BC",,https://ilovetodowebsites.com/,https://www.thecbrb.ca/directory/web-design-marketing-services/best-businesses-in-canada-2021-i-love-to-do-websites,https://www.thecbrb.ca/directory/web-design-marketing-services,yes,CBRB directory public listing
iSIGMA Solutions,+19054482900,Web Design / Marketing Services,"Internet marketing service Mississauga, ON",,,https://www.thecbrb.ca/directory/web-design-marketing-services/best-businesses-in-canada-2021-isigma-solutions,https://www.thecbrb.ca/directory/web-design-marketing-services,yes,CBRB directory public listing
J Baker Media,+14167085251,Web Design / Marketing Services,"Digital Marketing Agency Vaughan, ON",,,https://www.thecbrb.ca/directory/web-design-marketing-services/cbrb-best-businesses-in-canada-2024-j-baker-media,https://www.thecbrb.ca/directory/web-design-marketing-services,yes,CBRB directory public listing
Maguire Marketing Group,+16476227504,Web Design / Marketing Services,"Marketing agency Toronto, ON",,,https://www.thecbrb.ca/directory/web-design-marketing-services/best-businesses-in-canada-2021-maguire-marketing-group,https://www.thecbrb.ca/directory/web-design-marketing-services,yes,CBRB directory public listing
Marketing On Purpose,+15069771248,Web Design / Marketing Services,Marketing Coach Canada,,,https://www.thecbrb.ca/directory/web-design-marketing-services/best-businesses-in-canada-2022-marketing-on-purpose,https://www.thecbrb.ca/directory/web-design-marketing-services,yes,CBRB directory public listing
Maximum Media & PR,+14165627732,Web Design / Marketing Services,"Advertising Agency Brampton, ON",,,https://www.thecbrb.ca/directory/web-design-marketing-services/cbrb-best-businesses-in-canada-2023-maximum-media-pr,https://www.thecbrb.ca/directory/web-design-marketing-services,yes,CBRB directory public listing
MED!A96,+16136862276,Web Design / Marketing Services,"Printing & Direct Door to Door Distribution Ottawa, ON",,https://www.media96.ca/,https://www.thecbrb.ca/directory/web-design-marketing-services/cbrb-best-businesses-in-canada-2023-meda96,https://www.thecbrb.ca/directory/web-design-marketing-services,yes,CBRB directory public listing
OptiBrand Rx,+14388846279,Web Design / Marketing Services,"Marketing consultant Montreal, QC",,,https://www.thecbrb.ca/directory/web-design-marketing-services/best-businesses-in-canada-2021-optibrand-rx,https://www.thecbrb.ca/directory/web-design-marketing-services,yes,CBRB directory public listing
OptiRank SEO Agency Vancouver,+17788613740,Web Design / Marketing Services,"Internet Marketing Service Vancouver, BC",,,https://www.thecbrb.ca/directory/web-design-marketing-services/cbrb-best-businesses-in-canada-optirank-seo-agency-vancouver,https://www.thecbrb.ca/directory/web-design-marketing-services,yes,CBRB directory public listing
Proimage Graphix Inc,+12262420488,Web Design / Marketing Services,"Print and Digital Solutions Elmira , ON",,,https://www.thecbrb.ca/directory/web-design-marketing-services/cbrb-best-businesses-in-canada-proimage-graphix-inc,https://www.thecbrb.ca/directory/web-design-marketing-services,yes,CBRB directory public listing
Promo Guyz,+14372461555,Web Design / Marketing Services,"Promotional Products Supplier Mississauga, ON",,,https://www.thecbrb.ca/directory/web-design-marketing-services/cbrb-best-businesses-in-canada-promo-guyz,https://www.thecbrb.ca/directory/web-design-marketing-services,yes,CBRB directory public listing
R5 Designs,+19054922589,Web Design / Marketing Services,,"Custom T-shirt store in Pickering, Ontario",,https://www.thecbrb.ca/directory/web-design-marketing-services/best-businesses-in-canada-2022-r5-designs,https://www.thecbrb.ca/directory/web-design-marketing-services,yes,CBRB directory public listing
Refine Digital Media,+15199133101,Web Design / Marketing Services,"Graphic & Web Design Agency London, ON",,,https://www.thecbrb.ca/directory/web-design-marketing-services/best-businesses-in-canada-2021-refine-digital-media,https://www.thecbrb.ca/directory/web-design-marketing-services,yes,CBRB directory public listing
ROUTE 611 INC,+16478086914,Web Design / Marketing Services,"Promotional Marketing Bolton, ON",,,https://www.thecbrb.ca/directory/web-design-marketing-services/cbrb-best-businesses-in-canada-2024-route-611-inc,https://www.thecbrb.ca/directory/web-design-marketing-services,yes,CBRB directory public listing
Schif And The City,+17804232114,Web Design / Marketing Services,"Marketing Agency Edmonton, AB",,,https://www.thecbrb.ca/directory/web-design-marketing-services/cbrb-best-businesses-in-canada-2024-schif-and-the-city,https://www.thecbrb.ca/directory/web-design-marketing-services,yes,CBRB directory public listing
Sign Design & Graphics Ltd.,+19056689000,Web Design / Marketing Services,"Commercial printer Whitby, ON",,,https://www.thecbrb.ca/directory/web-design-marketing-services/best-businesses-in-canada-2021-sign-design-graphics-ltd,https://www.thecbrb.ca/directory/web-design-marketing-services,yes,CBRB directory public listing
Starling Social,+12049180670,Web Design / Marketing Services,"Digital Marketing Agency Winnipeg , MB",,,https://www.thecbrb.ca/directory/web-design-marketing-services/best-businesses-in-canada-2021-starling-social,https://www.thecbrb.ca/directory/web-design-marketing-services,yes,CBRB directory public listing
STELLA GRAPHIX INC.,+16472069964,Web Design / Marketing Services,"Website designer Newmarket, ON",,,https://www.thecbrb.ca/directory/web-design-marketing-services/best-businesses-in-canada-2021-stella-graphix-inc,https://www.thecbrb.ca/directory/web-design-marketing-services,yes,CBRB directory public listing
Stormy Marketing Inc.,+13062611179,Web Design / Marketing Services,"Promotional products supplier Saskatoon, SK",,,https://www.thecbrb.ca/directory/web-design-marketing-services/best-businesses-in-canada-2022-stormy-marketing-inc,https://www.thecbrb.ca/directory/web-design-marketing-services,yes,CBRB directory public listing
TEKBURG,+14168305007,Web Design / Marketing Services,"Photocopiers Supplier Vaughan, ON",,,https://www.thecbrb.ca/directory/web-design-marketing-services/cbrb-best-businesses-in-canada-2023-tekburg,https://www.thecbrb.ca/directory/web-design-marketing-services,yes,CBRB directory public listing
"The Edge, A Leaders' Magazine",+14167731077,Web Design / Marketing Services,"Magazine Toronto, ON",,,https://www.thecbrb.ca/directory/web-design-marketing-services/best-businesses-in-canada-2021-the-edge-a-leaders-magazine,https://www.thecbrb.ca/directory/web-design-marketing-services,yes,CBRB directory public listing
Tigris Events Inc,+14162839119,Web Design / Marketing Services,"Marketing agency Toronto, ON",,,https://www.thecbrb.ca/directory/web-design-marketing-services/best-businesses-in-canada-2022-tigris-events,https://www.thecbrb.ca/directory/web-design-marketing-services,yes,CBRB directory public listing
Toronto Digital Marketing Inc,+16479967389,Web Design / Marketing Services,"Marketing agency Toronto , ON",,,https://www.thecbrb.ca/directory/web-design-marketing-services/best-businesses-in-canada-2021-toronto-digital-marketing-inc,https://www.thecbrb.ca/directory/web-design-marketing-services,yes,CBRB directory public listing
Trilogy Solutions Ltd.,+16049100416,Web Design / Marketing Services,Digital marketing firm British Columbia,,,https://www.thecbrb.ca/directory/web-design-marketing-services/best-businesses-in-canada-2022-trilogy-solutions-ltd,https://www.thecbrb.ca/directory/web-design-marketing-services,yes,CBRB directory public listing
True-E Marketing,+14168780880,Web Design / Marketing Services,"Internet marketing service Markham, ON",,,https://www.thecbrb.ca/directory/web-design-marketing-services/best-businesses-in-canada-2022-true-e-marketing,https://www.thecbrb.ca/directory/web-design-marketing-services,yes,CBRB directory public listing
Umbrella Legal Marketing,+14163564672,Web Design / Marketing Services,"Legal Marketing Toronto, ON",,,https://www.thecbrb.ca/directory/web-design-marketing-services/cbrb-best-businesses-in-canada-2023-umbrella-legal-marketing,https://www.thecbrb.ca/directory/web-design-marketing-services,yes,CBRB directory public listing
Webonology Inc.,+16474949256,Web Design / Marketing Services,"Website Designer Toronto, ON",,,https://www.thecbrb.ca/directory/web-design-marketing-services/cbrb-best-businesses-in-canada-2023-webonology-inc,https://www.thecbrb.ca/directory/web-design-marketing-services,yes,CBRB directory public listing
Webmax SEO,+18004781030,Web Design / Marketing Services,"Website & SEO Providers Vancouver Island, BC",,https://webmaxseo.com/,https://www.thecbrb.ca/directory/web-design-marketing-services/best-businesses-in-canada-2021-webmax-seo,https://www.thecbrb.ca/directory/web-design-marketing-services,yes,CBRB directory public listing
WebOrka Inc.,+18559326752,Web Design / Marketing Services,,"Printing & Embroidery Services Montreal, Quebec",https://www.orkapromo.ca/,https://www.thecbrb.ca/directory/web-design-marketing-services/cbrb-best-businesses-in-canada-2023-weborka-inc,https://www.thecbrb.ca/directory/web-design-marketing-services,yes,CBRB directory public listing
Yellow House Events,+14166862550,Web Design / Marketing Services,"Event Management Company Toronto ,ON",,,https://www.thecbrb.ca/directory/web-design-marketing-services/best-businesses-in-canada-2022-yellow-house-events,https://www.thecbrb.ca/directory/web-design-marketing-services,yes,CBRB directory public listing
Bands,,Wedding,,,,https://www.thecbrb.ca/directory/wedding/bands,https://www.thecbrb.ca/directory/wedding,no,CBRB directory public listing
Bridal shops,,Wedding,Caterers,,,https://www.thecbrb.ca/directory/wedding/bridal-shops,https://www.thecbrb.ca/directory/wedding,no,CBRB directory public listing
Decor Services,,Wedding,DJ Services,,,https://www.thecbrb.ca/directory/wedding/decor-services,https://www.thecbrb.ca/directory/wedding,no,CBRB directory public listing
Officiating Services,,Wedding,"Recommended Resources: Canadian Business Grants <a class=""XqQF9c"" href=""http",,https://www.canada.ca/en/services/business/grants.html,https://www.thecbrb.ca/directory/wedding/officiating-services,https://www.thecbrb.ca/directory/wedding,no,CBRB directory public listing
Gorgeous Hair Wigs Inc.,+16135136291,Wig Stores,,"Online Wig Store Carleton Place, Ontario",,https://www.thecbrb.ca/directory/wig-stores/cbrb-best-businesses-in-canada-gorgeous-hair-wigs-inc,https://www.thecbrb.ca/directory/wig-stores,no,CBRB directory public listing
GTA Direct Windows & Doors,+16479664898,Windows & Doors Contractors,"Windows & Doors Installation Services Toronto, ON",,,https://www.thecbrb.ca/directory/windows-and-doors/cbrb-best-businesses-in-canada-gta-direct-windows-doors,https://www.thecbrb.ca/directory/windows-and-doors,yes,CBRB directory public listing
Linton Window & Door,+15196239963,Windows & Doors Contractors,"Window and Door Supplier & Installation Cambridge/Shakespeare, ON",,,https://www.thecbrb.ca/directory/windows-and-doors/cbrb-best-businesses-in-canada-linton-window-door,https://www.thecbrb.ca/directory/windows-and-doors,yes,CBRB directory public listing
Portes et Fenêtres Factory Direct Montréal Windows & Doors,+15143870001,Windows & Doors Contractors,"Fournisseur et installateur de portes et fenêtres Montreal, QC",,,https://www.thecbrb.ca/directory/windows-and-doors/cbrb-best-businesses-in-canada-portes-et-fenêtres-factory-direct-montréal,https://www.thecbrb.ca/directory/windows-and-doors,yes,CBRB directory public listing
A&G Windows and Doors,+19056736060,Windows & Doors Contractors,,"Windows & Doors Contractors Mississauga, Ontario",,https://www.thecbrb.ca/directory/windows-and-doors/cbrb-best-businesses-in-canada-2023-ag-windows-and-doors,https://www.thecbrb.ca/directory/windows-and-doors,yes,CBRB directory public listing
Comfort Windows & Doors,+14168001365,Windows & Doors Contractors,"Window installation service Markham, ON",,,https://www.thecbrb.ca/directory/windows-and-doors/best-businesses-in-canada-2021-comfort-windows-doors,https://www.thecbrb.ca/directory/windows-and-doors,yes,CBRB directory public listing
Dundas Specialty Windows & Doors,+14165344593,Windows & Doors Contractors,Supply & Installation of Windows & Doors Toronto. ON,,,https://www.thecbrb.ca/directory/windows-and-doors/cbrb-best-businesses-in-canada-2023-dundas-specialty-windows-doors,https://www.thecbrb.ca/directory/windows-and-doors,yes,CBRB directory public listing
Eco Choice Windows & Doors,+14166909992,Windows & Doors Contractors,Window & Doors Contractor Vaughan. ON,,,https://www.thecbrb.ca/directory/windows-and-doors/best-businesses-in-canada-2021-eco-choice-windows-doors,https://www.thecbrb.ca/directory/windows-and-doors,yes,CBRB directory public listing
Fortress Windows & Doors Inc.,+14162915795,Windows & Doors Contractors,"Window installation service Toronto, ON",,,https://www.thecbrb.ca/directory/windows-and-doors/best-businesses-in-canada-2021-fortress-windows-doors-inc,https://www.thecbrb.ca/directory/windows-and-doors,yes,CBRB directory public listing
GTA Glass,+14169003442,Windows & Doors Contractors,,"Window and Door Glass Repair and Replacement Services Concord, Ontario",http://gtaglass.ca,https://www.thecbrb.ca/directory/windows-and-doors/cbrb-best-businesses-in-canada-2022-gta-glass-11119559-canada-inc,https://www.thecbrb.ca/directory/windows-and-doors,yes,CBRB directory public listing
HTR Windows and Doors,+16474078101,Windows & Doors Contractors,"Window and Door Sales and Installation Vaughan, ON",,,https://www.thecbrb.ca/directory/windows-and-doors/best-businesses-in-canada-2021-htr-windows-and-doors,https://www.thecbrb.ca/directory/windows-and-doors,yes,CBRB directory public listing
JJ Windows Covering,+17803409182,Windows & Doors Contractors,"Blinds Shop Edmonton, AB",,,https://www.thecbrb.ca/directory/windows-and-doors/cbrb-best-businesses-in-canada-2022-jj-windows-covering,https://www.thecbrb.ca/directory/windows-and-doors,yes,CBRB directory public listing
Luma Doors + Windows,+19053030560,Windows & Doors Contractors,"Doors and Windows Supplier/Installation Maple, ON",,,https://www.thecbrb.ca/directory/windows-and-doors/best-businesses-in-canada-2021-luma-doors-windows,https://www.thecbrb.ca/directory/windows-and-doors,yes,CBRB directory public listing
Portes et Fenêtres SK3,+18733536403,Windows & Doors Contractors,,"Supply & Installation of Windows & Doors Val-des-Monts, Quebec",,https://www.thecbrb.ca/directory/windows-and-doors/cbrb-best-businesses-in-canada-2023-portes-et-fenêtres-sk3,https://www.thecbrb.ca/directory/windows-and-doors,yes,CBRB directory public listing
PRO-FIT Window & Door,+17053523535,Windows & Doors Contractors,"Supply & Installation of Windows & Doors Wasaga Beach, ON",,,https://www.thecbrb.ca/directory/windows-and-doors/cbrb-best-businesses-in-canada-2024-pro-fit-window-door,https://www.thecbrb.ca/directory/windows-and-doors,yes,CBRB directory public listing
Urban Window & Doors,+17056735285,Windows & Doors Contractors,"Sales and installations of Windows & Doors Sudbury, ON",,,https://www.thecbrb.ca/directory/windows-and-doors/cbrb-best-businesses-in-canada-2024-urban-window-doors,https://www.thecbrb.ca/directory/windows-and-doors,yes,CBRB directory public listing
Wiebe Windows & More,+13062273656,Windows & Doors Contractors,"Window & Door Supplier & Installation Saskatoon, SK",,,https://www.thecbrb.ca/directory/windows-and-doors/cbrb-best-businesses-in-canada-wiebe-windows-more,https://www.thecbrb.ca/directory/windows-and-doors,yes,CBRB directory public listing
Western Wall Windows & Glazing Inc.,+16479618637,Windows & Doors Contractors,"Window/Door Repair & Installation Brampton , ON",,,https://www.thecbrb.ca/directory/windows-and-doors/cbrb-best-businesses-in-canada-2022-western-wall-windows-glazing-inc,https://www.thecbrb.ca/directory/windows-and-doors,yes,CBRB directory public listing
Wolf Creek Window And Door Solutions Ltd,+12503008430,Windows & Doors Contractors,"Window installation service West Kelowna, BC",,,https://www.thecbrb.ca/directory/windows-and-doors/best-businesses-in-canada-2022-wolf-creek-window-and-door-solutions-ltd,https://www.thecbrb.ca/directory/windows-and-doors,yes,CBRB directory public listing
SRS Windows and Doors,+18076270055,Windows & Doors Contractors,"Windows & Doors Contractors Thunder Bay , ON",,,https://www.thecbrb.ca/directory/windows-and-doors/best-businesses-in-canada-2021-srs-windows-doors,https://www.thecbrb.ca/directory/windows-and-doors,yes,CBRB directory public listing
Thermos Maximum,+18199234700,Windows & Doors Contractors,"Window installation service Gatineau, QC",,,https://www.thecbrb.ca/directory/windows-and-doors/best-businesses-in-canada-2022-thermos-maximum,https://www.thecbrb.ca/directory/windows-and-doors,yes,CBRB directory public listing
Van Isle Windows Ltd.,+12503837128,Windows & Doors Contractors,"Window and Patio Door Manufacturer/Installer Victoria, BC",,,https://www.thecbrb.ca/directory/windows-and-doors/best-businesses-in-canada-2022-van-isle-windows-ltd,https://www.thecbrb.ca/directory/windows-and-doors,yes,CBRB directory public listing
Zavtech Doors and Security Ltd.,+15193779913,Windows & Doors Contractors,,"Door Supplier in Owen Sound, Ontario",,https://www.thecbrb.ca/directory/windows-and-doors/cbrb-best-businesses-in-canada-2023-zavtech-doors-and-security-ltd,https://www.thecbrb.ca/directory/windows-and-doors,yes,CBRB directory public listing
